time,slave_id,packet_loss_probability,actual_loss_rate,information_age,predecessor_state_time,predecessor_position,slave_position,predecessor_velocity,slave_velocity,actual_distance,desired_distance,distance_error,velocity_error,acceleration,total_packets,received_packets,lost_packets
0.1,1,0.2,0.0,0.0,0.1,2.0,-22.99,20.0,20.1,27.0,25.0,2.0,0.0,1.0,1,1,0
0.2,1,0.2,0.5,0.1,0.1,2.0,-20.98135,20.0,20.0865,24.99,25.1,-0.11000000000000298,-0.10000000000000142,-0.13500000000000262,2,1,1
0.30000000000000004,1,0.2,0.3333333333333333,0.0,0.30000000000000004,6.0,-18.96391775,20.0,20.174322500000002,26.98135,25.0865,1.8948499999999981,-0.08650000000000091,0.8782249999999984,3,2,1
0.4,1,0.2,0.25,0.0,0.4,8.0,-16.93893210375,20.0,20.249856462500002,26.96391775,25.174322500000002,1.7895952499999979,-0.17432250000000238,0.7553396249999971,4,3,1
0.5,1,0.2,0.2,0.0,0.5,10.0,-14.907499930993747,20.0,20.3143217275625,26.93893210375,25.249856462500002,1.689075641249996,-0.24985646250000215,0.6446526506249963,5,4,1
0.6,1,0.2,0.16666666666666666,0.0,0.6,12.0,-12.870616441040841,20.0,20.368834899529062,26.907499930993747,25.3143217275625,1.593178203431247,-0.31432172756250054,0.545131719665623,6,5,1
0.7,1,0.2,0.14285714285714285,0.0,0.7,14.0,-10.829174722576608,20.0,20.414417184642325,26.87061644104084,25.368834899529062,1.5017815415117788,-0.36883489952906245,0.45582285113263943,7,6,1
0.7999999999999999,1,0.2,0.125,0.0,0.7999999999999999,16.0,-8.783974553899842,20.0,20.45200168676765,26.82917472257661,25.414417184642325,1.4147575379342854,-0.4144171846423248,0.37584502125328284,8,7,1
0.8999999999999999,1,0.2,0.1111111111111111,0.0,0.8999999999999999,18.0,-6.735730534381557,20.0,20.48244019518285,26.783974553899842,25.45200168676765,1.3319728671321904,-0.45200168676765173,0.3043850841519738,9,8,1
0.9999999999999999,1,0.2,0.1,0.0,0.9999999999999999,20.0,-4.685079584728742,20.0,20.506509496528157,26.735730534381556,25.48244019518285,1.2532903391987062,-0.48244019518284986,0.2406930134530732,10,9,1
1.0999999999999999,1,0.2,0.09090909090909091,0.0,1.0999999999999999,22.0,-2.6325878606071482,20.0,20.524917241215935,26.68507958472874,25.506509496528157,1.1785700882005834,-0.5065094965281567,0.18407744687776634,11,10,1
1.2,1,0.2,0.08333333333333333,0.0,1.2,24.0,-0.578757121318326,20.0,20.53830739288822,26.63258786060715,25.524917241215935,1.1076706193912145,-0.5249172412159346,0.1339015167228595,12,11,1
1.3,1,0.2,0.15384615384615385,0.10000000000000009,1.2,24.0,1.465969407469541,20.0,20.44726528787867,24.578757121318326,25.53830739288822,-0.9595502715698956,-0.5383073928882212,-0.9104210500955248,13,11,2
1.4000000000000001,1,0.2,0.21428571428571427,0.20000000000000018,1.2,24.0,3.4925516404776378,20.0,20.265822330080965,22.53403059253046,25.44726528787867,-2.9132346953482084,-0.44726528787866826,-1.8144295779770387,14,11,3
1.5000000000000002,1,0.2,0.26666666666666666,0.30000000000000027,1.2,24.0,5.493215424992293,20.0,20.006637845146557,20.507448359522364,25.265822330080965,-4.758373970558601,-0.26582233008096523,-2.591844849344073,15,11,4
1.6000000000000003,1,0.2,0.25,0.0,1.6000000000000003,32.0,7.501326840395082,20.0,20.08111415402789,26.506784575007707,25.006637845146557,1.5001467298611502,-0.006637845146556742,0.7447630888133296,16,12,4
1.7000000000000004,1,0.2,0.23529411764705882,0.0,1.7000000000000004,34.0,9.515877137593533,20.0,20.14550297198451,26.49867315960492,25.08111415402789,1.4175590055770293,-0.08111415402789035,0.6438881795662024,17,13,4
1.8000000000000005,1,0.2,0.2222222222222222,0.0,1.8000000000000005,36.0,11.535956510468218,20.0,20.200793728746845,26.484122862406466,25.14550297198451,1.3386198904219562,-0.14550297198450934,0.5529075676233706,18,14,4
1.9000000000000006,1,0.2,0.21052631578947367,0.0,1.9000000000000006,38.0,13.560745782316852,20.0,20.247892718486344,26.464043489531782,25.200793728746845,1.2632497607849373,-0.2007937287468451,0.4709898973949926,19,15,4
2.0000000000000004,1,0.2,0.2,0.0,2.0000000000000004,40.0,15.58950871991358,20.0,20.287629375967278,26.43925421768315,25.247892718486344,1.1913614991968053,-0.24789271848634442,0.39736657480932713,20,16,4
2.1000000000000005,1,0.2,0.19047619047619047,0.0,2.1000000000000005,42.0,17.621584932023165,20.0,20.320762121095854,26.41049128008642,25.287629375967278,1.1228619041191408,-0.28762937596727767,0.33132745128574825,21,17,4
2.2000000000000006,1,0.2,0.18181818181818182,0.0,2.2000000000000006,44.0,19.656383311898388,20.0,20.347983798752235,26.378415067976835,25.320762121095854,1.0576529468809817,-0.32076212109585356,0.272216776563808,22,18,4
2.3000000000000007,1,0.2,0.17391304347826086,0.0,2.3000000000000007,46.0,21.69337598583034,20.0,20.369926739319524,26.343616688101612,25.347983798752235,0.9956328893493769,-0.3479837987522352,0.2194294056729003,23,19,4
2.400000000000001,1,0.2,0.16666666666666666,0.0,2.400000000000001,48.0,23.732092732221986,20.0,20.38716746391647,26.30662401416966,25.369926739319524,0.9366972748501361,-0.36992673931952424,0.17240724596944862,24,20,4
2.500000000000001,1,0.2,0.2,0.10000000000000009,2.400000000000001,48.0,25.76211583792161,20.0,20.30023105699623,24.267907267778014,25.38716746391647,-1.1192601961384554,-0.3871674639164695,-0.8693640692024034,25,20,5
2.600000000000001,1,0.2,0.19230769230769232,0.0,2.600000000000001,52.0,27.794425360690674,20.0,20.323095227690636,26.23788416207839,25.30023105699623,0.9376531050821626,-0.3002310569962283,0.22864170694409863,26,21,5
2.700000000000001,1,0.2,0.18518518518518517,0.0,2.700000000000001,54.0,29.828562518696305,20.0,20.34137158005632,26.205574639309326,25.323095227690636,0.8824794116186894,-0.3230952276906365,0.1827635236568355,27,22,5
2.800000000000001,1,0.2,0.17857142857142858,0.0,2.800000000000001,56.0,31.864119033567725,20.0,20.355565148714184,26.171437481303695,25.34137158005632,0.830065901247373,-0.34137158005632173,0.1419356865786291,28,23,5
2.9000000000000012,1,0.2,0.1724137931034483,0.0,2.9000000000000012,58.0,33.90073260633802,20.0,20.366135727702954,26.135880966432275,25.355565148714184,0.7803158177180904,-0.35556514871418443,0.10570578988769769,29,24,5
3.0000000000000013,1,0.2,0.16666666666666666,0.0,3.0000000000000013,60.0,35.938082751616484,20.0,20.37350145278467,26.099267393661982,25.366135727702954,0.7331316659590286,-0.3661357277029538,0.07365725081715124,30,25,5
3.1000000000000014,1,0.2,0.16129032258064516,0.0,3.1000000000000014,62.0,37.97588696425067,20.0,20.37804212634184,26.061917248383516,25.37350145278467,0.6884157955988464,-0.3735014527846694,0.04540673557168767,31,26,5
3.2000000000000015,1,0.2,0.15625,0.0,3.2000000000000015,64.0,40.013897194421155,20.0,20.380102301704866,26.02411303574933,25.37804212634184,0.6460709094074915,-0.378042126341839,0.0206017536302745,32,27,5
3.3000000000000016,1,0.2,0.15151515151515152,0.0,3.3000000000000016,66.0,42.05189660869737,20.0,20.379994142762175,25.986102805578845,25.380102301704866,0.6060005038739789,-0.38010230170486636,-0.001081589426903673,33,28,5
3.4000000000000017,1,0.2,0.14705882352941177,0.0,3.4000000000000017,68.0,44.08969661607419,20.0,20.378000073768224,25.94810339130263,25.379994142762175,0.5681092485404555,-0.37999414276217536,-0.019940689939512535,34,29,5
3.5000000000000018,1,0.2,0.17142857142857143,0.10000000000000009,3.4000000000000017,68.0,46.117134139411654,20.0,20.274375233374645,23.910303383925807,25.378000073768224,-1.4676966898424162,-0.37800007376822364,-1.036248403935787,35,29,6
3.600000000000002,1,0.2,0.16666666666666666,0.0,3.600000000000002,72.0,48.14541911401819,20.0,20.28284974606536,25.882865860588346,25.274375233374645,0.6084906272137012,-0.274375233374645,0.0847451269071346,36,30,6
3.700000000000002,1,0.2,0.16216216216216217,0.0,3.700000000000002,74.0,50.17429994635579,20.0,20.288808323375953,25.85458088598181,25.28284974606536,0.5717311399164515,-0.2828497460653594,0.05958577310593824,37,31,6
3.800000000000002,1,0.2,0.15789473684210525,0.0,3.800000000000002,76.0,52.20355477075772,20.0,20.29254824401929,25.825700053644212,25.288808323375953,0.536891730268259,-0.2888083233759531,0.03739920643336703,38,32,6
3.900000000000002,1,0.2,0.1794871794871795,0.10000000000000009,3.800000000000002,76.0,54.22298869413361,20.0,20.194339233758896,23.79644522924228,25.29254824401929,-1.4961030147770096,-0.29254824401929014,-0.9820901026039369,39,32,7
4.000000000000002,1,0.2,0.175,0.0,4.000000000000002,80.0,56.24378126399997,20.0,20.20792569866356,25.777011305866388,25.194339233758896,0.5826720721074921,-0.19433923375889606,0.13586464904662918,40,33,7
4.100000000000001,1,0.2,0.1951219512195122,0.09999999999999964,4.000000000000002,80.0,58.2556518934637,20.0,20.1187062946373,23.75621873600003,25.20792569866356,-1.451706962663529,-0.20792569866355848,-0.8921940402626113,41,33,8
4.200000000000001,1,0.2,0.19047619047619047,0.0,4.200000000000001,84.0,60.269701081629826,20.0,20.140491881661266,25.7443481065363,25.1187062946373,0.6256418118990013,-0.11870629463729898,0.21785587023966144,42,34,8
4.300000000000001,1,0.2,0.20930232558139536,0.09999999999999964,4.200000000000001,84.0,62.27557536992621,20.0,20.05874288296381,23.730298918370174,25.140491881661266,-1.4101929632910917,-0.1404918816612657,-0.8174899869745584,43,34,9
4.4,1,0.2,0.22727272727272727,0.1999999999999993,4.200000000000001,84.0,64.26430812389442,20.0,19.887327539682204,21.72442463007379,25.05874288296381,-3.334318252890018,-0.05874288296380925,-1.7141534328160564,44,34,10
4.5,1,0.2,0.24444444444444444,0.29999999999999893,4.200000000000001,84.0,66.2281840792273,20.0,19.638759553328796,19.735691876105577,24.887327539682204,-5.151635663576627,0.11267246031779621,-2.4856798635340764,45,34,11
4.6,1,0.2,0.2608695652173913,0.3999999999999986,4.200000000000001,84.0,68.16061523997077,20.0,19.324311607434687,17.771815920772696,24.638759553328796,-6.866943632556101,0.3612404466712036,-3.1444794589410874,46,34,12
4.699999999999999,1,0.2,0.2765957446808511,0.4999999999999982,4.200000000000001,84.0,70.05602727361773,20.0,18.95412033646964,15.839384760029233,24.324311607434687,-8.484926847405454,0.6756883925653128,-3.7019127096504767,47,34,13
4.799999999999999,1,0.2,0.2708333333333333,0.0,4.799999999999999,96.0,71.9697556065225,20.0,19.1372833290477,25.94397272638227,23.95412033646964,1.989852389912631,1.0458796635303607,1.8316299257806041,48,35,13
4.899999999999999,1,0.2,0.2653061224489796,0.0,4.899999999999999,98.0,73.89985047811703,20.0,19.300948715945374,26.030244393477503,24.1372833290477,1.8929610644298016,0.8627166709522989,1.6366538689767398,49,36,13
4.999999999999998,1,0.2,0.26,0.0,4.999999999999998,100.0,75.84453376401369,20.0,19.446832858966623,26.10014952188297,24.300948715945374,1.7992008059375948,0.6990512840546259,1.4588414302124981,50,37,13
5.099999999999998,1,0.2,0.2549019607843137,0.0,5.099999999999998,102.0,77.80218555392372,20.0,19.576517899100278,26.15546623598631,24.446832858966623,1.7086333770196873,0.5531671410333772,1.2968504013365454,51,38,13
5.1999999999999975,1,0.2,0.25,0.0,5.1999999999999975,104.0,79.77133168337582,20.0,19.691461294521055,26.19781444607628,24.576517899100278,1.6212965469760015,0.42348210089972227,1.1494339542077785,52,39,13
5.299999999999997,1,0.2,0.24528301886792453,0.0,5.299999999999997,106.0,81.75063215758227,20.0,19.793004742064525,26.22866831662418,24.691461294521055,1.537207022103125,0.308538705478945,1.0154344754347187,53,40,13
5.399999999999997,1,0.2,0.24074074074074073,0.0,5.399999999999997,108.0,83.73887040935398,20.0,19.882382517717023,26.249367842417726,24.793004742064525,1.456363100353201,0.2069952579354748,0.8937777565249803,54,41,13
5.4999999999999964,1,0.2,0.23636363636363636,0.0,5.4999999999999964,110.0,85.73494333634859,20.0,19.96072926994611,26.26112959064602,24.882382517717023,1.3787470729289986,0.11761748228297719,0.783467522290881,55,42,13
5.599999999999996,1,0.2,0.23214285714285715,0.0,5.599999999999996,112.0,87.73785206615216,20.0,20.029087298035687,26.265056663651407,24.96072926994611,1.3043273937052966,0.03927073005388948,0.6835802808957598,56,43,13
5.699999999999996,1,0.2,0.22807017543859648,0.0,5.699999999999996,114.0,89.7466934007505,20.0,20.08841334598344,26.262147933847842,25.029087298035687,1.233060635812155,-0.029087298035687326,0.5932604794775276,57,44,13
5.799999999999995,1,0.2,0.22413793103448276,0.0,5.799999999999995,116.0,91.76065189484731,20.0,20.139584940968067,26.2533065992495,25.08841334598344,1.164893253266058,-0.0884133459834402,0.5117159498462769,58,45,13
5.899999999999995,1,0.2,0.23728813559322035,0.09999999999999964,5.799999999999995,116.0,93.7689925252373,20.0,20.083406303899853,24.239348105152686,25.139584940968067,-0.9002368358153809,-0.13958494096806717,-0.5617863706821442,59,45,14
5.999999999999995,1,0.2,0.25,0.1999999999999993,5.799999999999995,116.0,95.7624039110504,20.0,19.934113858131006,22.231007474762706,25.083406303899853,-2.8523988291371474,-0.08340630389985293,-1.492924457688456,60,45,15
6.099999999999994,1,0.2,0.26229508196721313,0.29999999999999893,5.799999999999995,116.0,97.73285979715254,20.0,19.704558861021454,20.2375960889496,24.934113858131006,-4.696517769181405,0.06588614186899378,-2.2955499710955074,61,45,16
6.199999999999994,1,0.2,0.25806451612903225,0.0,6.199999999999994,124.0,99.71349211907565,20.0,19.806323219231036,26.267140202847457,24.704558861021454,1.5625813418260037,0.2954411389785463,1.017643582095839,62,46,16
6.299999999999994,1,0.2,0.25396825396825395,0.0,6.299999999999994,126.0,101.70307477855337,20.0,19.89582659477722,26.286507880924347,24.806323219231036,1.4801846616933112,0.1936767807689641,0.8950337554618268,63,47,16
6.399999999999993,1,0.2,0.25,0.0,6.399999999999993,128.0,103.70049631840622,20.0,19.97421539852851,26.296925221446628,24.89582659477722,1.401098626669409,0.10417340522278096,0.7838880375129292,64,48,16
6.499999999999993,1,0.2,0.24615384615384617,0.0,6.499999999999993,130.0,105.70475057648618,20.0,20.042542580799495,26.299503681593777,24.97421539852851,1.325288283065266,0.02578460147148931,0.6832718227098245,65,49,16
6.5999999999999925,1,0.2,0.25757575757575757,0.09999999999999964,6.499999999999993,130.0,107.7049280281333,20.0,20.00177451647125,24.295249423513823,25.042542580799495,-0.7472931572856716,-0.0425425807994948,-0.40768064328243164,66,49,17
6.699999999999992,1,0.2,0.2537313432835821,0.0,6.699999999999992,134.0,109.71155777092562,20.0,20.066297427923324,26.295071971866705,25.00177451647125,1.2932974553954537,-0.00177451647125082,0.6452291145207262,67,50,17
6.799999999999992,1,0.2,0.25,0.0,6.799999999999992,136.0,111.72376785830032,20.0,20.122100873747012,26.288442229074377,25.066297427923324,1.2221448011510532,-0.06629742792332394,0.5580344582368675,68,51,17
6.8999999999999915,1,0.2,0.2463768115942029,0.0,6.8999999999999915,138.0,113.74077179502481,20.0,20.170039367244886,26.27623214169968,25.122100873747012,1.1541312679526676,-0.12210087374701217,0.4793849349787241,69,52,17
6.999999999999991,1,0.2,0.24285714285714285,0.0,6.999999999999991,140.0,115.76186136099999,20.0,20.21089565975181,26.259228204975187,25.170039367244886,1.0891888377303012,-0.1700393672448861,0.4085629250692417,70,53,17
7.099999999999991,1,0.2,0.2535211267605634,0.09999999999999964,6.999999999999991,140.0,117.7763999765934,20.0,20.145386155934077,24.238138639000013,25.21089565975181,-0.9727570207517964,-0.21089565975180946,-0.6550950381773457,71,53,18
7.19999999999999,1,0.2,0.2638888888888889,0.1999999999999993,6.999999999999991,140.0,119.77516657227669,20.0,19.987665956832977,22.223600023406604,25.145386155934077,-2.9217861325274725,-0.14538615593407656,-1.5772019910109976,72,53,19
7.29999999999999,1,0.2,0.2602739726027397,0.0,7.29999999999999,146.0,121.78021767765978,20.0,20.050511053830856,26.22483342772331,24.987665956832977,1.2371674708903342,0.012334043167022912,0.6284509699787855,73,54,19
7.39999999999999,1,0.2,0.25675675675675674,0.0,7.39999999999999,148.0,123.79071105095477,20.0,20.104933732949856,26.219782322340222,25.050511053830856,1.169271268509366,-0.05051105383085641,0.5442267911899978,74,55,19
7.499999999999989,1,0.2,0.25333333333333335,0.0,7.499999999999989,150.0,125.80588673046664,20.0,20.151756795118636,26.20928894904523,25.104933732949856,1.1043552160953745,-0.1049337329498563,0.46823062168780216,75,56,19
7.599999999999989,1,0.2,0.25,0.0,7.599999999999989,152.0,127.82506013798962,20.0,20.19173407522988,26.19411326953336,25.151756795118636,1.0423564744147242,-0.1517567951186365,0.39977280111245295,76,57,19
7.699999999999989,1,0.2,0.24675324675324675,0.0,7.699999999999989,154.0,129.8476157018447,20.0,20.225555638550517,26.174939862010376,25.19173407522988,0.9832057867804949,-0.19173407522988128,0.3382156332063424,77,58,19
7.799999999999988,1,0.2,0.2564102564102564,0.09999999999999964,7.699999999999989,154.0,131.86300096388936,20.0,20.153852620446717,24.15238429815531,25.225555638550517,-1.0731713403952057,-0.2255556385505173,-0.7170301810380166,78,58,20
7.899999999999988,1,0.2,0.25316455696202533,0.0,7.899999999999988,158.0,133.88207113704877,20.0,20.190701731594174,26.136999036110637,25.153852620446717,0.9831464156639207,-0.15385262044671677,0.3684911114745869,79,59,20
7.999999999999988,1,0.2,0.25,0.0,7.999999999999988,160.0,135.90425183201222,20.0,20.221806949634495,26.11792886295123,25.190701731594174,0.927227131357057,-0.19070173159417436,0.31105218040318905,80,60,20
8.099999999999987,1,0.2,0.24691358024691357,0.0,8.099999999999987,162.0,137.92902777747037,20.0,20.2477594545814,26.09574816798778,25.221806949634495,0.8739412183532842,-0.22180694963449454,0.2595250494690464,81,61,20
8.199999999999987,1,0.2,0.25609756097560976,0.09999999999999964,8.099999999999987,162.0,139.9459377111316,20.0,20.169099336612298,24.070972222529633,25.2477594545814,-1.1767872320517654,-0.24775945458139859,-0.7866011796910015,82,61,21
8.299999999999986,1,0.2,0.25301204819277107,0.0,8.299999999999986,166.0,141.9659196648612,20.0,20.19981953729612,26.05406228886841,25.169099336612298,0.8849629522561102,-0.16909933661229815,0.3072020068382166,83,62,21
8.399999999999986,1,0.2,0.25,0.0,8.399999999999986,168.0,143.98847436628165,20.0,20.225547014204565,26.03408033513881,25.19981953729612,0.8342607978426919,-0.19981953729611845,0.2572747690844512,84,63,21
8.499999999999986,1,0.2,0.24705882352941178,0.0,8.499999999999986,170.0,146.01315458468605,20.0,20.24680218404389,26.01152563371835,25.225547014204565,0.7859786195137843,-0.22554701420456524,0.21255169839323995,85,64,21
8.599999999999985,1,0.2,0.2558139534883721,0.09999999999999964,8.499999999999986,170.0,148.02956060177445,20.0,20.164060170883882,23.98684541531395,25.24680218404389,-1.2599567687299391,-0.2468021840438901,-0.8274201316000817,86,64,22
8.699999999999985,1,0.2,0.25287356321839083,0.0,8.699999999999985,174.0,150.04868603363246,20.0,20.191254318580256,25.97043939822555,25.164060170883882,0.8063792273416688,-0.16406017088388225,0.2719414769637286,87,65,22
8.799999999999985,1,0.2,0.25,0.0,8.799999999999985,176.0,152.07008172918077,20.0,20.213956955483198,25.951313966367536,25.191254318580256,0.7600596477872799,-0.1912543185802562,0.22702636902943496,88,66,22
8.899999999999984,1,0.2,0.25842696629213485,0.09999999999999964,8.799999999999985,176.0,154.0833455756619,20.0,20.132638464811343,23.92991827081923,25.213956955483198,-1.2840386846639689,-0.21395695548319793,-0.8131849067185428,89,66,23
8.999999999999984,1,0.2,0.25555555555555554,0.0,8.999999999999984,180.0,156.09946839422219,20.0,20.161228185602774,25.916654424338105,25.132638464811343,0.7840159595267622,-0.13263846481134323,0.2858972079143065,90,67,23
9.099999999999984,1,0.2,0.25274725274725274,0.0,9.099999999999984,182.0,158.11799790439852,20.0,20.185295101763305,25.900531605777815,25.161228185602774,0.739303420175041,-0.16122818560277352,0.2406691616053017,91,68,23
9.199999999999983,1,0.2,0.25,0.0,9.199999999999983,184.0,160.13852858872994,20.0,20.20530684331415,25.88200209560148,25.185295101763305,0.6967069938381734,-0.18529510176330533,0.20011741550844242,92,69,23
9.299999999999983,1,0.2,0.25806451612903225,0.09999999999999964,9.199999999999983,184.0,162.15069764115464,20.0,20.121690524246816,23.86147141127006,25.20530684331415,-1.3438354320440915,-0.20530684331415117,-0.8361631906733666,93,69,24
9.399999999999983,1,0.2,0.2553191489361702,0.0,9.399999999999983,188.0,164.16553122855834,20.0,20.148335874037,25.849302358845364,25.121690524246816,0.7276118345985481,-0.12169052424681581,0.2664534979018214,94,70,24
9.499999999999982,1,0.2,0.25263157894736843,0.0,9.499999999999982,190.0,166.18260879345675,20.0,20.17077564898427,25.834468771441664,25.148335874037,0.686132897404665,-0.14833587403699866,0.22439774947273355,95,71,24
9.599999999999982,1,0.2,0.25,0.0,9.599999999999982,192.0,168.2015532309511,20.0,20.189444374943477,25.81739120654325,25.17077564898427,0.6466155575589774,-0.17077564898427156,0.18668725959207144,96,72,24
9.699999999999982,1,0.2,0.25773195876288657,0.09999999999999964,9.599999999999982,192.0,170.21202712541643,20.0,20.10473894465327,23.798446769048894,25.189444374943477,-1.390997605894583,-0.1894443749434771,-0.8470543029020732,97,72,25
9.799999999999981,1,0.2,0.25510204081632654,0.0,9.799999999999981,196.0,172.22507927797417,20.0,20.130521525577524,25.787972874583573,25.10473894465327,0.683233929930303,-0.1047389446532705,0.25782580924253506,98,73,25
9.89999999999998,1,0.2,0.25252525252525254,0.0,9.89999999999998,198.0,174.24030925430955,20.0,20.15229976335374,25.774920722025826,25.130521525577524,0.6443991964483011,-0.1305215255775245,0.21778237776213094,99,74,25
9.99999999999998,1,0.2,0.26,0.09999999999999964,9.89999999999998,198.0,176.24735778744977,20.0,20.070485331402274,23.75969074569045,25.15229976335374,-1.3926090176632897,-0.15229976335373863,-0.8181443195146357,100,74,26
10.09999999999998,1,0.2,0.25742574257425743,0.0,10.09999999999998,201.985,178.2559782223445,19.85,20.08620434894749,25.73764221255024,25.070485331402274,0.6671568811479673,-0.22048533140227278,0.15719017545216543,101,75,26
10.19999999999998,1,0.2,0.2549019607843137,0.0,10.19999999999998,203.955,180.26457310959123,19.700000000000003,20.085948872467092,25.699021777655503,25.08620434894749,0.6128174287080128,-0.3862043489474871,-0.0025547648039833115,102,76,26
10.29999999999998,1,0.2,0.2524271844660194,0.0,10.29999999999998,205.91000000000003,182.2716777959479,19.550000000000004,20.07104686356681,25.6454268904088,25.085948872467092,0.5594780179417072,-0.5359488724670882,-0.14902008900281705,103,77,26
10.399999999999979,1,0.2,0.25,0.0,10.399999999999979,207.85000000000002,184.27595048409847,19.400000000000006,20.042726881505732,25.578322204052114,25.07104686356681,0.5072753404853039,-0.6710468635668043,-0.2831998206107915,104,78,26
10.499999999999979,1,0.2,0.24761904761904763,0.0,10.499999999999979,209.77500000000003,186.27616297036897,19.250000000000007,20.002124862705067,25.49904951590156,25.042726881505732,0.45632263439582843,-0.7927268815057253,-0.40602018800666606,105,79,26
10.599999999999978,1,0.2,0.24528301886792453,0.0,10.599999999999978,211.68500000000003,188.27119201857246,19.10000000000001,19.950290482034962,25.40883702963106,25.002124862705067,0.4067121669259919,-0.9021248627050582,-0.5183438067010506,106,80,26
10.699999999999978,1,0.2,0.24299065420560748,0.0,10.699999999999978,213.58000000000004,190.26001133041663,18.95000000000001,19.888193118441798,25.308807981427577,24.950290482034962,0.35851749939261524,-1.000290482034952,-0.6209736359316541,107,81,26
10.799999999999978,1,0.2,0.24074074074074073,0.0,10.799999999999978,215.46000000000004,192.24168407506897,18.80000000000001,19.816727446523537,25.199988669583405,24.888193118441798,0.31179555114160706,-1.0881931184417866,-0.7146567191826257,108,82,26
10.899999999999977,1,0.2,0.23853211009174313,0.0,10.899999999999977,217.32500000000005,194.21535594254118,18.650000000000013,19.73671867472203,25.08331592493107,24.816727446523537,0.2665884784075345,-1.1667274465235238,-0.8000877180150519,109,83,26
10.999999999999977,1,0.2,0.23636363636363636,0.0,10.999999999999977,219.17500000000004,196.18024868752929,18.500000000000014,19.64892744988111,24.95964405745886,24.73671867472203,0.22292538273682894,-1.2367186747220167,-0.8779122484091989,110,84,26
11.099999999999977,1,0.2,0.23423423423423423,0.0,11.099999999999977,221.01000000000005,198.1356541322313,18.350000000000016,19.554054447020107,24.829751312470762,24.64892744988111,0.18082386258965144,-1.298927449881095,-0.9487300286100504,111,85,26
11.199999999999976,1,0.2,0.23214285714285715,0.0,11.199999999999976,222.83000000000004,200.0809285984609,18.200000000000017,19.45274466229593,24.69434586776873,24.554054447020107,0.14029142074862477,-1.35405444702009,-1.0130978472417596,112,86,26
11.299999999999976,1,0.2,0.23008849557522124,0.0,11.299999999999976,224.63500000000005,202.01548774108835,18.05000000000002,19.345591426274417,24.554071401539147,24.45274466229593,0.10132673924321622,-1.4027446622959125,-1.0715323602151219,113,87,26
11.399999999999975,1,0.2,0.22807017543859648,0.0,11.399999999999975,226.42500000000004,203.9388017564688,17.90000000000002,19.233140153804328,24.40951225891169,24.345591426274417,0.06392083263727244,-1.4455914262743974,-1.1245127247008817,114,88,26
11.499999999999975,1,0.2,0.22608695652173913,0.0,11.499999999999975,228.20000000000005,205.85039094106742,17.75000000000002,19.11589184598633,24.261198243531254,24.233140153804328,0.028058089726926028,-1.4831401538043067,-1.1724830781799824,115,89,26
11.599999999999975,1,0.2,0.22413793103448276,0.0,11.599999999999975,229.96000000000004,207.7498215769629,17.600000000000023,18.994306358954738,24.10960905893262,24.11589184598633,-0.006282787053709882,-1.5158918459863067,-1.2158548703159004,116,90,26
11.699999999999974,1,0.2,0.23076923076923078,0.09999999999999964,11.599999999999975,229.96000000000004,209.62917712230714,17.600000000000023,18.79355545344248,22.21017842303715,23.994306358954738,-1.7841279359175886,-1.394306358954715,-2.0075090551225667,117,90,27
11.799999999999974,1,0.2,0.2288135593220339,0.0,11.799999999999974,233.43500000000003,211.4966455611451,17.300000000000026,18.674684388379603,23.80582287769289,23.79355545344248,0.012267424250410386,-1.493555453442454,-1.1887106506287581,118,91,27
11.899999999999974,1,0.2,0.23529411764705882,0.09999999999999964,11.799999999999974,233.43500000000003,213.3444348751284,17.300000000000026,18.477893139833004,21.93835443885493,23.674684388379603,-1.7363299495246736,-1.3746843883795776,-1.9679124854659988,119,91,28
11.999999999999973,1,0.2,0.24166666666666667,0.1999999999999993,11.799999999999974,233.43500000000003,215.16586440391822,17.300000000000026,18.214295287898295,20.09056512487163,23.477893139833004,-3.3873280149613727,-1.1778931398329782,-2.635978519347069,120,91,29
12.099999999999973,1,0.2,0.24793388429752067,0.29999999999999893,11.799999999999974,233.43500000000003,216.9552537719458,17.300000000000026,17.89389368027561,18.26913559608181,23.214295287898295,-4.945159691816485,-0.9142952878982697,-3.2040160762268584,121,91,30
12.199999999999973,1,0.2,0.2459016393442623,0.0,12.199999999999973,240.20500000000004,218.73687125327004,16.70000000000003,17.816174813242498,23.24974622805425,22.89389368027561,0.35585254777863895,-1.193893680275579,-0.7771886703311438,122,92,30
12.299999999999972,1,0.2,0.24390243902439024,0.0,12.299999999999972,241.86000000000004,220.5098941057558,16.550000000000033,17.730228524857477,23.123128746730004,22.816174813242498,0.306953933487506,-1.2661748132424648,-0.859462883850219,123,93,30
12.399999999999972,1,0.2,0.24193548387096775,0.0,12.399999999999972,243.50000000000006,222.27357451688962,16.400000000000034,17.636804111338222,22.990105894244266,22.730228524857477,0.25987736938678907,-1.3302285248574428,-0.9342441351925597,124,94,30
12.499999999999972,1,0.2,0.24,0.0,12.499999999999972,245.12500000000006,224.0272336019916,16.250000000000036,17.536590851019778,22.851425483110432,22.636804111338222,0.21462137177221052,-1.3868041113381864,-1.002132603184444,125,95,30
12.599999999999971,1,0.2,0.23809523809523808,0.0,12.599999999999971,246.73500000000007,225.77025583802038,16.100000000000037,17.430222360287633,22.70776639800846,22.536590851019778,0.17117554698868176,-1.4365908510197407,-1.0636849073214518,126,96,30
12.69999999999997,1,0.2,0.23622047244094488,0.0,12.69999999999997,248.33000000000007,227.5020839041753,15.950000000000037,17.318280661549228,22.559744161979694,22.430222360287633,0.12952180169206073,-1.4802223602875966,-1.119416987384047,127,97,30
12.79999999999997,1,0.2,0.234375,0.0,12.79999999999997,249.91000000000008,229.2222139022092,15.800000000000036,17.20129998033907,22.40791609582479,22.318280661549228,0.08963543427556075,-1.5182806615491913,-1.1698068121015728,128,98,30
12.89999999999997,1,0.2,0.23255813953488372,0.0,12.89999999999997,251.47500000000008,230.93019093098766,15.650000000000036,17.079770287784537,22.252786097790874,22.20129998033907,0.05148611745180531,-1.5512999803390333,-1.215296925545324,129,99,30
12.99999999999997,1,0.2,0.23076923076923078,0.0,12.99999999999997,253.0250000000001,232.62560499136998,15.500000000000036,16.954140603823173,22.094809069012427,22.079770287784537,0.015038781227890041,-1.579770287784502,-1.2562968396136567,130,100,30
13.09999999999997,1,0.2,0.2366412213740458,0.09999999999999964,12.99999999999997,253.0250000000001,234.30161219894575,15.500000000000036,16.76007207575767,20.39939500863011,21.954140603823173,-1.554745595193065,-1.454140603823138,-1.940685280655043,131,100,31
13.199999999999969,1,0.2,0.23484848484848486,0.0,13.199999999999969,256.0800000000001,235.96523040854194,15.200000000000035,16.636182095961892,21.77838780105435,21.76007207575767,0.018315725296680796,-1.5600720757576347,-1.2388997979577674,132,101,31
13.299999999999969,1,0.2,0.23308270676691728,0.0,13.299999999999969,257.5850000000001,237.6160770988479,15.050000000000034,16.508466903059755,21.61976959145815,21.636182095961892,-0.016412504503740877,-1.586182095961858,-1.2771519290213569,133,102,31
13.399999999999968,1,0.2,0.23134328358208955,0.0,13.399999999999968,259.0750000000001,239.25380833391986,14.900000000000034,16.3773123507196,21.458922901152192,21.508466903059755,-0.04954400190756303,-1.6084669030597212,-1.3115455234015585,134,103,31
13.499999999999968,1,0.2,0.22962962962962963,0.0,13.499999999999968,260.5500000000001,240.87811546676286,14.750000000000034,16.243071328430066,21.29619166608026,21.3773123507196,-0.08112068463933753,-1.6273123507195653,-1.342410222895321,135,104,31
13.599999999999968,1,0.2,0.22794117647058823,0.0,13.599999999999968,262.0100000000001,242.48872209500246,14.600000000000033,16.10606628239602,21.13188453323724,21.243071328430066,-0.11118679519282537,-1.6430713284300325,-1.3700504603404386,136,105,31
13.699999999999967,1,0.2,0.22627737226277372,0.0,13.699999999999967,263.4550000000001,244.0853812510959,14.450000000000033,15.966591560934424,20.96627790499764,21.10606628239602,-0.13978837739838212,-1.6560662823959884,-1.3947472146159818,137,106,31
13.799999999999967,1,0.2,0.2246376811594203,0.0,13.799999999999967,264.8850000000001,245.6678728106417,14.300000000000033,15.824915595458162,20.79961874890421,20.966591560934425,-0.16697281203021674,-1.6665915609343909,-1.4167596547626211,138,107,31
13.899999999999967,1,0.2,0.22302158273381295,0.0,13.899999999999967,266.3000000000001,247.23600110339336,14.150000000000032,15.681282927516524,20.632127189358414,20.82491559545816,-0.1927884060997478,-1.6749155954581294,-1.4363266794163776,139,108,31
13.999999999999966,1,0.2,0.22857142857142856,0.09999999999999964,13.899999999999967,266.3000000000001,248.78379271257035,14.150000000000032,15.477916091769716,19.063998896606762,20.681282927516524,-1.6172840309097616,-1.5312829275164912,-2.033668357468074,140,108,32
14.099999999999966,1,0.2,0.23404255319148937,0.1999999999999993,13.899999999999967,266.3000000000001,250.30615244899147,14.150000000000032,15.223597364211145,17.51620728742978,20.477916091769714,-2.961708804339935,-1.3279160917696835,-2.5431872755857143,141,108,33
14.199999999999966,1,0.2,0.2323943661971831,0.0,14.199999999999966,270.4550000000001,251.8159496574329,13.700000000000031,15.09797208441413,20.14884755100863,20.223597364211145,-0.07474981320251572,-1.5235973642111134,-1.2562527979701485,142,109,33
14.299999999999965,1,0.2,0.23076923076923078,0.0,14.299999999999965,271.8100000000001,253.31284348048976,13.550000000000031,14.968938230568655,19.99405034256722,20.09797208441413,-0.10392174184691072,-1.5479720844140985,-1.2903385384547343,143,110,33
14.399999999999965,1,0.2,0.22916666666666666,0.0,14.399999999999965,273.1500000000001,254.79652688914678,13.40000000000003,14.83683408657025,19.83715651951033,19.968938230568654,-0.13178171105832348,-1.5689382305686248,-1.3210414399840618,144,111,33
14.499999999999964,1,0.2,0.22758620689655173,0.0,14.499999999999964,274.4750000000001,256.26672382023264,13.25000000000003,14.701969310858784,19.678473110853304,19.83683408657025,-0.15836097571694552,-1.586834086570219,-1.348647757114648,145,112,33
14.599999999999964,1,0.2,0.22602739726027396,0.0,14.599999999999964,275.7850000000001,257.72318653117617,13.10000000000003,14.564627109435516,19.51827617976744,19.701969310858786,-0.18369313109134566,-1.6019693108587543,-1.3734220142326763,146,113,33
14.699999999999964,1,0.2,0.22448979591836735,0.0,14.699999999999964,277.0800000000001,259.1656931570412,12.95000000000003,14.425066258650098,19.35681346882393,19.564627109435516,-0.2078136406115867,-1.614627109435487,-1.395608507854183,147,114,33
14.799999999999963,1,0.2,0.22297297297297297,0.0,14.799999999999963,278.3600000000001,260.59404545575853,12.80000000000003,14.283522987173535,19.19430684295895,19.425066258650098,-0.23075941569114633,-1.6250662586500688,-1.4154327147656283,148,115,33
14.899999999999963,1,0.2,0.2214765100671141,0.0,14.899999999999963,279.6250000000001,262.0080667283638,12.650000000000029,14.140212726053058,19.03095454424158,19.283522987173534,-0.2525684429319526,-1.6335229871735066,-1.4331026112047818,149,116,33
14.999999999999963,1,0.2,0.22,0.0,14.999999999999963,280.8750000000001,263.4075999018886,12.500000000000028,13.995331735247978,18.8669332716363,19.140212726053058,-0.27327945441675894,-1.6402127260530293,-1.448809908050803,150,117,33
15.099999999999962,1,0.2,0.2185430463576159,0.0,15.099999999999962,282.1250000000001,264.79378076334575,12.500000000000028,13.861808614571318,18.71740009811151,18.99533173524798,-0.2779316371364686,-1.4953317352479498,-1.3352312067665941,151,118,33
15.199999999999962,1,0.2,0.21710526315789475,0.0,15.199999999999962,283.3750000000001,266.1676642089967,12.500000000000028,13.738834456509768,18.581219236654363,18.861808614571316,-0.2805893779169537,-1.3618086145712898,-1.2297415806155088,152,119,33
15.299999999999962,1,0.2,0.2222222222222222,0.09999999999999964,15.199999999999962,283.3750000000001,267.52397948566806,12.500000000000028,13.56315276671367,17.207335791003402,18.738834456509768,-1.5314986655063656,-1.2388344565097391,-1.7568168979609742,153,119,34
15.399999999999961,1,0.2,0.22077922077922077,0.0,15.399999999999961,285.8750000000001,268.8707288789438,12.500000000000028,13.467493932757499,18.35102051433205,18.56315276671367,-0.2121322523816218,-1.0631527667136424,-0.956588339561725,154,120,34
15.499999999999961,1,0.2,0.21935483870967742,0.0,15.499999999999961,287.1250000000001,270.20867220669896,12.500000000000028,13.379433277551842,18.25427112105632,18.4674939327575,-0.21322281170117918,-0.9674939327574705,-0.880606552056566,155,121,34
15.59999999999996,1,0.2,0.21794871794871795,0.0,15.59999999999996,288.3750000000001,271.53851454081246,12.500000000000028,13.298423341135162,18.16632779330115,18.37943327755184,-0.21310548425068987,-0.8794332775518132,-0.8100993641667955,156,122,34
15.69999999999996,1,0.2,0.21656050955414013,0.0,15.69999999999996,289.6250000000001,272.86090979878713,12.500000000000028,13.223952579746976,18.086485459187656,18.298423341135162,-0.21193788194750596,-0.798423341135134,-0.7447076138818602,157,123,34
15.79999999999996,1,0.2,0.22151898734177214,0.09999999999999964,15.69999999999996,289.6250000000001,274.17021412423117,12.500000000000028,13.09304325444052,16.76409020121298,18.223952579746978,-1.4598623785339981,-0.7239525797469479,-1.3090932530645576,158,123,35
15.89999999999996,1,0.2,0.22012578616352202,0.0,15.89999999999996,292.1250000000001,275.4740828167463,12.500000000000028,13.038686925151701,17.95478587576895,18.09304325444052,-0.13825737867157173,-0.5930432544404916,-0.5435632928881791,159,124,35
15.99999999999996,1,0.2,0.21875,0.0,15.99999999999996,293.3750000000001,276.7729531651508,12.500000000000028,12.988703484044672,17.900917183253796,18.0386869251517,-0.13776974189790536,-0.5386869251516728,-0.499834411070291,160,125,35
16.09999999999996,1,0.2,0.2236024844720497,0.09999999999999964,15.99999999999996,293.3750000000001,278.0609806024369,12.500000000000028,12.880274372861333,16.602046834849318,17.98870348404467,-1.386656649195352,-0.4887034840446436,-1.0842911118333909,161,125,36
16.19999999999996,1,0.2,0.2222222222222222,0.0,16.19999999999996,295.8750000000001,279.3456345698637,12.500000000000028,12.846539674267522,17.814019397563186,17.880274372861333,-0.06625497529814695,-0.3802743728613045,-0.33734698593811707,162,126,36
16.29999999999996,1,0.2,0.22085889570552147,0.0,16.29999999999996,297.1250000000001,280.62718034867567,12.500000000000028,12.815457788119566,17.77936543013641,17.84653967426752,-0.06717424413111317,-0.3465396742674933,-0.31081886147955123,163,127,36
16.399999999999963,1,0.2,0.21951219512195122,0.0,16.399999999999963,298.3750000000001,281.9058642744987,12.500000000000028,12.786839258230247,17.74781965132445,17.815457788119566,-0.06763813679511799,-0.31545778811953795,-0.2861852988931894,164,128,36
16.499999999999964,1,0.2,0.21818181818181817,0.0,16.499999999999964,299.6250000000001,283.18191496859225,12.500000000000028,12.760506940935388,17.719135725501417,17.786839258230245,-0.06770353272882801,-0.28683925823021816,-0.26332317294858854,165,129,36
16.599999999999966,1,0.2,0.21686746987951808,0.0,16.599999999999966,300.8750000000001,284.4555444976107,12.500000000000028,12.736295290184183,17.69308503140786,17.760506940935386,-0.0674219095275248,-0.2605069409353593,-0.24211650751204986,166,130,36
16.699999999999967,1,0.2,0.2155688622754491,0.0,16.699999999999967,302.1250000000001,285.72694946536865,12.500000000000028,12.714049677579712,17.66945550238944,17.73629529018418,-0.06683978779474131,-0.23629529018415418,-0.222456126044694,167,131,36
16.79999999999997,1,0.2,0.21428571428571427,0.0,16.79999999999997,303.3750000000001,286.99631203999127,12.500000000000028,12.693625746225926,17.648050534631466,17.714049677579712,-0.06599914294824671,-0.21404967757968407,-0.20423931353787061,168,132,36
16.89999999999997,1,0.2,0.21301775147928995,0.0,16.89999999999997,304.6250000000001,288.263800919713,12.500000000000028,12.674888797217001,17.628687960008847,17.693625746225926,-0.06493778621707946,-0.1936257462258979,-0.18736949008925807,169,133,36
16.99999999999997,1,0.2,0.21764705882352942,0.10000000000000142,16.89999999999997,304.6250000000001,289.5233222404723,12.500000000000028,12.595213207593149,16.361199080287122,17.674888797217,-1.3136897169298791,-0.1748887972169726,-0.7967558962385176,170,133,37
17.099999999999973,1,0.2,0.21637426900584794,0.0,17.099999999999973,307.1250000000001,290.7821141783305,12.500000000000028,12.587919378582434,17.60167775952783,17.595213207593147,0.006464551934683982,-0.09521320759312069,-0.07293829010715457,171,134,37
17.199999999999974,1,0.2,0.21511627906976744,0.0,17.199999999999974,308.3750000000001,292.04022759337556,12.500000000000028,12.5811341504502,17.592885821669597,17.587919378582434,0.004966443087162986,-0.08791937858240573,-0.0678522813223431,172,135,37
17.299999999999976,1,0.2,0.2138728323699422,0.0,17.299999999999976,309.6250000000001,293.29771012649786,12.500000000000028,12.574825331222904,17.584772406624552,17.5811341504502,0.0036382561743515396,-0.08113415045017192,-0.06308819227296177,173,136,37
17.399999999999977,1,0.2,0.21264367816091953,0.0,17.399999999999977,310.8750000000001,294.5546063796818,12.500000000000028,12.568962531839041,17.577289873502252,17.574825331222904,0.0024645422793483363,-0.07482533122287549,-0.05862799383862623,174,137,37
17.49999999999998,1,0.2,0.21142857142857144,0.0,17.49999999999998,312.1250000000001,295.8109580880534,12.500000000000028,12.563517083715885,17.570393620318328,17.56896253183904,0.0014310884792863021,-0.0689625318390128,-0.05445448123156709,175,138,37
17.59999999999998,1,0.2,0.21022727272727273,0.0,17.59999999999998,313.3750000000001,297.0668042838964,12.500000000000028,12.558461958430158,17.56404191194673,17.563517083715887,0.0005248282308443208,-0.06351708371585651,-0.05055125285726306,176,139,37
17.69999999999998,1,0.2,0.21468926553672316,0.10000000000000142,17.59999999999998,313.3750000000001,298.3159314528603,12.500000000000028,12.491271689639426,16.30819571610374,17.558461958430158,-1.2502662423264184,-0.05846195843012936,-0.6719026879073127,177,139,38
17.799999999999983,1,0.2,0.21348314606741572,0.0,17.799999999999983,315.8750000000001,299.56546743259463,12.500000000000028,12.495359797343294,17.559068547139816,17.491271689639426,0.06779685750039022,0.00872831036060262,0.0408810770386772,178,140,38
17.899999999999984,1,0.2,0.21787709497206703,0.10000000000000142,17.799999999999983,315.8750000000001,300.8091113978005,12.500000000000028,12.436439652058942,16.309532567405483,17.495359797343294,-1.1858272299378108,0.00464020265673426,-0.589201452843518,179,140,39
17.999999999999986,1,0.2,0.2222222222222222,0.20000000000000284,17.799999999999983,315.8750000000001,302.04141109054063,12.500000000000028,12.322996927401261,15.065888602199607,17.436439652058944,-2.370551049859337,0.06356034794108645,-1.1344272465767993,180,140,40
18.099999999999987,1,0.2,0.22099447513812154,0.0,18.099999999999987,319.6250000000001,303.27642976777184,12.500000000000028,12.350186772312073,17.58358890945948,17.322996927401263,0.2605919820582159,0.17700307259876702,0.27189844910812155,181,141,40
18.19999999999999,1,0.2,0.21978021978021978,0.0,18.19999999999999,320.8750000000001,304.5138888681241,12.500000000000028,12.37459100352292,17.59857023222827,17.35018677231207,0.24838345991619803,0.14981322768795557,0.2440423121084635,182,142,40
18.29999999999999,1,0.2,0.2185792349726776,0.0,18.29999999999999,322.1250000000001,305.75353384109,12.500000000000028,12.396449729658741,17.611111131875987,17.37459100352292,0.23652012835306735,0.125408996477109,0.21858726135822087,183,143,40
18.39999999999999,1,0.2,0.21739130434782608,0.0,18.39999999999999,323.3750000000001,306.99513229836487,12.500000000000028,12.415984572748611,17.621466158910096,17.39644972965874,0.22501642925135457,0.10355027034128739,0.19534843089870718,184,144,40
18.499999999999993,1,0.2,0.21621621621621623,0.0,18.499999999999993,324.6250000000001,308.23847229470215,12.500000000000028,12.433399963373056,17.62986770163525,17.415984572748613,0.21388312888663563,0.08401542725141731,0.17415390624445165,185,145,40
18.599999999999994,1,0.2,0.22043010752688172,0.10000000000000142,18.499999999999993,324.6250000000001,309.4771107300421,12.500000000000028,12.386384353399459,16.386527705297965,17.433399963373056,-1.0468722580750907,0.06660003662697278,-0.4701560997359671,186,145,41
18.699999999999996,1,0.2,0.22459893048128343,0.20000000000000284,18.499999999999993,324.6250000000001,310.70546561513765,12.500000000000028,12.283548850955432,15.147889269958,17.386384353399457,-2.2384950834414568,0.11361564660056978,-1.0283550244402726,187,145,42
18.799999999999997,1,0.2,0.22340425531914893,0.0,18.799999999999997,328.3750000000001,311.9374820370951,12.500000000000028,12.320164219574352,17.66953438486246,17.283548850955434,0.38598553390702506,0.2164511490445964,0.36615368618918964,188,146,42
18.9,1,0.2,0.2222222222222222,0.0,18.9,329.6250000000001,313.17277391401257,12.500000000000028,12.35291876917494,17.68751796290502,17.32016421957435,0.3673537433306677,0.17983578042567672,0.32754549600587524,189,147,42
19.0,1,0.2,0.22105263157894736,0.0,19.0,330.8750000000001,314.4109889773607,12.500000000000028,12.382150633481578,17.702226085987547,17.35291876917494,0.34930731681260596,0.14708123082508884,0.29231864306637406,190,148,42
19.1,1,0.2,0.2198952879581152,0.0,19.1,332.1250000000001,315.6518061375868,12.500000000000028,12.408171602260945,17.714011022639397,17.38215063348158,0.3318603891578178,0.1178493665184508,0.26020968779366954,191,149,42
19.200000000000003,1,0.2,0.21875,0.0,19.200000000000003,333.3750000000001,316.8949330362956,12.500000000000028,12.431268987087691,17.723193862413325,17.408171602260943,0.3150222601523822,0.09182839773908391,0.23097384826745826,192,150,42
19.300000000000004,1,0.2,0.21761658031088082,0.0,19.300000000000004,334.6250000000001,318.14010377299076,12.500000000000028,12.45170736695152,17.73006696370453,17.43126898708769,0.2987979766168394,0.06873101291233752,0.2043837986382897,193,151,42
19.400000000000006,1,0.2,0.21649484536082475,0.0,19.400000000000006,335.8750000000001,319.3870767950506,12.500000000000028,12.469730220598294,17.734896227009358,17.45170736695152,0.2831888600578374,0.04829263304850784,0.18022853646772496,194,152,42
19.500000000000007,1,0.2,0.2153846153846154,0.0,19.500000000000007,337.1250000000001,320.6356329402674,12.500000000000028,12.485561452167994,17.73792320494954,17.469730220598294,0.26819298435124495,0.03026977940173481,0.15831231569701032,195,153,42
19.60000000000001,1,0.2,0.21428571428571427,0.0,19.60000000000001,338.3750000000001,321.88557362190465,12.500000000000028,12.499406816372794,17.73936705973273,17.485561452167993,0.25380560756473614,0.014438547832034132,0.13845364204799537,196,154,42
19.70000000000001,1,0.2,0.2131979695431472,0.0,19.70000000000001,339.6250000000001,323.1367191468196,12.500000000000028,12.511455249149106,17.73942637809546,17.499406816372794,0.24001956172266503,0.0005931836272345947,0.1204843277631202,197,155,42
19.80000000000001,1,0.2,0.21212121212121213,0.0,19.80000000000001,340.8750000000001,324.3889071577615,12.500000000000028,12.52188010941875,17.738280853180527,17.51145524914911,0.2268256040314185,-0.011455249149078028,0.10424860269644683,198,156,42
19.900000000000013,1,0.2,0.21105527638190955,0.0,19.900000000000013,342.1250000000001,325.6419911914921,12.500000000000028,12.530840337306246,17.736092842238634,17.521880109418753,0.21421273281988107,-0.021880109418722427,0.0896022788749626,199,157,42
20.000000000000014,1,0.2,0.215,0.10000000000000142,19.900000000000013,342.1250000000001,326.8895893448803,12.500000000000028,12.47598153388184,16.483008808508032,17.530840337306245,-1.0478315287982127,-0.030840337306218046,-0.5485880342440808,200,157,43
20.100000000000016,1,0.2,0.21890547263681592,0.20000000000000284,19.900000000000013,342.1250000000001,328.1261767916036,12.500000000000028,12.365874467233194,15.235410655119836,17.47598153388184,-2.2405708787620036,0.024018466118189252,-1.1010706664864505,201,157,44
20.200000000000017,1,0.2,0.22277227722772278,0.30000000000000426,19.900000000000013,342.1250000000001,329.34700198629486,12.500000000000028,12.208251946912707,13.998823208396516,17.365874467233194,-3.3670512588366783,0.13412553276683425,-1.5762252032048718,202,157,45
20.30000000000002,1,0.2,0.22167487684729065,0.0,20.30000000000002,347.1250000000001,330.5730098957448,12.500000000000028,12.26007909449932,17.777998013705258,17.208251946912707,0.5697460667925505,0.2917480530873213,0.5182714758661323,203,158,45
20.40000000000002,1,0.2,0.22058823529411764,0.0,20.40000000000002,348.3750000000001,331.80364672748755,12.500000000000028,12.306368317427175,17.80199010425531,17.260079094499318,0.5419110097559923,0.23992090550070877,0.46289222927856316,204,159,45
20.50000000000002,1,0.2,0.21951219512195122,0.0,20.50000000000002,349.6250000000001,333.0384075374663,12.500000000000028,12.347608099787273,17.821353272512567,17.306368317427175,0.5149849550853922,0.19363168257285324,0.4123978236009787,205,160,45
20.600000000000023,1,0.2,0.21844660194174756,0.0,20.600000000000023,350.8750000000001,334.27683240446044,12.500000000000028,12.38424866994162,17.836592462533815,17.347608099787273,0.48898436274654244,0.15239190021275562,0.36640570154347574,206,161,45
20.700000000000024,1,0.2,0.21739130434782608,0.0,20.700000000000024,352.1250000000001,335.51850287672306,12.500000000000028,12.416704722626195,17.848167595539678,17.38424866994162,0.46391892559805825,0.11575133005840854,0.324560526845756,207,162,45
20.800000000000026,1,0.2,0.21634615384615385,0.0,20.800000000000026,353.3750000000001,336.7630386732079,12.500000000000028,12.445357964848645,17.85649712327705,17.416704722626193,0.4397924006508589,0.0832952773738338,0.2865324222244965,208,163,45
20.900000000000027,1,0.2,0.22009569377990432,0.10000000000000142,20.800000000000026,353.3750000000001,338.00384462278373,12.500000000000028,12.408059495757934,16.611961326792198,17.445357964848647,-0.833396638056449,0.05464203515138344,-0.3729846909071178,209,163,46
21.00000000000003,1,0.2,0.22380952380952382,0.20000000000000284,20.800000000000026,353.3750000000001,339.2352015758008,12.500000000000028,12.313569530170223,15.371155377216382,17.408059495757932,-2.0369041185415497,0.09194050424209443,-0.9448996558770993,210,163,47
21.10000000000003,1,0.2,0.22274881516587677,0.0,21.10000000000003,357.1250000000001,340.4709311170466,12.500000000000028,12.357295412458063,17.88979842419934,17.313569530170223,0.5762288940291178,0.18643046982980493,0.4372588228784029,211,164,47
21.20000000000003,1,0.2,0.22169811320754718,0.0,21.20000000000003,358.3750000000001,341.7105361623452,12.500000000000028,12.396050452986193,17.90406888295354,17.357295412458065,0.5467734704954736,0.14270458754196547,0.3875504052813092,212,165,47
21.300000000000033,1,0.2,0.22065727699530516,0.0,21.300000000000033,359.6250000000001,342.95356487094324,12.500000000000028,12.430287085980737,17.91446383765492,17.396050452986195,0.518413384668726,0.10394954701383519,0.34236632994543115,213,166,47
21.400000000000034,1,0.2,0.21962616822429906,0.0,21.400000000000034,360.8750000000001,344.19960702306884,12.500000000000028,12.460421521256087,17.921435129056874,17.430287085980737,0.49114804307613724,0.06971291401929136,0.3013443527535017,214,167,47
21.500000000000036,1,0.2,0.2186046511627907,0.0,21.500000000000036,362.1250000000001,345.44829066030275,12.500000000000028,12.486836372339361,17.925392976931278,17.460421521256087,0.46497145567519027,0.03957847874394105,0.264148510832748,215,168,47
21.600000000000037,1,0.2,0.2175925925925926,0.0,21.600000000000037,363.3750000000001,346.69927897139473,12.500000000000028,12.509883110920114,17.926709339697368,17.48683637233936,0.4398729673580064,0.013163627660667032,0.23046738580753684,216,169,47
21.70000000000004,1,0.2,0.21658986175115208,0.0,21.70000000000004,364.6250000000001,347.95226740718783,12.500000000000028,12.52988435793077,17.92572102860538,17.509883110920114,0.41583791768526623,-0.009883110920085869,0.20001247010656442,217,170,47
21.80000000000004,1,0.2,0.21559633027522937,0.0,21.80000000000004,365.8750000000001,349.2069810092919,12.500000000000028,12.547136021040387,17.92273259281228,17.52988435793077,0.3928482348815123,-0.029884357930741956,0.1725166310961626,218,171,47
21.90000000000004,1,0.2,0.2191780821917808,0.10000000000000142,21.80000000000004,365.8750000000001,350.45692193807594,12.500000000000028,12.49940928784055,16.66801899070822,17.547136021040387,-0.8791170303321678,-0.047136021040358855,-0.477267331998371,219,171,48
22.000000000000043,1,0.2,0.21818181818181817,0.0,22.000000000000043,368.3750000000001,351.7089609364277,12.500000000000028,12.52038998351749,17.918078061924177,17.49940928784055,0.4186687740836277,0.0005907121594788123,0.2098069567693969,220,172,48
22.100000000000044,1,0.2,0.2171945701357466,0.0,22.100000000000044,369.6250000000001,352.9628150603116,12.500000000000028,12.53854123883884,17.91603906357244,17.52038998351749,0.3956490800549517,-0.02038998351746102,0.18151255321350704,221,173,48
22.200000000000045,1,0.2,0.21621621621621623,0.0,22.200000000000045,370.8750000000001,354.21822907278903,12.500000000000028,12.55414012477422,17.91218493968853,17.53854123883884,0.3736437008496907,-0.03854123883881222,0.15598885935379556,222,174,48
22.300000000000047,1,0.2,0.21524663677130046,0.0,22.300000000000047,372.1250000000001,355.47497311828045,12.500000000000028,12.567440454914127,17.906770927211085,17.55414012477422,0.3526308024368632,-0.05414012477419128,0.13300330139907857,223,175,48
22.40000000000005,1,0.2,0.21428571428571427,0.0,22.40000000000005,373.3750000000001,356.7328405722666,12.500000000000028,12.578674539861277,17.90002688171967,17.567440454914127,0.3325864268055412,-0.06744045491409878,0.11234084947149156,224,176,48
22.50000000000005,1,0.2,0.21777777777777776,0.10000000000000142,22.40000000000005,373.3750000000001,357.98539605437315,12.500000000000028,12.52555482106599,16.64215942773353,17.578674539861275,-0.9365151121277435,-0.0786745398612485,-0.5311971879528705,225,176,49
22.60000000000005,1,0.2,0.2168141592920354,0.0,22.60000000000005,375.8750000000001,359.239567343534,12.500000000000028,12.541712891608762,17.88960394562696,17.525554821065988,0.36404912456097094,-0.02555482106596152,0.16158070542771624,226,177,49
22.700000000000053,1,0.2,0.21585903083700442,0.0,22.700000000000053,377.1250000000001,360.49512352838633,12.500000000000028,12.555561848522931,17.885432656466094,17.54171289160876,0.34371976485733313,-0.041712891608733926,0.13848956914167943,227,178,49
22.800000000000054,1,0.2,0.2149122807017544,0.0,22.800000000000054,378.3750000000001,361.7518567915659,12.500000000000028,12.567332631795642,17.879876471613784,17.55556184852293,0.3243146230908529,-0.05556184852290258,0.11770783272710439,228,179,49
22.900000000000055,1,0.2,0.21397379912663755,0.0,22.900000000000055,379.6250000000001,363.0095804465743,12.500000000000028,12.57723655008392,17.873143208434215,17.567332631795644,0.3058105766385708,-0.06733263179561355,0.09903918288279456,229,180,49
23.000000000000057,1,0.2,0.21739130434782608,0.10000000000000142,22.900000000000055,379.6250000000001,364.26187712419875,12.500000000000028,12.522966776244303,16.615419553425795,17.57723655008392,-0.9618169966581256,-0.0772365500838923,-0.5426977383961766,230,180,50
23.10000000000006,1,0.2,0.22077922077922077,0.20000000000000284,22.900000000000055,379.6250000000001,365.503190848111,12.500000000000028,12.413137239122614,15.363122875801366,17.522966776244303,-2.1598439004429366,-0.022966776244274456,-1.098295371216888,231,180,51
23.20000000000006,1,0.2,0.21982758620689655,0.0,23.20000000000006,383.3750000000001,366.74749283367413,12.500000000000028,12.443019855631134,17.871809151889124,17.413137239122612,0.458671912766512,0.0868627608774144,0.2988261650851875,232,181,51
23.30000000000006,1,0.2,0.21888412017167383,0.0,23.30000000000006,384.6250000000001,367.9944230969457,12.500000000000028,12.469302632715388,17.877507166325984,17.443019855631135,0.43448731069484836,0.05698014436889487,0.26282777084254005,233,182,51
23.400000000000063,1,0.2,0.21794871794871795,0.0,23.400000000000063,385.8750000000001,369.2436553105072,12.500000000000028,12.492322135615112,17.88057690305442,17.46930263271539,0.4112742703390282,0.03069736728464001,0.2301950289972261,234,183,51
23.500000000000064,1,0.2,0.2170212765957447,0.0,23.500000000000064,387.1250000000001,370.4948940597532,12.500000000000028,12.512387492459794,17.88134468949289,17.49232213561511,0.38902255387777984,0.007677864384916688,0.20065356844682328,235,184,51
23.600000000000065,1,0.2,0.21610169491525424,0.0,23.600000000000065,388.3750000000001,371.74787230129846,12.500000000000028,12.529782415452368,17.880105940246892,17.512387492459794,0.36771844778709806,-0.012387492459765781,0.17394922992573641,236,185,51
23.700000000000067,1,0.2,0.21940928270042195,0.10000000000000142,23.600000000000065,388.3750000000001,372.9960990099363,12.500000000000028,12.482267086378645,16.627127698701656,17.529782415452367,-0.9026547167507104,-0.02978241545234006,-0.47515329073722723,237,185,52
23.800000000000068,1,0.2,0.2184873949579832,0.0,23.800000000000068,390.8750000000001,374.24645075140154,12.500000000000028,12.503517414652613,17.878900990063812,17.482267086378645,0.39663390368516716,0.017732913621383517,0.21250328273969038,238,186,52
23.90000000000007,1,0.2,0.2175732217573222,0.0,23.90000000000007,392.1250000000001,375.4986495127193,12.500000000000028,12.521987613177705,17.878549248598574,17.503517414652613,0.37503183394596107,-0.003517414652584705,0.18470198525091278,239,187,52
24.00000000000007,1,0.2,0.21666666666666667,0.0,24.00000000000007,393.3750000000001,376.75244418750214,12.500000000000028,12.537946747828647,17.87635048728083,17.521987613177707,0.35436287410312417,-0.021987613177676835,0.1595913465094206,240,188,52
24.100000000000072,1,0.2,0.21991701244813278,0.10000000000000142,24.00000000000007,393.3750000000001,378.0013583336257,12.500000000000028,12.489141461235825,16.62255581249798,17.53794674782865,-0.9153909353306702,-0.0379467478286184,-0.48805286592822983,241,188,53
24.200000000000074,1,0.2,0.2190082644628099,0.0,24.200000000000074,395.8750000000001,379.2522818490851,12.500000000000028,12.50923515459389,17.873641666374397,17.489141461235825,0.38450020513857197,0.010858538764203729,0.20093693358064896,242,189,53
24.300000000000075,1,0.2,0.2222222222222222,0.10000000000000142,24.200000000000074,395.8750000000001,380.4986988982893,12.500000000000028,12.464170492042438,16.622718150915034,17.50923515459389,-0.8865170036788541,-0.009235154593861594,-0.45064662551451634,243,189,54
24.400000000000077,1,0.2,0.22131147540983606,0.0,24.400000000000077,398.3750000000001,381.74746323660554,12.500000000000028,12.487643383162464,17.876301101710794,17.464170492042438,0.41213060966835613,0.03582950795759032,0.23472891120025033,244,190,54
24.500000000000078,1,0.2,0.22040816326530613,0.0,24.500000000000078,399.6250000000001,382.9982758947576,12.500000000000028,12.508126581521074,17.877536763394573,17.487643383162464,0.3898933802321096,0.012356616837564616,0.2048319835861065,245,191,54
24.60000000000008,1,0.2,0.21951219512195122,0.0,24.60000000000008,400.8750000000001,384.25086652787616,12.500000000000028,12.52590633118546,17.876724105242488,17.508126581521076,0.3685975237214123,-0.008126581521045395,0.17779749664386985,246,192,54
24.70000000000008,1,0.2,0.21862348178137653,0.0,24.70000000000008,402.1250000000001,385.5049910460499,12.500000000000028,12.541245181737551,17.874133472123958,17.52590633118546,0.3482271409384978,-0.025906331185431952,0.15338850552090336,247,193,54
24.800000000000082,1,0.2,0.21774193548387097,0.0,24.800000000000082,403.3750000000001,386.7604294216308,12.500000000000028,12.554383755809182,17.87000895395022,17.54124518173755,0.3287637722126675,-0.041245181737522785,0.13138574071631554,248,194,54
24.900000000000084,1,0.2,0.21686746987951808,0.0,24.900000000000084,404.6250000000001,388.01698366127806,12.500000000000028,12.565542396472456,17.864570578369296,17.554383755809184,0.3101868225601123,-0.054383755809153556,0.11158640663273331,249,195,54
25.000000000000085,1,0.2,0.216,0.0,25.000000000000085,405.8750000000001,389.2744759314648,12.500000000000028,12.574922701867141,17.858016338722052,17.565542396472456,0.2924739422495968,-0.0655423964724271,0.0938030539468567,250,196,54
25.100000000000087,1,0.2,0.2151394422310757,0.0,25.100000000000087,407.1250000000001,390.5327468268699,12.500000000000028,12.582708954051181,17.85052406853532,17.57492270186714,0.27560136666818025,-0.0749227018671128,0.07786252184039988,251,197,54
25.200000000000088,1,0.2,0.21428571428571427,0.0,25.200000000000088,408.3750000000001,391.791653771738,12.500000000000028,12.58906944868104,17.84225317313019,17.58270895405118,0.2595442190790074,-0.08270895405115297,0.06360494629858131,252,198,54
25.30000000000009,1,0.2,0.2134387351778656,0.0,25.30000000000009,409.6250000000001,393.0510695449146,12.500000000000028,12.59415773176561,17.833346228262087,17.589069448681037,0.24427677958104965,-0.08906944868101085,0.05088283084571614,253,199,54
25.40000000000009,1,0.2,0.21653543307086615,0.10000000000000142,25.30000000000009,409.6250000000001,394.3046309198536,12.500000000000028,12.535613749390361,16.57393045508553,17.594157731765613,-1.0202272766800817,-0.0941577317655824,-0.5854398237525068,254,199,55
25.500000000000092,1,0.2,0.21568627450980393,0.0,25.500000000000092,412.1250000000001,395.55933116145127,12.500000000000028,12.547002415976943,17.82036908014652,17.53561374939036,0.284755330756159,-0.03561374939033257,0.11388666586581345,255,200,55
25.600000000000094,1,0.2,0.21875,0.10000000000000142,25.500000000000092,412.1250000000001,396.808748715834,12.500000000000028,12.494175543827385,16.565668838548845,17.54700241597694,-0.9813335774280958,-0.047002415976914236,-0.5282687214955792,256,200,56
25.700000000000095,1,0.2,0.2178988326848249,0.0,25.700000000000095,414.6250000000001,398.0598232445678,12.500000000000028,12.510745287338134,17.81625128416613,17.494175543827385,0.3220757403387431,0.005824456172643266,0.16569743510748616,257,201,56
25.800000000000097,1,0.2,0.21705426356589147,0.0,25.800000000000097,415.8750000000001,399.31233396834335,12.500000000000028,12.525107237755796,17.815176755432333,17.510745287338132,0.30443146809420085,-0.010745287338105314,0.14361950417661618,258,202,56
25.900000000000098,1,0.2,0.21621621621621623,0.0,25.900000000000098,417.1250000000001,400.5660816281864,12.500000000000028,12.537476598430382,17.81266603165676,17.525107237755797,0.2875587939009634,-0.025107237755767287,0.12369360674586787,259,203,56
26.0000000000001,1,0.2,0.21923076923076923,0.10000000000000142,25.900000000000098,417.1250000000001,401.8146366841089,12.500000000000028,12.485550559225121,16.558918371813718,17.53747659843038,-0.9785582266166628,-0.037476598430354,-0.5192603920526146,260,203,57
26.1000000000001,1,0.2,0.21839080459770116,0.0,26.1000000000001,419.6250000000001,403.06493139934094,12.500000000000028,12.502947152320418,17.81036331589121,17.48555055922512,0.32481275666608767,0.014449440774907174,0.17396593095296958,261,204,57
26.200000000000102,1,0.2,0.22137404580152673,0.10000000000000142,26.1000000000001,419.6250000000001,404.3104881445961,12.500000000000028,12.455567452551724,16.56006860065918,17.502947152320417,-0.9428785516612379,-0.0029471523203898897,-0.47379699768693084,262,204,58
26.300000000000104,1,0.2,0.22433460076045628,0.20000000000000284,26.1000000000001,419.6250000000001,405.5456950722451,12.500000000000028,12.352069276490203,15.314511855404021,17.455567452551726,-2.141055597147705,0.04443254744830405,-1.0349817606152094,263,204,59
26.400000000000105,1,0.2,0.22727272727272727,0.30000000000000426,26.1000000000001,419.6250000000001,406.76572162393853,12.500000000000028,12.200265516934229,14.079304927755004,17.352069276490205,-3.272764348735201,0.14793072350982506,-1.5180375955597405,264,204,60
26.500000000000107,1,0.2,0.23018867924528302,0.4000000000000057,26.1000000000001,419.6250000000001,407.9664411157921,12.500000000000028,12.00719491853586,12.859278376061582,17.20026551693423,-4.340987140872649,0.29973448306579975,-1.9307059839836846,265,204,61
26.600000000000108,1,0.2,0.22932330827067668,0.0,26.600000000000108,425.8750000000001,409.1756098681258,12.500000000000028,12.091687523336601,17.90855888420799,17.00719491853586,0.9013639656721324,0.49280508146416757,0.8449260480074003,266,205,61
26.70000000000011,1,0.2,0.22846441947565543,0.0,26.70000000000011,427.1250000000001,410.39233363331545,12.500000000000028,12.167237651896562,17.94939013187434,17.091687523336603,0.8577026085377355,0.4083124766634274,0.7555012855996097,267,206,61
26.80000000000011,1,0.2,0.22761194029850745,0.0,26.80000000000011,428.3750000000001,411.6157966408639,12.500000000000028,12.234630075484244,17.98266636668467,17.167237651896563,0.815428714788105,0.3327623481034667,0.6739242358768258,268,207,61
26.900000000000112,1,0.2,0.23048327137546468,0.10000000000000142,26.80000000000011,428.3750000000001,412.8390054742267,12.500000000000028,12.232088333628106,16.759203359136222,17.234630075484244,-0.47542671634802147,0.26536992451578456,-0.025417418561383076,269,207,62
27.000000000000114,1,0.2,0.22962962962962963,0.0,27.000000000000114,430.8750000000001,414.0683771318812,12.500000000000028,12.293716576545124,18.03599452577339,17.232088333628106,0.8039061921452841,0.26791166637192276,0.6162824291701803,270,208,62
27.100000000000115,1,0.2,0.22878228782287824,0.0,27.100000000000115,432.1250000000001,415.30321358838125,12.500000000000028,12.348364565000205,18.056622868118893,17.293716576545123,0.7629062915737705,0.20628342345490402,0.5464798845508085,271,209,62
27.200000000000117,1,0.2,0.22794117647058823,0.0,27.200000000000117,433.3750000000001,416.5428802375944,12.500000000000028,12.396666492131123,18.07178641161886,17.348364565000203,0.7234218466186562,0.15163543499982346,0.48301927130918687,272,210,62
27.300000000000118,1,0.2,0.2271062271062271,0.0,27.300000000000118,434.6250000000001,417.7868008212218,12.500000000000028,12.439205836274366,18.08211976240574,17.396666492131125,0.6854532702746141,0.10333350786890527,0.4253934414324313,273,211,62
27.40000000000012,1,0.2,0.22627737226277372,0.0,27.40000000000012,435.8750000000001,419.0344527248715,12.500000000000028,12.476519036497617,18.088199178778325,17.43920583627437,0.6489933425039567,0.06079416372566193,0.37313200223250786,274,212,62
27.50000000000012,1,0.2,0.22545454545454546,0.0,27.50000000000012,437.1250000000001,420.28536261742244,12.500000000000028,12.509098925509358,18.090547275128586,17.476519036497617,0.6140282386309686,0.023480963502411356,0.32579889011741336,275,213,62
27.600000000000122,1,0.2,0.2246376811594203,0.0,27.600000000000122,438.3750000000001,421.53910241085464,12.500000000000028,12.537397934322028,18.089637382577678,17.509098925509356,0.5805384570683216,-0.009098925509329447,0.28299008812669724,276,214,62
27.700000000000124,1,0.2,0.22382671480144403,0.0,27.700000000000124,439.6250000000001,422.7952855190864,12.500000000000028,12.56183108231744,18.085897589145475,17.53739793432203,0.5484996548234449,-0.03739793432199967,0.2443314799541227,277,215,62
27.800000000000125,1,0.2,0.22302158273381295,0.0,27.800000000000125,440.8750000000001,424.0535633956526,12.500000000000028,12.58277876566186,18.079714480913708,17.56183108231744,0.5178833985962683,-0.0618310823174113,0.20947683344420512,278,216,62
27.900000000000126,1,0.2,0.2222222222222222,0.0,27.900000000000126,442.1250000000001,425.3136223312869,12.500000000000028,12.600589356343198,18.071436604347525,17.58277876566186,0.4886578386856648,-0.08277876566183195,0.17810590681336685,279,217,62
28.000000000000128,1,0.2,0.22142857142857142,0.0,28.000000000000128,443.3750000000001,426.57518049363233,12.500000000000028,12.615581623454243,18.06137766871319,17.6005893563432,0.46078831236999207,-0.10058935634316946,0.14992267111046048,280,218,62
28.10000000000013,1,0.2,0.2206405693950178,0.0,28.10000000000013,444.6250000000001,427.8379851924047,12.500000000000028,12.628046987723582,18.049819506367783,17.615581623454243,0.43423788291353915,-0.11558162345421508,0.12465364269339752,281,219,62
28.20000000000013,1,0.2,0.2198581560283688,0.0,28.20000000000013,445.8750000000001,429.1018103543746,12.500000000000028,12.63825161969929,18.037014807595426,17.628046987723582,0.40896781987184383,-0.12804698772355394,0.10204631975707876,282,220,62
28.300000000000132,1,0.2,0.21908127208480566,0.0,28.300000000000132,447.1250000000001,430.3664541935166,12.500000000000028,12.64643839141966,18.023189645625507,17.63825161969929,0.3849380259262176,-0.13825161969926114,0.0818677172036999,283,221,62
28.400000000000134,1,0.2,0.21830985915492956,0.0,28.400000000000134,448.3750000000001,431.6317370626025,12.500000000000028,12.652828690859282,18.00854580648354,17.646438391419657,0.3621074150638819,-0.14643839141963078,0.06390299439623631,284,222,62
28.500000000000135,1,0.2,0.22105263157894736,0.10000000000000142,28.400000000000134,448.3750000000001,432.8912494733942,12.500000000000028,12.595124107917458,16.743262937397617,17.65282869085928,-0.9095657534616635,-0.15282869085925377,-0.5770458294182348,285,222,63
28.600000000000136,1,0.2,0.2202797202797203,0.0,28.600000000000136,450.8750000000001,434.1519440234161,12.500000000000028,12.606945500218485,17.98375052660589,17.595124107917457,0.38862641868843184,-0.09512410791742987,0.11821392301027202,286,223,63
28.700000000000138,1,0.2,0.21951219512195122,0.0,28.700000000000138,452.1250000000001,435.413613561818,12.500000000000028,12.616695384019286,17.97305597658402,17.606945500218487,0.3661104763655345,-0.1069455002184565,0.09749883800800205,287,224,63
28.80000000000014,1,0.2,0.2222222222222222,0.10000000000000142,28.700000000000138,452.1250000000001,436.6698229924186,12.500000000000028,12.562094306005886,16.711386438182103,17.616695384019287,-0.9053089458371844,-0.11669538401925728,-0.546010780133998,288,224,64
28.90000000000014,1,0.2,0.22145328719723184,0.0,28.90000000000014,454.6250000000001,437.927501082079,12.500000000000028,12.5767808966042,17.95517700758154,17.562094306005886,0.39308270157565417,-0.06209430600585719,0.14686590598314134,289,225,64
29.000000000000142,1,0.2,0.2206896551724138,0.0,29.000000000000142,455.8750000000001,439.18641851467316,12.500000000000028,12.589174325941713,17.94749891792111,17.5767808966042,0.370718021316911,-0.07678089660417164,0.12393429337511819,290,226,64
29.100000000000144,1,0.2,0.21993127147766323,0.0,29.100000000000144,457.1250000000001,440.4463695884567,12.500000000000028,12.59951073783564,17.93858148532695,17.589174325941713,0.3494071593852368,-0.08917432594168417,0.10336411893927107,291,227,64
29.200000000000145,1,0.2,0.2191780821917808,0.0,29.200000000000145,458.3750000000001,441.70717017470616,12.500000000000028,12.60800586249418,17.928630411543395,17.59951073783564,0.32911967370775486,-0.0995107378356117,0.08495124658538805,292,228,64
29.300000000000146,1,0.2,0.22184300341296928,0.10000000000000142,29.200000000000145,458.3750000000001,442.96240583386964,12.500000000000028,12.552356591634636,16.66782982529395,17.60800586249418,-0.9401760372002315,-0.10800586249415112,-0.5564927085954366,293,228,65
29.400000000000148,1,0.2,0.22108843537414966,0.0,29.400000000000148,460.8750000000001,444.2190238281725,12.500000000000028,12.56617994302866,17.912594166130475,17.552356591634634,0.3602375744958408,-0.0523565916346076,0.13823351394023434,294,229,65
29.50000000000015,1,0.2,0.22033898305084745,0.0,29.50000000000015,462.1250000000001,445.47681136407516,12.500000000000028,12.577875359026317,17.905976171827604,17.566179943028658,0.3397962287989458,-0.06617994302863117,0.11695415997656794,295,230,65
29.60000000000015,1,0.2,0.22297297297297297,0.10000000000000142,29.50000000000015,462.1250000000001,446.72932746349005,12.500000000000028,12.525160994149145,16.648188635924953,17.577875359026315,-0.9296867231013621,-0.0778753590262884,-0.5271436487717118,296,230,66
29.700000000000152,1,0.2,0.2222222222222222,0.0,29.700000000000152,464.6250000000001,447.98349483266355,12.500000000000028,12.54167369173526,17.895672536510062,17.525160994149147,0.37051154236091577,-0.025160994149116434,0.16512697586116473,297,231,66
29.800000000000153,1,0.2,0.22483221476510068,0.10000000000000142,29.700000000000152,464.6250000000001,449.2328279696812,12.500000000000028,12.493331370176508,16.64150516733656,17.541673691735262,-0.9001685243987012,-0.041673691735232055,-0.48342321558753626,298,231,67
29.900000000000155,1,0.2,0.22742474916387959,0.20000000000000284,29.700000000000152,464.6250000000001,450.47170865903814,12.500000000000028,12.38880689356951,15.392172030318932,17.493331370176506,-2.101159339857574,0.006668629823520789,-1.0452447660699704,299,231,68
30.000000000000156,1,0.2,0.22666666666666666,0.0,30.000000000000156,468.3750000000001,451.7140513154835,12.500000000000028,12.423426564453575,17.90329134096197,17.38880689356951,0.5144844473924621,0.11119310643051783,0.34619670884064535,300,232,68
