time,master_s,slave1_s,slave2_s,slave3_s,master_velocity,slave1_velocity,slave2_velocity,slave3_velocity,distance_master_slave1,distance_slave1_slave2,distance_slave2_slave3,error_slave1,error_slave2,error_slave3
0.20711922645568848,0.2,-4.799,-9.8,-14.8,2.0,2.01,2.0,2.0,4.9990000000000006,5.001,5.0,-0.0009999999999994458,0.001000000000000334,0.0
0.3070662021636963,0.2,-4.799,-9.8,-14.8,2.0,2.01,2.0,2.0,4.9990000000000006,5.001,5.0,-0.0009999999999994458,0.001000000000000334,0.0
0.40709376335144043,0.2,-4.799,-9.8,-14.8,2.0,2.01,2.0,2.0,4.9990000000000006,5.001,5.0,-0.0009999999999994458,0.001000000000000334,0.0
0.5076606273651123,0.2,-4.799,-9.8,-14.601,2.0,2.01,2.0,1.99,4.9990000000000006,5.001,4.801,-0.0009999999999994458,0.001000000000000334,-0.19899999999999984
0.6072008609771729,0.2,-4.799,-9.601,-14.601,2.0,2.01,1.99,1.99,4.9990000000000006,4.8020000000000005,5.0,-0.0009999999999994458,-0.1979999999999995,0.0
0.7071185111999512,0.4,-4.799,-9.601,-14.601,2.0,2.01,1.99,1.99,5.199000000000001,4.8020000000000005,5.0,0.19900000000000073,-0.1979999999999995,0.0
0.8070647716522217,0.4,-4.799,-9.601,-14.402915,2.0,2.01,1.99,1.98085,5.199000000000001,4.8020000000000005,4.801914999999999,0.19900000000000073,-0.1979999999999995,-0.19808500000000073
0.907146692276001,0.4,-4.799,-9.402830000000002,-14.402915,2.0,2.01,1.9817,1.98085,5.199000000000001,4.603830000000001,5.000084999999999,0.19900000000000073,-0.3961699999999988,8.499999999855845e-05
1.0070605278015137,0.6000000000000001,-4.799,-9.402830000000002,-14.402915,2.0,2.01,1.9817,1.98085,5.399000000000001,4.603830000000001,5.000084999999999,0.3990000000000009,-0.3961699999999988,8.499999999855845e-05
1.1072986125946045,0.6000000000000001,-4.799,-9.402830000000002,-14.205747225,2.0,2.01,1.9817,1.97167775,5.399000000000001,4.603830000000001,4.802917224999998,0.3990000000000009,-0.3961699999999988,-0.19708277500000193
1.2070858478546143,0.6000000000000001,-4.799,-9.402830000000002,-14.205747225,2.0,2.01,1.9817,1.97167775,5.399000000000001,4.603830000000001,4.802917224999998,0.3990000000000009,-0.3961699999999988,-0.19708277500000193
1.3079807758331299,0.8,-4.598085,-9.206414450000002,-14.205747225,2.0,2.00915,1.9641555000000002,1.97167775,5.398085,4.608329450000002,4.999332774999997,0.398085,-0.39167054999999795,-0.0006672250000026025
1.4072842597961426,0.8,-4.598085,-9.206414450000002,-14.205747225,2.0,2.00915,1.9641555000000002,1.97167775,5.398085,4.608329450000002,4.999332774999997,0.398085,-0.39167054999999795,-0.0006672250000026025
1.5070974826812744,0.8,-4.598085,-9.206414450000002,-14.205747225,2.0,2.00915,1.9641555000000002,1.97167775,5.398085,4.608329450000002,4.999332774999997,0.398085,-0.39167054999999795,-0.0006672250000026025
1.60711669921875,0.8,-4.598085,-9.012595071750003,-14.205747225,2.0,2.00915,1.9381937825000002,1.97167775,5.398085,4.414510071750002,5.193152153249997,0.398085,-0.5854899282499977,0.19315215324999713
1.7074415683746338,1.0,-4.598085,-9.012595071750003,-14.205747225,2.0,2.00915,1.9381937825000002,1.97167775,5.598085,4.414510071750002,5.193152153249997,0.5980850000000002,-0.5854899282499977,0.19315215324999713
1.8071303367614746,1.0,-4.397252775,-9.012595071750003,-14.205747225,2.0,2.00832225,1.9381937825000002,1.97167775,5.397252775,4.615342296750002,5.193152153249997,0.3972527750000001,-0.3846577032499976,0.19315215324999713
1.907066822052002,1.0,-4.397252775,-8.821135493401252,-14.205747225,2.0,2.00832225,1.9145957834875003,1.97167775,5.397252775,4.423882718401252,5.384611731598747,0.3972527750000001,-0.5761172815987479,0.3846117315987474
2.0072062015533447,1.2,-4.397252775,-8.821135493401252,-14.205747225,2.0,2.00832225,1.9145957834875003,1.97167775,5.597252775,4.423882718401252,5.384611731598747,0.5972527750000003,-0.5761172815987479,0.3846117315987474
2.1071343421936035,1.2,-4.196500864125,-8.821135493401252,-14.205747225,2.0,2.00751910875,1.9145957834875003,1.97167775,5.3965008641250005,4.624634629276252,5.384611731598747,0.3965008641250005,-0.3753653707237481,0.3846117315987474
2.207059860229492,1.2,-4.196500864125,-8.821135493401252,-14.205747225,2.0,2.00751910875,1.9145957834875003,1.97167775,5.3965008641250005,4.624634629276252,5.384611731598747,0.3965008641250005,-0.3753653707237481,0.3846117315987474
2.307793140411377,1.2,-4.196500864125,-8.631806689728396,-14.009484685875,2.0,2.00751910875,1.893288036728563,1.96262539125,5.3965008641250005,4.435305825603396,5.377677996146604,0.3965008641250005,-0.5646941743966041,0.3776779961466037
2.407092809677124,1.2,-4.196500864125,-8.631806689728396,-14.009484685875,2.0,2.00751910875,1.893288036728563,1.96262539125,5.3965008641250005,4.435305825603396,5.377677996146604,0.3965008641250005,-0.5646941743966041,0.3776779961466037
2.507549524307251,1.2,-3.9958266017993753,-8.631806689728396,-14.009484685875,2.0,2.0067426232562497,1.893288036728563,1.96262539125,5.195826601799375,4.6359800879290205,5.377677996146604,0.19582660179937506,-0.3640199120709795,0.3776779961466037
2.6072206497192383,1.2,-3.9958266017993753,-8.444387508351351,-14.009484685875,2.0,2.0067426232562497,1.8741918137704476,1.96262539125,5.195826601799375,4.448560906551975,5.565097177523649,0.19582660179937506,-0.5514390934480247,0.5650971775236489
2.7071192264556885,1.2,-3.9958266017993753,-8.444387508351351,-13.814194554700626,2.0,2.0067426232562497,1.8741918137704476,1.95290131174375,5.195826601799375,4.448560906551975,5.369807046349274,0.19582660179937506,-0.5514390934480247,0.3698070463492744
2.807121753692627,1.2,-3.7952271474508033,-8.444387508351351,-13.814194554700626,2.0,2.0059945434857185,1.8741918137704476,1.95290131174375,4.995227147450803,4.649160360900548,5.369807046349274,-0.004772852549196571,-0.35083963909945215,0.3698070463492744
2.9072937965393066,1.2,-3.7952271474508033,-8.25866511596566,-13.814194554700626,2.0,2.0059945434857185,1.8572239238569106,1.95290131174375,4.995227147450803,4.4634379685148575,5.555529438734965,-0.004772852549196571,-0.5365620314851425,0.5555294387349647
3.0070464611053467,1.2,-3.7952271474508033,-8.25866511596566,-13.620014086345448,2.0,2.0059945434857185,1.8572239238569106,1.941804683551781,4.995227147450803,4.4634379685148575,5.361348970379787,-0.004772852549196571,-0.5365620314851425,0.36134897037978675
3.1070632934570312,1.2,-3.5946995137128632,-8.25866511596566,-13.620014086345448,2.0,2.005276337379401,1.8572239238569106,1.941804683551781,4.794699513712863,4.663965602252798,5.361348970379787,-0.20530048628713704,-0.336034397747202,0.36134897037978675
3.2071096897125244,1.4,-3.5946995137128632,-8.25866511596566,-13.620014086345448,2.0,2.005276337379401,1.8572239238569106,1.941804683551781,4.994699513712863,4.663965602252798,5.361348970379787,-0.005300486287136863,-0.336034397747202,0.36134897037978675
3.307081460952759,1.4,-3.5946995137128632,-8.074435368780366,-13.427056896226063,2.0,2.005276337379401,1.8422974718529581,1.9295719011938484,4.994699513712863,4.479735855067503,5.352621527445697,-0.005300486287136863,-0.5202641449324972,0.35262152744569697
3.407050371170044,1.4,-3.395240593105394,-8.074435368780366,-13.427056896226063,2.0,1.9945892060746921,1.8422974718529581,1.9295719011938484,4.795240593105394,4.679194775674972,5.352621527445697,-0.20475940689460614,-0.3208052243250279,0.35262152744569697
3.5071475505828857,1.5999999999999999,-3.395240593105394,-8.074435368780366,-13.427056896226063,2.0,1.9945892060746921,1.8422974718529581,1.9295719011938484,4.995240593105394,4.679194775674972,5.352621527445697,-0.0047594068946059664,-0.3208052243250279,0.35262152744569697
3.6070456504821777,1.5999999999999999,-3.395240593105394,-8.074435368780366,-13.427056896226063,2.0,1.9945892060746921,1.8422974718529581,1.9295719011938484,4.995240593105394,4.679194775674972,5.352621527445697,-0.0047594068946059664,-0.3208052243250279,0.35262152744569697
3.707120895385742,1.5999999999999999,-3.395240593105394,-7.8915031113955205,-13.427056896226063,2.0,1.9945892060746921,1.8293225738484487,1.9295719011938484,4.995240593105394,4.496262518290127,5.535553784830542,-0.0047594068946059664,-0.503737481709873,0.5355537848305421
3.8071706295013428,1.5999999999999999,-3.395240593105394,-7.8915031113955205,-13.235413725989911,2.0,1.9945892060746921,1.8293225738484487,1.916431702361509,4.995240593105394,4.496262518290127,5.343910614594391,-0.0047594068946059664,-0.503737481709873,0.34391061459439065
3.9070260524749756,1.5999999999999999,-3.1967621831809954,-7.8915031113955205,-13.235413725989911,2.0,1.9847840992439865,1.8293225738484487,1.916431702361509,4.796762183180995,4.694740928214525,5.343910614594391,-0.203237816819005,-0.30525907178547484,0.34391061459439065
4.007399082183838,1.7999999999999998,-3.1967621831809954,-7.8915031113955205,-13.235413725989911,2.0,1.9847840992439865,1.8293225738484487,1.916431702361509,4.996762183180995,4.694740928214525,5.343910614594391,-0.003237816819004813,-0.30525907178547484,0.34391061459439065
4.1071457862854,1.7999999999999998,-3.1967621831809954,-7.709767408361415,-13.235413725989911,2.0,1.9847840992439865,1.8173570303410544,1.916431702361509,4.996762183180995,4.51300522518042,5.525646317628496,-0.003237816819004813,-0.4869947748195802,0.525646317628496
4.207665205001831,1.7999999999999998,-3.1967621831809954,-7.709767408361415,-13.235413725989911,2.0,1.9847840992439865,1.8173570303410544,1.916431702361509,4.996762183180995,4.51300522518042,5.525646317628496,-0.003237816819004813,-0.4869947748195802,0.525646317628496
4.307156562805176,1.7999999999999998,-2.9991782351346434,-7.709767408361415,-13.045153343774295,2.0,1.9758394804635173,1.8173570303410544,1.902603822156152,4.799178235134644,4.710589173226772,5.33538593541288,-0.2008217648653563,-0.2894108267732278,0.3353859354128801
4.4070658683776855,1.7999999999999998,-2.9991782351346434,-7.709767408361415,-13.045153343774295,2.0,1.9758394804635173,1.8173570303410544,1.902603822156152,4.799178235134644,4.710589173226772,5.33538593541288,-0.2008217648653563,-0.2894108267732278,0.3353859354128801
4.507049798965454,1.9999999999999998,-2.9991782351346434,-7.709767408361415,-13.045153343774295,2.0,1.9758394804635173,1.8173570303410544,1.902603822156152,4.999178235134643,4.710589173226772,5.33538593541288,-0.0008217648653570109,-0.2894108267732278,0.3353859354128801
4.607043743133545,1.9999999999999998,-2.9991782351346434,-7.709767408361415,-12.85632355960603,2.0,1.9758394804635173,1.8173570303410544,1.8882978416826446,4.999178235134643,4.710589173226772,5.146556151244615,-0.0008217648653570109,-0.2894108267732278,0.1465561512446154
4.707297086715698,1.9999999999999998,-2.8024051117563267,-7.709767408361415,-12.85632355960603,2.0,1.967731233783168,1.8173570303410544,1.8882978416826446,4.802405111756326,4.907362296605088,5.146556151244615,-0.19759488824367377,-0.09263770339491195,0.1465561512446154
4.807061433792114,2.1999999999999997,-2.8024051117563267,-7.709767408361415,-12.85632355960603,2.0,1.967731233783168,1.8173570303410544,1.8882978416826446,5.002405111756326,4.907362296605088,5.146556151244615,0.0024051117563264057,-0.09263770339491195,0.1465561512446154
4.907068252563477,2.1999999999999997,-2.8024051117563267,-7.709767408361415,-12.668952337442276,2.0,1.967731233783168,1.8173570303410544,1.873712221637553,5.002405111756326,4.907362296605088,4.959184929080861,0.0024051117563264057,-0.09263770339491195,-0.040815070919139274
5.008244037628174,2.1999999999999997,-2.6063618126894936,-7.709767408361415,-12.668952337442276,2.0,1.9604329906683309,1.8173570303410544,1.873712221637553,4.806361812689493,5.103405595671921,4.959184929080861,-0.19363818731050664,0.10340559567192109,-0.040815070919139274
5.107079744338989,2.4,-2.6063618126894936,-7.709767408361415,-12.668952337442276,2.0,1.9604329906683309,1.8173570303410544,1.873712221637553,5.0063618126894935,5.103405595671921,4.959184929080861,0.00636181268949354,0.10340559567192109,-0.040815070919139274
5.207073926925659,2.4,-2.6063618126894936,-7.709767408361415,-12.668952337442276,2.0,1.9604329906683309,1.8173570303410544,1.873712221637553,5.0063618126894935,5.103405595671921,4.959184929080861,0.00636181268949354,0.10340559567192109,-0.040815070919139274
5.307080984115601,2.4,-2.4109701684845595,-7.529127262650184,-12.4830489863306,2.0,1.9539164420493391,1.80640145711231,1.8590335111167624,4.810970168484559,5.118157094165625,4.953921723680415,-0.18902983151544106,0.1181570941656247,-0.04607827631958461
5.407053470611572,2.4,-2.4109701684845595,-7.529127262650184,-12.4830489863306,2.0,1.9539164420493391,1.80640145711231,1.8590335111167624,4.810970168484559,5.118157094165625,4.953921723680415,-0.18902983151544106,0.1181570941656247,-0.04607827631958461
5.507128715515137,2.4,-2.4109701684845595,-7.529127262650184,-12.4830489863306,2.0,1.9539164420493391,1.80640145711231,1.8590335111167624,4.810970168484559,5.118157094165625,4.953921723680415,-0.18902983151544106,0.1181570941656247,-0.04607827631958461
5.607246160507202,2.4,-2.4109701684845595,-7.349481867614566,-12.4830489863306,2.0,1.9539164420493391,1.7964539503561836,1.8590335111167624,4.810970168484559,4.938511699130006,5.133567118716034,-0.18902983151544106,-0.06148830086999357,0.13356711871603366
5.70706033706665,2.4,-2.2161550049735976,-7.349481867614566,-12.4830489863306,2.0,1.94815163510962,1.7964539503561836,1.8590335111167624,4.6161550049735975,5.133326862640969,5.133567118716034,-0.38384499502640246,0.1333268626409687,0.13356711871603366
5.8070948123931885,2.4,-2.2161550049735976,-7.349481867614566,-12.298612639175284,2.0,1.94815163510962,1.7964539503561836,1.844363471553165,4.6161550049735975,5.133326862640969,4.949130771560718,-0.38384499502640246,0.1333268626409687,-0.05086922843928221
5.9071924686431885,2.4,-2.2161550049735976,-7.349481867614566,-12.298612639175284,2.0,1.94815163510962,1.7964539503561836,1.844363471553165,4.6161550049735975,5.133326862640969,4.949130771560718,-0.38384499502640246,0.1333268626409687,-0.05086922843928221
6.007131576538086,2.4,-2.2161550049735976,-7.170730870532241,-12.298612639175284,2.0,1.94815163510962,1.7875099708232542,1.844363471553165,4.6161550049735975,4.954575865558644,5.127881768643043,-0.38384499502640246,-0.0454241344413564,0.1278817686430429
6.107030153274536,2.4,-2.0228442795186448,-7.170730870532241,-12.298612639175284,2.0,1.9331072545495303,1.7875099708232542,1.844363471553165,4.422844279518644,5.147886591013596,5.127881768643043,-0.5771557204813558,0.14788659101359602,0.1278817686430429
6.207049369812012,2.4,-2.0228442795186448,-7.170730870532241,-12.298612639175284,2.0,1.9331072545495303,1.7875099708232542,1.844363471553165,4.422844279518644,5.147886591013596,5.127881768643043,-0.5771557204813558,0.14788659101359602,0.1278817686430429
6.307317018508911,2.6,-2.0228442795186448,-6.992774644001941,-12.298612639175284,2.0,1.9331072545495303,1.7795622653029977,1.844363471553165,4.622844279518645,4.969930364483297,5.305837995173342,-0.3771557204813547,-0.030069635516703386,0.3058379951733423
6.407217979431152,2.6,-1.8318841907024948,-6.992774644001941,-12.298612639175284,2.0,1.9096008881615,1.7795622653029977,1.844363471553165,4.431884190702495,5.160890453299446,5.305837995173342,-0.5681158092975052,0.16089045329944618,0.3058379951733423
6.507162570953369,2.6,-1.8318841907024948,-6.992774644001941,-12.298612639175284,2.0,1.9096008881615,1.7795622653029977,1.844363471553165,4.431884190702495,5.160890453299446,5.305837995173342,-0.5681158092975052,0.16089045329944618,0.3058379951733423
6.607057809829712,2.8000000000000003,-1.8318841907024948,-6.992774644001941,-12.298612639175284,2.0,1.9096008881615,1.7795622653029977,1.844363471553165,4.631884190702495,5.160890453299446,5.305837995173342,-0.368115809297505,0.16089045329944618,0.3058379951733423
6.7070631980896,2.8000000000000003,-1.8318841907024948,-6.815514561680084,-12.298612639175284,2.0,1.9096008881615,1.7726008232185742,1.844363471553165,4.631884190702495,4.98363037097759,5.4830980774952,-0.368115809297505,-0.016369629022410237,0.4830980774951996
6.807133436203003,2.8000000000000003,-1.6430414880381243,-6.815514561680084,-12.298612639175284,2.0,1.8884270266437049,1.7726008232185742,1.844363471553165,4.443041488038125,5.17247307364196,5.4830980774952,-0.5569585119618754,0.17247307364196018,0.4830980774951996
6.90746283531189,2.8000000000000003,-1.6430414880381243,-6.815514561680084,-12.115632561252868,2.0,1.8884270266437049,1.7726008232185742,1.8298007792241515,4.443041488038125,5.17247307364196,5.300117999572784,-0.5569585119618754,0.17247307364196018,0.30011799957278384
7.0072550773620605,3.0000000000000004,-1.6430414880381243,-6.815514561680084,-12.115632561252868,2.0,1.8884270266437049,1.7726008232185742,1.8298007792241515,4.643041488038125,5.17247307364196,5.300117999572784,-0.3569585119618752,0.17247307364196018,0.30011799957278384
7.107324600219727,3.0000000000000004,-1.6430414880381243,-6.6388532750795655,-12.115632561252868,2.0,1.8884270266437049,1.766612866005182,1.8298007792241515,4.643041488038125,4.995811787041442,5.4767792861733025,-0.3569585119618752,-0.004188212958558424,0.47677928617330245
7.207680702209473,3.0000000000000004,-1.6430414880381243,-6.6388532750795655,-12.115632561252868,2.0,1.8884270266437049,1.766612866005182,1.8298007792241515,4.643041488038125,4.995811787041442,5.4767792861733025,-0.3569585119618752,-0.004188212958558424,0.47677928617330245
7.307051420211792,3.0000000000000004,-1.4560909941467128,-6.6388532750795655,-11.934088504493205,2.0,1.8695049389141147,1.766612866005182,1.8154405675966292,4.456090994146713,5.182762280932852,5.29523522941364,-0.5439090058532869,0.1827622809328524,0.29523522941364
7.4073991775512695,3.0000000000000004,-1.4560909941467128,-6.6388532750795655,-11.934088504493205,2.0,1.8695049389141147,1.766612866005182,1.8154405675966292,4.456090994146713,5.182762280932852,5.29523522941364,-0.5439090058532869,0.1827622809328524,0.29523522941364
7.507062911987305,3.0000000000000004,-1.4560909941467128,-6.462779988392888,-11.934088504493205,2.0,1.8695049389141147,1.7607328668667759,1.8154405675966292,4.456090994146713,5.006688994246175,5.471308516100318,-0.5439090058532869,0.006688994246174751,0.47130851610031765
7.607119560241699,3.2000000000000006,-1.4560909941467128,-6.462779988392888,-11.934088504493205,2.0,1.8695049389141147,1.7607328668667759,1.8154405675966292,4.656090994146713,5.006688994246175,5.471308516100318,-0.34390900585328676,0.006688994246174751,0.47130851610031765
7.707381963729858,3.2000000000000006,-1.4560909941467128,-6.462779988392888,-11.753951104337924,2.0,1.8695049389141147,1.7607328668667759,1.8013740015528075,4.656090994146713,5.006688994246175,5.291171115945036,-0.34390900585328676,0.006688994246174751,0.2911711159450361
7.807262182235718,3.2000000000000006,-1.2708160847958807,-6.462779988392888,-11.753951104337924,2.0,1.8527490935083213,1.7607328668667759,1.8013740015528075,4.4708160847958816,5.191963903597007,5.291171115945036,-0.5291839152041184,0.19196390359700732,0.2911711159450361
7.907057762145996,3.2000000000000006,-1.2708160847958807,-6.462779988392888,-11.753951104337924,2.0,1.8527490935083213,1.7607328668667759,1.8013740015528075,4.4708160847958816,5.191963903597007,5.291171115945036,-0.5291839152041184,0.19196390359700732,0.2911711159450361
8.007376194000244,3.2000000000000006,-1.2708160847958807,-6.287361278547401,-11.753951104337924,2.0,1.8527490935083213,1.7541870984548735,1.8013740015528075,4.4708160847958816,5.01654519375152,5.466589825790523,-0.5291839152041184,0.016545193751520415,0.466589825790523
8.107131481170654,3.400000000000001,-1.2708160847958807,-6.287361278547401,-11.753951104337924,2.0,1.8527490935083213,1.7541870984548735,1.8013740015528075,4.670816084795882,5.01654519375152,5.466589825790523,-0.32918391520411827,0.016545193751520415,0.466589825790523
8.207128286361694,3.400000000000001,-1.2708160847958807,-6.287361278547401,-11.753951104337924,2.0,1.8527490935083213,1.7541870984548735,1.8013740015528075,4.670816084795882,5.01654519375152,5.466589825790523,-0.32918391520411827,0.016545193751520415,0.466589825790523
8.307145595550537,3.400000000000001,-1.2708160847958807,-6.287361278547401,-11.575182315770961,2.0,1.8527490935083213,1.7541870984548735,1.787687885669622,4.670816084795882,5.01654519375152,5.28782103722356,-0.32918391520411827,0.016545193751520415,0.28782103722356034
8.407081127166748,3.400000000000001,-1.2708160847958807,-6.287361278547401,-11.575182315770961,2.0,1.8527490935083213,1.7541870984548735,1.787687885669622,4.670816084795882,5.01654519375152,5.28782103722356,-0.32918391520411827,0.016545193751520415,0.28782103722356034
8.507144927978516,3.400000000000001,-1.2708160847958807,-6.112647050323856,-11.575182315770961,2.0,1.8527490935083213,1.7471422822354439,1.787687885669622,4.670816084795882,4.841830965527976,5.462535265447105,-0.32918391520411827,-0.15816903447202435,0.4625352654471051
8.607057332992554,3.400000000000001,-1.2708160847958807,-6.112647050323856,-11.397735884933153,2.0,1.8527490935083213,1.7471422822354439,1.774464308378082,4.670816084795882,4.841830965527976,5.285088834609297,-0.32918391520411827,-0.15816903447202435,0.28508883460929724
8.707200288772583,3.400000000000001,-1.2708160847958807,-6.112647050323856,-11.397735884933153,2.0,1.8527490935083213,1.7471422822354439,1.774464308378082,4.670816084795882,4.841830965527976,5.285088834609297,-0.32918391520411827,-0.15816903447202435,0.28508883460929724
8.807355165481567,3.400000000000001,-1.2708160847958807,-5.938671140565996,-11.397735884933153,2.0,1.8527490935083213,1.7397590975785946,1.774464308378082,4.670816084795882,4.667855055770116,5.459064744367157,-0.32918391520411827,-0.33214494422988405,0.45906474436715694
8.907619953155518,3.400000000000001,-1.0870090877691356,-5.938671140565996,-11.221557852585061,2.0,1.8380699702674497,1.7397590975785946,1.7617803234809295,4.487009087769136,4.851662052796861,5.282886712019065,-0.5129909122308636,-0.14833794720313875,0.28288671201906457
9.007055521011353,3.400000000000001,-1.0870090877691356,-5.938671140565996,-11.221557852585061,2.0,1.8380699702674497,1.7397590975785946,1.7617803234809295,4.487009087769136,4.851662052796861,5.282886712019065,-0.5129909122308636,-0.14833794720313875,0.28288671201906457
9.10727858543396,3.400000000000001,-1.0870090877691356,-5.765452035561848,-11.221557852585061,2.0,1.8380699702674497,1.7321910500414786,1.7617803234809295,4.487009087769136,4.678442947792712,5.456105817023213,-0.5129909122308636,-0.3215570522072877,0.4561058170232126
9.207062005996704,3.400000000000001,-1.0870090877691356,-5.765452035561848,-11.221557852585061,2.0,1.8380699702674497,1.7321910500414786,1.7617803234809295,4.487009087769136,4.678442947792712,5.456105817023213,-0.5129909122308636,-0.3215570522072877,0.4561058170232126
9.307121276855469,3.600000000000001,-0.9044716050656846,-5.765452035561848,-11.04659431056892,2.0,1.8253748270345105,1.7321910500414786,1.749635420161406,4.504471605065685,4.860980430496164,5.281142275007072,-0.4955283949343148,-0.13901956950383632,0.28114227500707223
9.407060146331787,3.600000000000001,-0.9044716050656846,-5.592993684456929,-11.04659431056892,2.0,1.8253748270345105,1.7245835110491918,1.749635420161406,4.504471605065685,4.6885220793912445,5.453600626111991,-0.4955283949343148,-0.31147792060875545,0.45360062611199137
9.50804591178894,3.600000000000001,-0.9044716050656846,-5.592993684456929,-11.04659431056892,2.0,1.8253748270345105,1.7245835110491918,1.749635420161406,4.504471605065685,4.6885220793912445,5.453600626111991,-0.4955283949343148,-0.31147792060875545,0.45360062611199137
9.60706615447998,3.800000000000001,-0.9044716050656846,-5.592993684456929,-11.04659431056892,2.0,1.8253748270345105,1.7245835110491918,1.749635420161406,4.704471605065685,4.6885220793912445,5.453600626111991,-0.2955283949343146,-0.31147792060875545,0.45360062611199137
9.707092523574829,3.800000000000001,-0.7240147629531812,-5.592993684456929,-11.04659431056892,2.0,1.804568421125034,1.7245835110491918,1.749635420161406,4.524014762953183,4.868978921503748,5.453600626111991,-0.4759852370468174,-0.13102107849625177,0.45360062611199137
9.807109117507935,3.800000000000001,-0.7240147629531812,-5.592993684456929,-10.872798189966325,2.0,1.804568421125034,1.7245835110491918,1.7379612060259593,4.524014762953183,4.868978921503748,5.279804505509396,-0.4759852370468174,-0.13102107849625177,0.2798045055093956
9.90707278251648,3.800000000000001,-0.7240147629531812,-5.421286392427171,-10.872798189966325,2.0,1.804568421125034,1.7170729202975796,1.7379612060259593,4.524014762953183,4.69727162947399,5.451511797539154,-0.4759852370468174,-0.30272837052601,0.4515117975391538
10.007317781448364,4.000000000000001,-0.7240147629531812,-5.421286392427171,-10.872798189966325,2.0,1.804568421125034,1.7170729202975796,1.7379612060259593,4.724014762953182,4.69727162947399,5.451511797539154,-0.2759852370468181,-0.30272837052601,0.4515117975391538
10.107062339782715,4.000000000000001,-0.7240147629531812,-5.421286392427171,-10.872798189966325,2.0,1.804568421125034,1.7170729202975796,1.7379612060259593,4.724014762953182,4.69727162947399,5.451511797539154,-0.2759852370468181,-0.30272837052601,0.4515117975391538
10.20706558227539,4.000000000000001,-0.7240147629531812,-5.421286392427171,-10.872798189966325,2.0,1.804568421125034,1.7170729202975796,1.7379612060259593,4.724014762953182,4.69727162947399,5.451511797539154,-0.2759852370468181,-0.30272837052601,0.4515117975391538
10.307043075561523,4.000000000000001,-0.5453743943949122,-5.421286392427171,-10.70012786505584,2.0,1.7864036855826904,1.7170729202975796,1.7267032491048415,4.545374394394913,4.875911998032259,5.278841472628669,-0.454625605605087,-0.12408800196774106,0.27884147262866943
10.407625675201416,4.000000000000001,-0.5453743943949122,-5.421286392427171,-10.70012786505584,2.0,1.7864036855826904,1.7170729202975796,1.7267032491048415,4.545374394394913,4.875911998032259,5.278841472628669,-0.454625605605087,-0.12408800196774106,0.27884147262866943
10.507060289382935,4.000000000000001,-0.5453743943949122,-5.421286392427171,-10.70012786505584,2.0,1.7864036855826904,1.7170729202975796,1.7267032491048415,4.545374394394913,4.875911998032259,5.278841472628669,-0.454625605605087,-0.12408800196774106,0.27884147262866943
10.6070556640625,4.000000000000001,-0.36829838334933007,-5.421286392427171,-10.70012786505584,2.0,1.7707601104558208,1.7170729202975796,1.7267032491048415,4.368298383349331,5.052988009077841,5.278841472628669,-0.6317016166506688,0.052988009077840736,0.27884147262866943
10.707074642181396,4.000000000000001,-0.36829838334933007,-5.421286392427171,-10.528545809735117,2.0,1.7707601104558208,1.7170729202975796,1.715820553207234,4.368298383349331,5.052988009077841,5.107259417307946,-0.6317016166506688,0.052988009077840736,0.10725941730794641
10.807077884674072,4.000000000000001,-0.36829838334933007,-5.421286392427171,-10.528545809735117,2.0,1.7707601104558208,1.7170729202975796,1.715820553207234,4.368298383349331,5.052988009077841,5.107259417307946,-0.6317016166506688,0.052988009077840736,0.10725941730794641
10.907115697860718,4.000000000000001,-0.19254696127064788,-5.421286392427171,-10.528545809735117,2.0,1.7575142207868217,1.7170729202975796,1.715820553207234,4.192546961270649,5.228739431156523,5.107259417307946,-0.807453038729351,0.22873943115652295,0.10725941730794641
11.007155179977417,4.000000000000001,-0.19254696127064788,-5.250392778243423,-10.528545809735117,2.0,1.7575142207868217,1.7089361418374756,1.715820553207234,4.192546961270649,5.057845816972775,5.278153031491694,-0.807453038729351,0.05784581697277513,0.27815303149169424
11.10706901550293,4.198500000000001,-0.19254696127064788,-5.250392778243423,-10.528545809735117,1.985,1.7575142207868217,1.7089361418374756,1.715820553207234,4.391046961270649,5.057845816972775,5.278153031491694,-0.6089530387293509,0.05784581697277513,0.27815303149169424
11.20713472366333,4.198500000000001,-0.19254696127064788,-5.250392778243423,-10.528545809735117,1.985,1.7575142207868217,1.7089361418374756,1.715820553207234,4.391046961270649,5.057845816972775,5.278153031491694,-0.6089530387293509,0.05784581697277513,0.27815303149169424
11.307114362716675,4.198500000000001,-0.018892918151907023,-5.080354331790471,-10.528545809735117,1.985,1.7365404311874084,1.7003844645295183,1.715820553207234,4.217392918151908,5.061461413638565,5.448191477944646,-0.7826070818480924,0.06146141363856472,0.4481914779446461
11.407450199127197,4.395500000000001,-0.018892918151907023,-5.080354331790471,-10.528545809735117,1.9700000000000002,1.7365404311874084,1.7003844645295183,1.715820553207234,4.414392918151908,5.061461413638565,5.448191477944646,-0.5856070818480923,0.06146141363856472,0.4481914779446461
11.507134437561035,4.395500000000001,-0.018892918151907023,-5.080354331790471,-10.528545809735117,1.9700000000000002,1.7365404311874084,1.7003844645295183,1.715820553207234,4.414392918151908,5.061461413638565,5.448191477944646,-0.5856070818480923,0.06146141363856472,0.4481914779446461
11.607093334197998,4.395500000000001,0.1528357661080941,-5.080354331790471,-10.528545809735117,1.9700000000000002,1.7172868426000112,1.7003844645295183,1.715820553207234,4.242664233891907,5.233190097898565,5.448191477944646,-0.7573357661080928,0.23319009789856526,0.4481914779446461
11.707063436508179,4.395500000000001,0.1528357661080941,-4.911192600427904,-10.528545809735117,1.9700000000000002,1.7172868426000112,1.6916173136256796,1.715820553207234,4.242664233891907,5.0640283665359975,5.617353209307214,-0.7573357661080928,0.06402836653599753,0.6173532093072138
11.807082891464233,4.591000000000001,0.1528357661080941,-4.911192600427904,-10.358017321568854,1.9550000000000003,1.7172868426000112,1.6916173136256796,1.705284881662637,4.438164233891907,5.0640283665359975,5.44682472114095,-0.5618357661080928,0.06402836653599753,0.44682472114094995
11.907188415527344,4.591000000000001,0.3227994767967547,-4.911192600427904,-10.358017321568854,1.9550000000000003,1.6996371068866056,1.6916173136256796,1.705284881662637,4.268200523203246,5.233992077224658,5.44682472114095,-0.7317994767967537,0.23399207722465842,0.44682472114094995
12.007080078125,4.591000000000001,0.3227994767967547,-4.74291046561226,-10.358017321568854,1.9550000000000003,1.6996371068866056,1.6828213481564338,1.705284881662637,4.268200523203246,5.065709942409015,5.6151068559565935,-0.7317994767967537,0.06570994240901484,0.6151068559565935
12.107104063034058,4.785000000000001,0.3227994767967547,-4.74291046561226,-10.358017321568854,1.9400000000000004,1.6996371068866056,1.6828213481564338,1.705284881662637,4.462200523203246,5.065709942409015,5.6151068559565935,-0.5377994767967538,0.06570994240901484,0.6151068559565935
12.207156896591187,4.785000000000001,0.3227994767967547,-4.74291046561226,-10.358017321568854,1.9400000000000004,1.6996371068866056,1.6828213481564338,1.705284881662637,4.462200523203246,5.065709942409015,5.6151068559565935,-0.5377994767967538,0.06570994240901484,0.6151068559565935
12.307079553604126,4.785000000000001,0.49114709324633865,-4.74291046561226,-10.188509326181938,1.9400000000000004,1.6834761644958396,1.6828213481564338,1.6950799538691574,4.293852906753663,5.2340575588585985,5.445598860569678,-0.7061470932463374,0.23405755885859847,0.4455988605696781
12.407081127166748,4.785000000000001,0.49114709324633865,-4.575578490395067,-10.188509326181938,1.9400000000000004,1.6834761644958396,1.6733197521719294,1.6950799538691574,4.293852906753663,5.066725583641405,5.612930835786871,-0.7061470932463374,0.06672558364140535,0.6129308357868712
12.507098913192749,4.785000000000001,0.49114709324633865,-4.575578490395067,-10.188509326181938,1.9400000000000004,1.6834761644958396,1.6733197521719294,1.6950799538691574,4.293852906753663,5.066725583641405,5.612930835786871,-0.7061470932463374,0.06672558364140535,0.6129308357868712
12.607133626937866,4.785000000000001,0.49114709324633865,-4.575578490395067,-10.01998927239482,1.9400000000000004,1.6834761644958396,1.6733197521719294,1.6852005378711696,4.293852906753663,5.066725583641405,5.444410781999753,-0.7061470932463374,0.06672558364140535,0.44441078199975337
12.707109689712524,4.785000000000001,0.6580161649137242,-4.575578490395067,-10.01998927239482,1.9400000000000004,1.6686907166738556,1.6733197521719294,1.6852005378711696,4.126983835086277,5.233594655308791,5.444410781999753,-0.8730161649137234,0.2335946553087913,0.44441078199975337
12.807123899459839,4.785000000000001,0.6580161649137242,-4.409252707171934,-10.01998927239482,1.9400000000000004,1.6686907166738556,1.663257832231334,1.6852005378711696,4.126983835086277,5.067268872085658,5.610736565222886,-0.8730161649137234,0.06726887208565824,0.6107365652228864
12.907093048095703,4.785000000000001,0.6580161649137242,-4.409252707171934,-9.852431351305215,1.9400000000000004,1.6686907166738556,1.663257832231334,1.675579210896044,4.126983835086277,5.067268872085658,5.4431786441332815,-0.8730161649137234,0.06726887208565824,0.44317864413328145
13.007187843322754,4.785000000000001,0.8226906300231502,-4.409252707171934,-9.852431351305215,1.9400000000000004,1.646744651094261,1.663257832231334,1.675579210896044,3.962309369976851,5.231943337195084,5.4431786441332815,-1.0376906300231492,0.23194333719508364,0.44317864413328145
13.107105016708374,4.785000000000001,0.8226906300231502,-4.2439756288317145,-9.852431351305215,1.9400000000000004,1.646744651094261,1.6527707834021903,1.675579210896044,3.962309369976851,5.066666258854864,5.608455722473501,-1.0376906300231492,0.06666625885486432,0.6084557224735008
13.207094430923462,4.785000000000001,0.8226906300231502,-4.2439756288317145,-9.852431351305215,1.9400000000000004,1.646744651094261,1.6527707834021903,1.675579210896044,3.962309369976851,5.066666258854864,5.608455722473501,-1.0376906300231492,0.06666625885486432,0.6084557224735008
13.307197093963623,4.977500000000001,0.8226906300231502,-4.2439756288317145,-9.68581460308897,1.9250000000000005,1.646744651094261,1.6527707834021903,1.666167482162459,4.154809369976851,5.066666258854864,5.441838974257255,-0.8451906300231489,0.06666625885486432,0.44183897425725505
13.407287836074829,4.977500000000001,0.9845226847737065,-4.2439756288317145,-9.68581460308897,1.9250000000000005,1.6183205475055626,1.6527707834021903,1.666167482162459,3.9929773152262946,5.228498313605421,5.441838974257255,-1.0070226847737054,0.22849831360542083,0.44183897425725505
13.50713849067688,4.977500000000001,0.9845226847737065,-4.079777293832356,-9.68581460308897,1.9250000000000005,1.6183205475055626,1.641983349993585,1.666167482162459,3.9929773152262946,5.064299978606062,5.606037309256614,-1.0070226847737054,0.06429997860606207,0.6060373092566138
13.60708999633789,5.168500000000001,0.9845226847737065,-4.079777293832356,-9.68581460308897,1.9100000000000006,1.6183205475055626,1.641983349993585,1.666167482162459,4.1839773152262945,5.064299978606062,5.606037309256614,-0.8160226847737055,0.06429997860606207,0.6060373092566138
13.707104921340942,5.168500000000001,0.9845226847737065,-4.079777293832356,-9.68581460308897,1.9100000000000006,1.6183205475055626,1.641983349993585,1.666167482162459,4.1839773152262945,5.064299978606062,5.606037309256614,-0.8160226847737055,0.06429997860606207,0.6060373092566138
13.807234048843384,5.168500000000001,0.9845226847737065,-4.079777293832356,-9.520121146207712,1.9100000000000006,1.6183205475055626,1.641983349993585,1.65693456881257,4.1839773152262945,5.064299978606062,5.4403438523753564,-0.8160226847737055,0.06429997860606207,0.44034385237535645
13.907082080841064,5.168500000000001,1.1437730617203496,-4.079777293832356,-9.520121146207712,1.9100000000000006,1.5925037694664324,1.641983349993585,1.65693456881257,4.024726938279651,5.223550355552705,5.4403438523753564,-0.9752730617203493,0.22355035555270497,0.44034385237535645
14.007148742675781,5.3580000000000005,1.1437730617203496,-4.079777293832356,-9.520121146207712,1.8950000000000007,1.5925037694664324,1.641983349993585,1.65693456881257,4.214226938279651,5.223550355552705,5.4403438523753564,-0.7857730617203487,0.22355035555270497,0.44034385237535645
14.107147693634033,5.3580000000000005,1.1437730617203496,-3.9166763326058245,-9.520121146207712,1.8950000000000007,1.5925037694664324,1.6310096122653106,1.65693456881257,4.214226938279651,5.060449394326174,5.603444813601888,-0.7857730617203487,0.06044939432617369,0.6034448136018877
14.207075357437134,5.3580000000000005,1.1437730617203496,-3.9166763326058245,-9.520121146207712,1.8950000000000007,1.5925037694664324,1.6310096122653106,1.65693456881257,4.214226938279651,5.060449394326174,5.603444813601888,-0.7857730617203487,0.06044939432617369,0.6034448136018877
14.307102918624878,5.3580000000000005,1.1437730617203496,-3.9166763326058245,-9.355334541688727,1.8950000000000007,1.5925037694664324,1.6310096122653106,1.6478660451898517,4.214226938279651,5.060449394326174,5.438658209082902,-0.7857730617203487,0.06044939432617369,0.4386582090829023
14.408137798309326,5.3580000000000005,1.1437730617203496,-3.754752656255517,-9.355334541688727,1.8950000000000007,1.5925037694664324,1.6192367635030753,1.6478660451898517,4.214226938279651,4.8985257179758666,5.6005818854332095,-0.7857730617203487,-0.10147428202413344,0.6005818854332095
14.50711965560913,5.546,1.1437730617203496,-3.754752656255517,-9.355334541688727,1.8800000000000008,1.5925037694664324,1.6192367635030753,1.6478660451898517,4.40222693827965,4.8985257179758666,5.6005818854332095,-0.5977730617203498,-0.10147428202413344,0.6005818854332095
14.607149362564087,5.546,1.1437730617203496,-3.754752656255517,-9.191445527257416,1.8800000000000008,1.5925037694664324,1.6192367635030753,1.638890144313101,4.40222693827965,4.8985257179758666,5.436692871001899,-0.5977730617203498,-0.10147428202413344,0.4366928710018989
14.707061529159546,5.546,1.3006870432026596,-3.754752656255517,-9.191445527257416,1.8800000000000008,1.5691398148231004,1.6192367635030753,1.638890144313101,4.24531295679734,5.0554396994581765,5.436692871001899,-0.7546870432026598,0.055439699458176506,0.4366928710018989
14.80717420578003,5.546,1.3006870432026596,-3.5941399329280435,-9.191445527257416,1.8800000000000008,1.5691398148231004,1.6061272332747354,1.638890144313101,4.24531295679734,4.8948269761307035,5.597305594329373,-0.7546870432026598,-0.1051730238692965,0.5973055943293728
14.907072067260742,5.546,1.3006870432026596,-3.5941399329280435,-9.191445527257416,1.8800000000000008,1.5691398148231004,1.6061272332747354,1.638890144313101,4.24531295679734,4.8948269761307035,5.597305594329373,-0.7546870432026598,-0.1051730238692965,0.5973055943293728
15.007083415985107,5.546,1.3006870432026596,-3.5941399329280435,-9.028450607222332,1.8800000000000008,1.5691398148231004,1.6061272332747354,1.6299492003508338,4.24531295679734,4.8948269761307035,5.434310674294289,-0.7546870432026598,-0.1051730238692965,0.4343106742942888
15.107158422470093,5.546,1.4554944709503714,-3.5941399329280435,-9.028450607222332,1.8800000000000008,1.5480742774771195,1.6061272332747354,1.6299492003508338,4.090505529049629,5.0496344038784144,5.434310674294289,-0.9094944709503707,0.049634403878414446,0.4343106742942888
15.207110404968262,5.546,1.4554944709503714,-3.5941399329280435,-9.028450607222332,1.8800000000000008,1.5480742774771195,1.6061272332747354,1.6299492003508338,4.090505529049629,5.0496344038784144,5.434310674294289,-0.9094944709503707,0.049634403878414446,0.4343106742942888
15.307063579559326,5.734,1.4554944709503714,-3.434946632337794,-9.028450607222332,1.8800000000000008,1.5480742774771195,1.5919330059024908,1.6299492003508338,4.278505529049628,4.890441103288166,5.593503974884538,-0.7214944709503719,-0.10955889671183439,0.5935039748845377
15.407004594802856,5.734,1.4554944709503714,-3.434946632337794,-9.028450607222332,1.8800000000000008,1.5480742774771195,1.5919330059024908,1.6299492003508338,4.278505529049628,4.890441103288166,5.593503974884538,-0.7214944709503719,-0.10955889671183439,0.5935039748845377
15.507397174835205,5.734,1.6084098321235145,-3.434946632337794,-9.028450607222332,1.8800000000000008,1.5291536117314315,1.5919330059024908,1.6299492003508338,4.125590167876485,5.043356464461309,5.593503974884538,-0.874409832123515,0.0433564644613087,0.5935039748845377
15.607146739959717,5.922,1.6084098321235145,-3.434946632337794,-9.028450607222332,1.8800000000000008,1.5291536117314315,1.5919330059024908,1.6299492003508338,4.313590167876486,5.043356464461309,5.593503974884538,-0.6864098321235144,0.0433564644613087,0.5935039748845377
15.707146406173706,5.922,1.6084098321235145,-3.277257508898478,-9.028450607222332,1.8800000000000008,1.5291536117314315,1.5768912343931623,1.6299492003508338,4.313590167876486,4.885667341021993,5.751193098323855,-0.6864098321235144,-0.11433265897800737,0.7511930983238546
15.807278156280518,5.922,1.6084098321235145,-3.277257508898478,-9.028450607222332,1.8800000000000008,1.5291536117314315,1.5768912343931623,1.6299492003508338,4.313590167876486,4.885667341021993,5.751193098323855,-0.6864098321235144,-0.11433265897800737,0.7511930983238546
15.907089233398438,5.922,1.7597599152421886,-3.277257508898478,-9.028450607222332,1.8800000000000008,1.5135008311867413,1.5768912343931623,1.6299492003508338,4.162240084757811,5.037017424140666,5.751193098323855,-0.8377599152421888,0.03701742414066622,0.7511930983238546
16.00710916519165,5.922,1.7597599152421886,-3.121135161215246,-9.028450607222332,1.8800000000000008,1.5135008311867413,1.5612234768323212,1.6299492003508338,4.162240084757811,4.880895076457435,5.907315446007086,-0.8377599152421888,-0.11910492354256519,0.907315446007086
16.10707926750183,5.922,1.7597599152421886,-3.121135161215246,-8.866350739630885,1.8800000000000008,1.5135008311867413,1.5612234768323212,1.6209986759144732,4.162240084757811,4.880895076457435,5.745215578415639,-0.8377599152421888,-0.11910492354256519,0.7452155784156389
16.207151651382446,5.922,1.7597599152421886,-3.121135161215246,-8.866350739630885,1.8800000000000008,1.5135008311867413,1.5612234768323212,1.6209986759144732,4.162240084757811,4.880895076457435,5.745215578415639,-0.8377599152421888,-0.11910492354256519,0.7452155784156389
16.307276010513306,5.922,1.9098531921351578,-2.966621647486127,-8.866350739630885,1.8800000000000008,1.5009327689296925,1.5451351372911881,1.6209986759144732,4.012146807864842,4.8764748396212845,5.899729092144758,-0.9878531921351579,-0.12352516037871553,0.8997290921447583
16.407212734222412,5.922,1.9098531921351578,-2.966621647486127,-8.866350739630885,1.8800000000000008,1.5009327689296925,1.5451351372911881,1.6209986759144732,4.012146807864842,4.8764748396212845,5.899729092144758,-0.9878531921351579,-0.12352516037871553,0.8997290921447583
16.507126808166504,5.922,1.9098531921351578,-2.966621647486127,-8.866350739630885,1.8800000000000008,1.5009327689296925,1.5451351372911881,1.6209986759144732,4.012146807864842,4.8764748396212845,5.899729092144758,-0.9878531921351579,-0.12352516037871553,0.8997290921447583
16.607011556625366,5.922,2.058039740916014,-2.966621647486127,-8.866350739630885,1.8800000000000008,1.4818654878085593,1.5451351372911881,1.6209986759144732,3.863960259083986,5.024661388402141,5.899729092144758,-1.1360397409160141,0.024661388402140716,0.8997290921447583
16.70708441734314,6.109999999999999,2.058039740916014,-2.813729300392202,-8.866350739630885,1.8800000000000008,1.4818654878085593,1.528923470939248,1.6209986759144732,4.051960259083986,4.871769041308216,6.052621439238683,-0.9480397409160144,-0.12823095869178402,1.052621439238683
16.807071208953857,6.109999999999999,2.058039740916014,-2.813729300392202,-8.866350739630885,1.8800000000000008,1.4818654878085593,1.528923470939248,1.6209986759144732,4.051960259083986,4.871769041308216,6.052621439238683,-0.9480397409160144,-0.12823095869178402,1.052621439238683
16.907720804214478,6.109999999999999,2.2037311670898214,-2.813729300392202,-8.866350739630885,1.8800000000000008,1.456914261738074,1.528923470939248,1.6209986759144732,3.906268832910178,5.017460467482024,6.052621439238683,-1.093731167089822,0.017460467482023567,1.052621439238683
17.0071964263916,6.109999999999999,2.2037311670898214,-2.662442966451717,-8.866350739630885,1.8800000000000008,1.456914261738074,1.5128633394048516,1.6209986759144732,3.906268832910178,4.866174133541538,6.203907773179168,-1.093731167089822,-0.13382586645846217,1.2039077731791679
17.107104301452637,6.297999999999999,2.2037311670898214,-2.662442966451717,-8.866350739630885,1.8800000000000008,1.456914261738074,1.5128633394048516,1.6209986759144732,4.094268832910178,4.866174133541538,6.203907773179168,-0.9057311670898223,-0.13382586645846217,1.2039077731791679
17.20710301399231,6.297999999999999,2.2037311670898214,-2.662442966451717,-8.866350739630885,1.8800000000000008,1.456914261738074,1.5128633394048516,1.6209986759144732,4.094268832910178,4.866174133541538,6.203907773179168,-0.9057311670898223,-0.13382586645846217,1.2039077731791679
17.307176113128662,6.297999999999999,2.347338623334275,-2.512802201787163,-8.705150127417813,1.8800000000000008,1.436074562444537,1.4964076466455347,1.6120061221307287,3.950661376665724,4.860140825121438,6.192347925630649,-1.0493386233342759,-0.1398591748785618,1.1923479256306493
17.407097578048706,6.485999999999999,2.347338623334275,-2.512802201787163,-8.705150127417813,1.8800000000000008,1.436074562444537,1.4964076466455347,1.6120061221307287,4.138661376665723,4.860140825121438,6.192347925630649,-0.8613386233342766,-0.1398591748785618,1.1923479256306493
17.50707483291626,6.485999999999999,2.347338623334275,-2.512802201787163,-8.705150127417813,1.8800000000000008,1.436074562444537,1.4964076466455347,1.6120061221307287,4.138661376665723,4.860140825121438,6.192347925630649,-0.8613386233342766,-0.1398591748785618,1.1923479256306493
17.607099294662476,6.485999999999999,2.347338623334275,-2.512802201787163,-8.544855118309604,1.8800000000000008,1.436074562444537,1.4964076466455347,1.6029500910820946,4.138661376665723,4.860140825121438,6.03205291652244,-0.8613386233342766,-0.1398591748785618,1.0320529165224404
17.707120180130005,6.485999999999999,2.489250789962501,-2.512802201787163,-8.544855118309604,1.8800000000000008,1.4191216662822603,1.4964076466455347,1.6029500910820946,3.996749210037498,5.002052991749665,6.03205291652244,-1.003250789962502,0.0020529917496645567,1.0320529165224404
17.80711007118225,6.673999999999999,2.489250789962501,-2.512802201787163,-8.544855118309604,1.8800000000000008,1.4191216662822603,1.4964076466455347,1.6029500910820946,4.184749210037498,5.002052991749665,6.03205291652244,-0.8152507899625023,0.0020529917496645567,1.0320529165224404
17.907113790512085,6.673999999999999,2.489250789962501,-2.3648947173574846,-8.544855118309604,1.8800000000000008,1.4191216662822603,1.4790748442967872,1.6029500910820946,4.184749210037498,4.854145507319986,6.179960400952119,-0.8152507899625023,-0.14585449268001405,1.179960400952119
18.008360624313354,6.673999999999999,2.489250789962501,-2.3648947173574846,-8.385479303511756,1.8800000000000008,1.4191216662822603,1.4790748442967872,1.5937581479784775,4.184749210037498,4.854145507319986,6.020584586154271,-0.8152507899625023,-0.14585449268001405,1.0205845861542713
18.10710597038269,6.673999999999999,2.6298337293106564,-2.3648947173574846,-8.385479303511756,1.8800000000000008,1.4058293934815544,1.4790748442967872,1.5937581479784775,4.044166270689342,4.994728446668141,6.020584586154271,-0.9558337293106582,-0.005271553331859025,1.0205845861542713
18.20784068107605,6.673999999999999,2.6298337293106564,-2.3648947173574846,-8.385479303511756,1.8800000000000008,1.4058293934815544,1.4790748442967872,1.5937581479784775,4.044166270689342,4.994728446668141,6.020584586154271,-0.9558337293106582,-0.005271553331859025,1.0205845861542713
18.307112216949463,6.861999999999998,2.6298337293106564,-2.3648947173574846,-8.385479303511756,1.8800000000000008,1.4058293934815544,1.4790748442967872,1.5937581479784775,4.232166270689342,4.994728446668141,6.020584586154271,-0.7678337293106576,-0.005271553331859025,1.0205845861542713
18.407055377960205,6.861999999999998,2.6298337293106564,-2.3648947173574846,-8.22704783917862,1.8800000000000008,1.4058293934815544,1.4790748442967872,1.5843146433313637,4.232166270689342,4.994728446668141,5.862153121821136,-0.7678337293106576,-0.005271553331859025,0.8621531218211356
21.11879062652588,6.861999999999998,2.6298337293106564,-2.218770068479165,-8.22704783917862,1.8800000000000008,1.4058293934815544,1.461246488783195,1.5843146433313637,4.232166270689342,4.8486037977898215,6.008277770699456,-0.7678337293106576,-0.15139620221017847,1.008277770699456
21.207082271575928,6.861999999999998,2.769430864864406,-2.218770068479165,-8.22704783917862,1.8800000000000008,1.3959713555374973,1.461246488783195,1.5843146433313637,4.092569135135593,4.988200933343571,6.008277770699456,-0.9074308648644074,-0.011799066656428714,1.008277770699456
21.30753803253174,6.861999999999998,2.769430864864406,-2.218770068479165,-8.22704783917862,1.8800000000000008,1.3959713555374973,1.461246488783195,1.5843146433313637,4.092569135135593,4.988200933343571,6.008277770699456,-0.9074308648644074,-0.011799066656428714,1.008277770699456
21.407073974609375,6.861999999999998,2.769430864864406,-2.218770068479165,-8.069594921910712,1.8800000000000008,1.3959713555374973,1.461246488783195,1.574529172679095,4.092569135135593,4.988200933343571,5.850824853431547,-0.9074308648644074,-0.011799066656428714,0.850824853431547
21.50706720352173,7.049999999999998,2.769430864864406,-2.218770068479165,-8.069594921910712,1.8800000000000008,1.3959713555374973,1.461246488783195,1.574529172679095,4.2805691351355915,4.988200933343571,5.850824853431547,-0.7194308648644085,-0.011799066656428714,0.850824853431547
21.607472896575928,7.049999999999998,2.9083630752495337,-2.218770068479165,-8.069594921910712,1.8800000000000008,1.3893221038512773,1.461246488783195,1.574529172679095,4.141636924750465,5.127133143728699,5.850824853431547,-0.8583630752495353,0.12713314372869888,0.850824853431547
21.707223415374756,7.049999999999998,2.9083630752495337,-2.0744423138886448,-8.069594921910712,1.8800000000000008,1.3893221038512773,1.4432775459052036,1.574529172679095,4.141636924750465,4.9828053891381785,5.995152608022067,-0.8583630752495353,-0.017194610861821502,0.9951526080220674
21.8070969581604,7.049999999999998,2.9083630752495337,-2.0744423138886448,-8.069594921910712,1.8800000000000008,1.3893221038512773,1.4432775459052036,1.574529172679095,4.141636924750465,4.9828053891381785,5.995152608022067,-0.8583630752495353,-0.017194610861821502,0.9951526080220674
21.907137393951416,7.049999999999998,2.9083630752495337,-2.0744423138886448,-7.913161421084029,1.8800000000000008,1.3893221038512773,1.4432775459052036,1.5643350082668321,4.141636924750465,4.9828053891381785,5.838719107195384,-0.8583630752495353,-0.017194610861821502,0.8387191071953843
22.0071804523468,7.049999999999998,3.0469288934276038,-2.0744423138886448,-7.913161421084029,1.8800000000000008,1.3856581817806983,1.4432775459052036,1.5643350082668321,4.003071106572394,5.1213712073162485,5.838719107195384,-0.9969288934276062,0.12137120731624851,0.8387191071953843
22.107068061828613,7.237999999999998,3.0469288934276038,-2.0744423138886448,-7.913161421084029,1.8800000000000008,1.3856581817806983,1.4432775459052036,1.5643350082668321,4.1910711065723945,5.1213712073162485,5.838719107195384,-0.8089288934276055,0.12137120731624851,0.8387191071953843
22.20707106590271,7.237999999999998,3.0469288934276038,-1.9318927643015171,-7.913161421084029,1.8800000000000008,1.3856581817806983,1.4254954958712767,1.5643350082668321,4.1910711065723945,4.978821657729121,5.981268656782511,-0.8089288934276055,-0.021178342270879114,0.9812686567825111
22.307042598724365,7.237999999999998,3.0469288934276038,-1.9318927643015171,-7.913161421084029,1.8800000000000008,1.3856581817806983,1.4254954958712767,1.5643350082668321,4.1910711065723945,4.978821657729121,5.981268656782511,-0.8089288934276055,-0.021178342270879114,0.9812686567825111
22.40722107887268,7.237999999999998,3.18446480168429,-1.9318927643015171,-7.913161421084029,1.8800000000000008,1.3753590825668622,1.4254954958712767,1.5643350082668321,4.053535198315708,5.1163575659858065,5.981268656782511,-0.946464801684292,0.11635756598580649,0.9812686567825111
22.507057905197144,7.237999999999998,3.18446480168429,-1.9318927643015171,-7.7577926812094775,1.8800000000000008,1.3753590825668622,1.4254954958712767,1.5536873987455104,4.053535198315708,5.1163575659858065,5.825899916907961,-0.946464801684292,0.11635756598580649,0.8258999169079608
22.607168197631836,7.237999999999998,3.18446480168429,-1.79107278969123,-7.7577926812094775,1.8800000000000008,1.3753590825668622,1.4081997461028706,1.5536873987455104,4.053535198315708,4.97553759137552,5.966719891518247,-0.946464801684292,-0.024462408624479792,0.9667198915182471
22.707072019577026,7.4259999999999975,3.18446480168429,-1.79107278969123,-7.7577926812094775,1.8800000000000008,1.3753590825668622,1.4081997461028706,1.5536873987455104,4.241535198315708,4.97553759137552,5.966719891518247,-0.7584648016842923,-0.024462408624479792,0.9667198915182471
22.80711030960083,7.4259999999999975,3.18446480168429,-1.79107278969123,-7.7577926812094775,1.8800000000000008,1.3753590825668622,1.4081997461028706,1.5536873987455104,4.241535198315708,4.97553759137552,5.966719891518247,-0.7584648016842923,-0.024462408624479792,0.9667198915182471
22.90775418281555,7.4259999999999975,3.3213055132720197,-1.79107278969123,-7.7577926812094775,1.8800000000000008,1.3684071158772988,1.4081997461028706,1.5536873987455104,4.104694486727977,5.11237830296325,5.966719891518247,-0.8953055132720227,0.11237830296324969,0.9667198915182471
23.007272481918335,7.613999999999997,3.3213055132720197,-1.79107278969123,-7.7577926812094775,1.8800000000000008,1.3684071158772988,1.4081997461028706,1.5536873987455104,4.292694486727978,5.11237830296325,5.966719891518247,-0.7073055132720221,0.11237830296324969,0.9667198915182471
23.108128547668457,7.613999999999997,3.3213055132720197,-1.6519066568942518,-7.7577926812094775,1.8800000000000008,1.3684071158772988,1.3916613279697814,1.5536873987455104,4.292694486727978,4.9732121701662715,6.105886024315225,-0.7073055132720221,-0.026787829833728516,1.1058860243152253
23.20706343650818,7.613999999999997,3.457762440366371,-1.6519066568942518,-7.7577926812094775,1.8800000000000008,1.3645692709435138,1.3916613279697814,1.5536873987455104,4.156237559633626,5.109669097260623,6.105886024315225,-0.8437624403663744,0.1096690972606229,1.1058860243152253
23.307291269302368,7.613999999999997,3.457762440366371,-1.6519066568942518,-7.603536504257944,1.8800000000000008,1.3645692709435138,1.3916613279697814,1.5425617695153322,4.156237559633626,5.109669097260623,5.951629847363693,-0.8437624403663744,0.1096690972606229,0.9516298473636926
23.407083749771118,7.613999999999997,3.457762440366371,-1.6519066568942518,-7.603536504257944,1.8800000000000008,1.3645692709435138,1.3916613279697814,1.5425617695153322,4.156237559633626,5.109669097260623,5.951629847363693,-0.8437624403663744,0.1096690972606229,0.9516298473636926
23.507046699523926,7.801999999999997,3.457762440366371,-1.6519066568942518,-7.603536504257944,1.8800000000000008,1.3645692709435138,1.3916613279697814,1.5425617695153322,4.344237559633626,5.109669097260623,5.951629847363693,-0.6557624403663738,0.1096690972606229,0.9516298473636926
23.607622146606445,7.801999999999997,3.5941240010913424,-1.6519066568942518,-7.603536504257944,1.8800000000000008,1.363615607249714,1.3916613279697814,1.5425617695153322,4.207875998908655,5.246030657985594,5.951629847363693,-0.7921240010913451,0.2460306579855942,0.9516298473636926
23.70788288116455,7.801999999999997,3.5941240010913424,-1.514294371515177,-7.603536504257944,1.8800000000000008,1.363615607249714,1.3761228537907475,1.5425617695153322,4.207875998908655,5.108418372606519,6.089242132742767,-0.7921240010913451,0.10841837260651932,1.0892421327427666
23.807161569595337,7.801999999999997,3.5941240010913424,-1.514294371515177,-7.603536504257944,1.8800000000000008,1.363615607249714,1.3761228537907475,1.5425617695153322,4.207875998908655,5.108418372606519,6.089242132742767,-0.7921240010913451,0.10841837260651932,1.0892421327427666
23.907159328460693,7.989999999999997,3.5941240010913424,-1.514294371515177,-7.450440397675691,1.8800000000000008,1.363615607249714,1.3761228537907475,1.5309610658225326,4.395875998908654,5.108418372606519,5.936146026160514,-0.6041240010913462,0.10841837260651932,0.9361460261605137
24.00705361366272,7.989999999999997,3.5941240010913424,-1.514294371515177,-7.450440397675691,1.8800000000000008,1.363615607249714,1.3761228537907475,1.5309610658225326,4.395875998908654,5.108418372606519,5.936146026160514,-0.6041240010913462,0.10841837260651932,0.9361460261605137
24.107092142105103,7.989999999999997,3.7306560169528593,-1.514294371515177,-7.450440397675691,1.8800000000000008,1.3653201586151698,1.3761228537907475,1.5309610658225326,4.259343983047137,5.244950388468037,5.936146026160514,-0.7406560169528627,0.24495038846803663,0.9361460261605137
24.207041025161743,7.989999999999997,3.7306560169528593,-1.514294371515177,-7.298549085748659,1.8800000000000008,1.3653201586151698,1.3761228537907475,1.518913119270317,4.259343983047137,5.244950388468037,5.784254714233482,-0.7406560169528627,0.24495038846803663,0.7842547142334819
24.307084560394287,7.989999999999997,3.7306560169528593,-1.378194400439896,-7.298549085748659,1.8800000000000008,1.3653201586151698,1.36099971075281,1.518913119270317,4.259343983047137,5.108850417392755,5.920354685308763,-0.7406560169528627,0.10885041739275536,0.9203546853087632
24.407167434692383,7.989999999999997,3.7306560169528593,-1.378194400439896,-7.298549085748659,1.8800000000000008,1.3653201586151698,1.36099971075281,1.518913119270317,4.259343983047137,5.108850417392755,5.920354685308763,-0.7406560169528627,0.10885041739275536,0.9203546853087632
24.50715708732605,7.989999999999997,3.8676021914606906,-1.378194400439896,-7.298549085748659,1.8800000000000008,1.369461745078313,1.36099971075281,1.518913119270317,4.122397808539306,5.245796591900587,5.920354685308763,-0.877602191460694,0.24579659190058667,0.9203546853087632
24.607178926467896,7.989999999999997,3.8676021914606906,-1.378194400439896,-7.147909083182818,1.8800000000000008,1.369461745078313,1.36099971075281,1.5064000256584091,4.122397808539306,5.245796591900587,5.769714682742922,-0.877602191460694,0.24579659190058667,0.7697146827429222
24.707683086395264,7.989999999999997,3.8676021914606906,-1.2435376705550596,-7.147909083182818,1.8800000000000008,1.369461745078313,1.346567298848365,1.5064000256584091,4.122397808539306,5.11113986201575,5.904371412627759,-0.877602191460694,0.11113986201574999,0.9043714126277589
24.808062076568604,7.989999999999997,4.004244661050592,-1.2435376705550596,-7.147909083182818,1.8800000000000008,1.3664246958990134,1.346567298848365,1.5064000256584091,3.9857553389494047,5.247782331605651,5.904371412627759,-1.0142446610505953,0.24778233160565133,0.9043714126277589
24.90713357925415,7.989999999999997,4.004244661050592,-1.2435376705550596,-6.998572610238743,1.8800000000000008,1.3664246958990134,1.346567298848365,1.4933647294407462,3.9857553389494047,5.247782331605651,5.755034939683684,-1.0142446610505953,0.24778233160565133,0.755034939683684
25.00722599029541,7.989999999999997,4.004244661050592,-1.1102304243388548,-6.998572610238743,1.8800000000000008,1.3664246958990134,1.3330724621620484,1.4933647294407462,3.9857553389494047,5.114475085389447,5.888342185899889,-1.0142446610505953,0.11447508538944717,0.888342185899889
25.1070613861084,8.177999999999997,4.004244661050592,-1.1102304243388548,-6.998572610238743,1.8800000000000008,1.3664246958990134,1.3330724621620484,1.4933647294407462,4.173755338949405,5.114475085389447,5.888342185899889,-0.8262446610505947,0.11447508538944717,0.888342185899889
25.207194089889526,8.177999999999997,4.139924509768048,-1.1102304243388548,-6.998572610238743,1.8800000000000008,1.3567984871745626,1.3330724621620484,1.4933647294407462,4.038075490231949,5.250154934106902,5.888342185899889,-0.9619245097680507,0.25015493410690226,0.888342185899889
25.30705952644348,8.177999999999997,4.139924509768048,-0.9781570608347976,-6.998572610238743,1.8800000000000008,1.3567984871745626,1.3207336350405716,1.4933647294407462,4.038075490231949,5.118081570602845,6.020415549403946,-0.9619245097680507,0.11808157060284508,1.0204155494039462
25.407899141311646,8.365999999999998,4.139924509768048,-0.9781570608347976,-6.998572610238743,1.8800000000000008,1.3567984871745626,1.3207336350405716,1.4933647294407462,4.22607549023195,5.118081570602845,6.020415549403946,-0.77392450976805,0.11808157060284508,1.0204155494039462
25.507041692733765,8.365999999999998,4.139924509768048,-0.9781570608347976,-6.998572610238743,1.8800000000000008,1.3567984871745626,1.3207336350405716,1.4933647294407462,4.22607549023195,5.118081570602845,6.020415549403946,-0.77392450976805,0.11808157060284508,1.0204155494039462
25.6071035861969,8.365999999999998,4.274980348039268,-0.9781570608347976,-6.998572610238743,1.8800000000000008,1.3505583827121952,1.3207336350405716,1.4933647294407462,4.09101965196073,5.253137408874066,6.020415549403946,-0.90898034803927,0.2531374088740659,1.0204155494039462
25.707388401031494,8.365999999999998,4.274980348039268,-0.8471829397532054,-6.998572610238743,1.8800000000000008,1.3505583827121952,1.3097412108159223,1.4933647294407462,4.09101965196073,5.122163287792473,6.151389670485538,-0.90898034803927,0.12216328779247299,1.1513896704855382
25.807274103164673,8.365999999999998,4.274980348039268,-0.8471829397532054,-6.998572610238743,1.8800000000000008,1.3505583827121952,1.3097412108159223,1.4933647294407462,4.09101965196073,5.122163287792473,6.151389670485538,-0.90898034803927,0.12216328779247299,1.1513896704855382
25.90774369239807,8.553999999999998,4.274980348039268,-0.8471829397532054,-6.998572610238743,1.8800000000000008,1.3505583827121952,1.3097412108159223,1.4933647294407462,4.279019651960731,5.122163287792473,6.151389670485538,-0.7209803480392694,0.12216328779247299,1.1513896704855382
26.00765609741211,8.553999999999998,4.274980348039268,-0.7171571287414445,-6.850016183281203,1.8800000000000008,1.3505583827121952,1.3002581101176083,1.4855642695754077,4.279019651960731,4.992137476780712,6.132859054539758,-0.7209803480392694,-0.00786252321928771,1.1328590545397583
26.107162475585938,8.553999999999998,4.274980348039268,-0.7171571287414445,-6.850016183281203,1.8800000000000008,1.3505583827121952,1.3002581101176083,1.4855642695754077,4.279019651960731,4.992137476780712,6.132859054539758,-0.7209803480392694,-0.00786252321928771,1.1328590545397583
26.207106351852417,8.741999999999999,4.274980348039268,-0.7171571287414445,-6.850016183281203,1.8800000000000008,1.3505583827121952,1.3002581101176083,1.4855642695754077,4.467019651960731,4.992137476780712,6.132859054539758,-0.5329803480392687,-0.00786252321928771,1.1328590545397583
26.307087421417236,8.741999999999999,4.274980348039268,-0.7171571287414445,-6.702349689418397,1.8800000000000008,1.3505583827121952,1.3002581101176083,1.4766649386280615,4.467019651960731,4.992137476780712,5.9851925606769525,-0.5329803480392687,-0.00786252321928771,0.9851925606769525
26.40711998939514,8.741999999999999,4.274980348039268,-0.5879949760944723,-6.702349689418397,1.8800000000000008,1.3505583827121952,1.2916215264697226,1.4766649386280615,4.467019651960731,4.86297532413374,6.114354713323925,-0.5329803480392687,-0.1370246758662601,1.1143547133239249
26.507059335708618,8.93,4.274980348039268,-0.5879949760944723,-6.702349689418397,1.8800000000000008,1.3505583827121952,1.2916215264697226,1.4766649386280615,4.655019651960732,4.86297532413374,6.114354713323925,-0.34498034803926814,-0.1370246758662601,1.1143547133239249
26.607104539871216,8.93,4.274980348039268,-0.5879949760944723,-6.555674532597156,1.8800000000000008,1.3505583827121952,1.2916215264697226,1.4667515682124046,4.655019651960732,4.86297532413374,5.967679556502684,-0.34498034803926814,-0.1370246758662601,0.9676795565026843
26.707123279571533,8.93,4.409726817508593,-0.45967181033254867,-6.555674532597156,1.8800000000000008,1.3474646946932562,1.2832316576192357,1.4667515682124046,4.520273182491406,4.869398627841142,6.096002722264608,-0.4797268175085936,-0.13060137215885792,1.0960027222646076
26.807183980941772,8.93,4.409726817508593,-0.45967181033254867,-6.555674532597156,1.8800000000000008,1.3474646946932562,1.2832316576192357,1.4667515682124046,4.520273182491406,4.869398627841142,6.096002722264608,-0.4797268175085936,-0.13060137215885792,1.0960027222646076
26.907053470611572,9.118,4.409726817508593,-0.45967181033254867,-6.555674532597156,1.8800000000000008,1.3474646946932562,1.2832316576192357,1.4667515682124046,4.708273182491407,4.869398627841142,6.096002722264608,-0.291726817508593,-0.13060137215885792,1.0960027222646076
27.007081270217896,9.118,4.54445493533283,-0.45967181033254867,-6.555674532597156,1.8800000000000008,1.3472811782423662,1.2832316576192357,1.4667515682124046,4.5735450646671705,5.004126745665379,6.096002722264608,-0.4264549353328295,0.004126745665378628,1.0960027222646076
27.10720944404602,9.118,4.54445493533283,-0.45967181033254867,-6.410081258319343,1.8800000000000008,1.3472811782423662,1.2832316576192357,1.4559327427781399,4.5735450646671705,5.004126745665379,5.950409447986794,-0.4264549353328295,0.004126745665378628,0.9504094479867939
27.207090854644775,9.306000000000001,4.54445493533283,-0.45967181033254867,-6.410081258319343,1.8800000000000008,1.3472811782423662,1.2832316576192357,1.4559327427781399,4.761545064667171,5.004126745665379,5.950409447986794,-0.2384549353328289,0.004126745665378628,0.9504094479867939
27.307108402252197,9.306000000000001,4.54445493533283,-0.33213676997802233,-6.410081258319343,1.8800000000000008,1.3472811782423662,1.2753504035452634,1.4559327427781399,4.761545064667171,4.876591705310852,6.077944488341321,-0.2384549353328289,-0.12340829468914816,1.0779444883413207
27.407227039337158,9.306000000000001,4.54445493533283,-0.33213676997802233,-6.410081258319343,1.8800000000000008,1.3472811782423662,1.2753504035452634,1.4559327427781399,4.761545064667171,4.876591705310852,6.077944488341321,-0.2384549353328289,-0.12340829468914816,1.0779444883413207
27.50713562965393,9.306000000000001,4.679432529054464,-0.33213676997802233,-6.410081258319343,1.8800000000000008,1.3497759372163354,1.2753504035452634,1.4559327427781399,4.626567470945537,5.011569299032486,6.077944488341321,-0.37343252905446267,0.011569299032485603,1.0779444883413207
27.607245683670044,9.494000000000002,4.679432529054464,-0.33213676997802233,-6.410081258319343,1.8800000000000008,1.3497759372163354,1.2753504035452634,1.4559327427781399,4.814567470945538,5.011569299032486,6.077944488341321,-0.18543252905446206,0.011569299032485603,1.0779444883413207
27.70731544494629,9.494000000000002,4.679432529054464,-0.33213676997802233,-6.265647528719407,1.8800000000000008,1.3497759372163354,1.2753504035452634,1.4443372959993568,4.814567470945538,5.011569299032486,5.933510758741385,-0.18543252905446206,0.011569299032485603,0.9335107587413853
27.807225465774536,9.494000000000002,4.679432529054464,-0.33213676997802233,-6.265647528719407,1.8800000000000008,1.3497759372163354,1.2753504035452634,1.4443372959993568,4.814567470945538,5.011569299032486,5.933510758741385,-0.18543252905446206,0.011569299032485603,0.9335107587413853
27.907081365585327,9.494000000000002,4.814904752633094,-0.20531549735687896,-6.265647528719407,1.8800000000000008,1.3547222357863054,1.2682127262114335,1.4443372959993568,4.679095247366908,5.020220249989973,6.060332031362528,-0.32090475263309237,0.02022024998997285,1.0603320313625284
28.007086992263794,9.682000000000002,4.814904752633094,-0.20531549735687896,-6.265647528719407,1.8800000000000008,1.3547222357863054,1.2682127262114335,1.4443372959993568,4.867095247366908,5.020220249989973,6.060332031362528,-0.13290475263309176,0.02022024998997285,1.0603320313625284
28.10706925392151,9.682000000000002,4.814904752633094,-0.20531549735687896,-6.265647528719407,1.8800000000000008,1.3547222357863054,1.2682127262114335,1.4443372959993568,4.867095247366908,5.020220249989973,6.060332031362528,-0.13290475263309176,0.02022024998997285,1.0603320313625284
28.20710253715515,9.682000000000002,4.814904752633094,-0.20531549735687896,-6.1224432341600465,1.8800000000000008,1.3547222357863054,1.2682127262114335,1.4320429455936086,4.867095247366908,5.020220249989973,5.917127736803168,-0.13290475263309176,0.02022024998997285,0.9171277368031676
28.30710196495056,9.682000000000002,4.951094674562269,-0.20531549735687896,-6.1224432341600465,1.8800000000000008,1.3618992192917463,1.2682127262114335,1.4320429455936086,4.730905325437734,5.1564101719191475,5.917127736803168,-0.26909467456226643,0.15641017191914752,0.9171277368031676
28.407062530517578,9.682000000000002,4.951094674562269,-0.0791128249560396,-6.1224432341600465,1.8800000000000008,1.3618992192917463,1.2620267240083936,1.4320429455936086,4.730905325437734,5.030207499518308,6.043330409204007,-0.26909467456226643,0.030207499518308367,1.0433304092040068
28.50720453262329,9.870000000000003,4.951094674562269,-0.0791128249560396,-6.1224432341600465,1.8800000000000008,1.3618992192917463,1.2620267240083936,1.4320429455936086,4.918905325437734,5.030207499518308,6.043330409204007,-0.08109467456226582,0.030207499518308367,1.0433304092040068
28.607218503952026,9.870000000000003,4.951094674562269,-0.0791128249560396,-5.980528216956623,1.8800000000000008,1.3618992192917463,1.2620267240083936,1.4191501720342385,4.918905325437734,5.030207499518308,5.901415392000583,-0.08109467456226582,0.030207499518308367,0.9014153920005832
28.70729970932007,9.870000000000003,4.951094674562269,-0.0791128249560396,-5.980528216956623,1.8800000000000008,1.3618992192917463,1.2620267240083936,1.4191501720342385,4.918905325437734,5.030207499518308,5.901415392000583,-0.08109467456226582,0.030207499518308367,0.9014153920005832
28.80720353126526,9.870000000000003,4.951094674562269,-0.0791128249560396,-5.980528216956623,1.8800000000000008,1.3618992192917463,1.2620267240083936,1.4191501720342385,4.918905325437734,5.030207499518308,5.901415392000583,-0.08109467456226582,0.030207499518308367,0.9014153920005832
28.90858554840088,10.058000000000003,4.951094674562269,0.046584567920515824,-5.980528216956623,1.8800000000000008,1.3618992192917463,1.2569739287655541,1.4191501720342385,5.106905325437735,4.9045101066417525,6.027112784877139,0.10690532543773479,-0.09548989335824754,1.027112784877139
29.00709366798401,10.058000000000003,4.951094674562269,0.046584567920515824,-5.980528216956623,1.8800000000000008,1.3618992192917463,1.2569739287655541,1.4191501720342385,5.106905325437735,4.9045101066417525,6.027112784877139,0.10690532543773479,-0.09548989335824754,1.027112784877139
29.107054948806763,10.058000000000003,4.951094674562269,0.046584567920515824,-5.980528216956623,1.8800000000000008,1.3618992192917463,1.2569739287655541,1.4191501720342385,5.106905325437735,4.9045101066417525,6.027112784877139,0.10690532543773479,-0.09548989335824754,1.027112784877139
29.2070734500885,10.058000000000003,4.951094674562269,0.17190554817680015,-5.980528216956623,1.8800000000000008,1.3618992192917463,1.253209802562843,1.4191501720342385,5.106905325437735,4.779189126385468,6.1524337651334235,0.10690532543773479,-0.220810873614532,1.1524337651334235
29.307183742523193,10.246000000000004,4.951094674562269,0.17190554817680015,-5.980528216956623,1.8800000000000008,1.3618992192917463,1.253209802562843,1.4191501720342385,5.294905325437735,4.779189126385468,6.1524337651334235,0.2949053254377354,-0.220810873614532,1.1524337651334235
29.407026052474976,10.246000000000004,4.951094674562269,0.17190554817680015,-5.980528216956623,1.8800000000000008,1.3618992192917463,1.253209802562843,1.4191501720342385,5.294905325437735,4.779189126385468,6.1524337651334235,0.2949053254377354,-0.220810873614532,1.1524337651334235
29.507044553756714,10.246000000000004,5.0882039293642976,0.296991989398843,-5.980528216956623,1.8800000000000008,1.3710925480202933,1.2508644122204287,1.4191501720342385,5.157796070635706,4.7912119399654545,6.277520206355466,0.15779607063570644,-0.20878806003454553,1.277520206355466
29.6073055267334,10.434000000000005,5.0882039293642976,0.296991989398843,-5.980528216956623,1.8800000000000008,1.3710925480202933,1.2508644122204287,1.4191501720342385,5.345796070635707,4.7912119399654545,6.277520206355466,0.34579607063570705,-0.20878806003454553,1.277520206355466
29.707053184509277,10.434000000000005,5.0882039293642976,0.296991989398843,-5.980528216956623,1.8800000000000008,1.3710925480202933,1.2508644122204287,1.4191501720342385,5.345796070635707,4.7912119399654545,6.277520206355466,0.34579607063570705,-0.20878806003454553,1.277520206355466
29.807116746902466,10.434000000000005,5.0882039293642976,0.296991989398843,-5.838821745056928,1.8800000000000008,1.3710925480202933,1.2508644122204287,1.417064718996944,5.345796070635707,4.7912119399654545,6.1358137344557715,0.34579607063570705,-0.20878806003454553,1.1358137344557715
29.90726947784424,10.622000000000005,5.0882039293642976,0.4219963154071121,-5.838821745056928,1.8800000000000008,1.3710925480202933,1.2500432600826905,1.417064718996944,5.533796070635708,4.6662076139571855,6.26081806046404,0.5337960706357077,-0.33379238604281447,1.2608180604640404
30.0070698261261,10.622000000000005,5.0882039293642976,0.4219963154071121,-5.838821745056928,1.8800000000000008,1.3710925480202933,1.2500432600826905,1.417064718996944,5.533796070635708,4.6662076139571855,6.26081806046404,0.5337960706357077,-0.33379238604281447,1.2608180604640404
30.1070716381073,10.622000000000005,5.0882039293642976,0.4219963154071121,-5.6974414029466915,1.8800000000000008,1.3710925480202933,1.2500432600826905,1.4138034211023713,5.533796070635708,4.6662076139571855,6.119437718353804,0.5337960706357077,-0.33379238604281447,1.1194377183538036
30.207276821136475,10.622000000000005,5.0882039293642976,0.5463000737886679,-5.6974414029466915,1.8800000000000008,1.3710925480202933,1.243037583815558,1.4138034211023713,5.533796070635708,4.5419038555756295,6.24374147673536,0.5337960706357077,-0.4580961444243705,1.2437414767353596
30.307152032852173,10.810000000000006,5.0882039293642976,0.5463000737886679,-5.6974414029466915,1.8800000000000008,1.3710925480202933,1.243037583815558,1.4138034211023713,5.721796070635708,4.5419038555756295,6.24374147673536,0.7217960706357083,-0.4580961444243705,1.2437414767353596
30.407085418701172,10.810000000000006,5.0882039293642976,0.5463000737886679,-5.556491283859255,1.8800000000000008,1.3710925480202933,1.243037583815558,1.4095011908743704,5.721796070635708,4.5419038555756295,6.102791357647923,0.7217960706357083,-0.4580961444243705,1.1027913576479227
30.507664680480957,10.810000000000006,5.0882039293642976,0.6693377911617397,-5.556491283859255,1.8800000000000008,1.3710925480202933,1.2303771737307183,1.4095011908743704,5.721796070635708,4.418866138202558,6.225829075020995,0.7217960706357083,-0.5811338617974418,1.2258290750209948
30.607254028320312,10.810000000000006,5.226413424135343,0.6693377911617397,-5.556491283859255,1.8800000000000008,1.3820949477104552,1.2303771737307183,1.4095011908743704,5.583586575864663,4.5570756329736035,6.225829075020995,0.583586575864663,-0.4429243670263965,1.2258290750209948
30.70711326599121,10.810000000000006,5.226413424135343,0.6693377911617397,-5.416067223670225,1.8800000000000008,1.3820949477104552,1.2303771737307183,1.4042406018902949,5.583586575864663,4.5570756329736035,6.085405014831965,0.583586575864663,-0.4429243670263965,1.0854050148319647
30.8070809841156,10.810000000000006,5.226413424135343,0.6693377911617397,-5.416067223670225,1.8800000000000008,1.3820949477104552,1.2303771737307183,1.4042406018902949,5.583586575864663,4.5570756329736035,6.085405014831965,0.583586575864663,-0.4429243670263965,1.0854050148319647
30.90708017349243,10.810000000000006,5.365884092204028,0.790595562220141,-5.416067223670225,1.8800000000000008,1.3947066806868518,1.2125777105840123,1.4042406018902949,5.444115907795978,4.575288529983887,6.206662785890367,0.444115907795978,-0.4247114700161134,1.2066627858903667
31.008402347564697,10.810000000000006,5.365884092204028,0.790595562220141,-5.416067223670225,1.8800000000000008,1.3947066806868518,1.2125777105840123,1.4042406018902949,5.444115907795978,4.575288529983887,6.206662785890367,0.444115907795978,-0.4247114700161134,1.2066627858903667
31.107060194015503,10.810000000000006,5.365884092204028,0.790595562220141,-5.416067223670225,1.8800000000000008,1.3947066806868518,1.2125777105840123,1.4042406018902949,5.444115907795978,4.575288529983887,6.206662785890367,0.444115907795978,-0.4247114700161134,1.2066627858903667
31.207120656967163,10.810000000000006,5.365884092204028,0.9103885604851298,-5.416067223670225,1.8800000000000008,1.3947066806868518,1.197929982649888,1.4042406018902949,5.444115907795978,4.455495531718898,6.326455784155355,0.444115907795978,-0.5445044682811018,1.326455784155355
31.307655811309814,10.810000000000006,5.506757686366198,0.9103885604851298,-5.416067223670225,1.8800000000000008,1.4087359416217025,1.197929982649888,1.4042406018902949,5.303242313633808,4.596369125881068,6.326455784155355,0.3032423136338078,-0.4036308741189316,1.326455784155355
31.407126903533936,10.998000000000006,5.506757686366198,0.9103885604851298,-5.416067223670225,1.8800000000000008,1.4087359416217025,1.197929982649888,1.4042406018902949,5.491242313633808,4.596369125881068,6.326455784155355,0.49124231363380844,-0.4036308741189316,1.326455784155355
31.507066249847412,10.998000000000006,5.506757686366198,1.0290332499930088,-5.416067223670225,1.8800000000000008,1.4087359416217025,1.1864468950787899,1.4042406018902949,5.491242313633808,4.477724436373189,6.445100473663234,0.49124231363380844,-0.5222755636268106,1.445100473663234
31.60706090927124,10.998000000000006,5.649157604563563,1.0290332499930088,-5.416067223670225,1.8800000000000008,1.4239991819736566,1.1864468950787899,1.4042406018902949,5.348842395436443,4.620124354570555,6.445100473663234,0.348842395436443,-0.3798756454294452,1.445100473663234
31.707051038742065,10.998000000000006,5.649157604563563,1.0290332499930088,-5.416067223670225,1.8800000000000008,1.4239991819736566,1.1864468950787899,1.4042406018902949,5.348842395436443,4.620124354570555,6.445100473663234,0.348842395436443,-0.3798756454294452,1.445100473663234
31.807275772094727,10.998000000000006,5.649157604563563,1.0290332499930088,-5.416067223670225,1.8800000000000008,1.4239991819736566,1.1864468950787899,1.4042406018902949,5.348842395436443,4.620124354570555,6.445100473663234,0.348842395436443,-0.3798756454294452,1.445100473663234
31.90717911720276,10.998000000000006,5.793189741282322,1.146844874055097,-5.27509610251068,1.8800000000000008,1.440321367187586,1.1781162406208823,1.409711211595452,5.204810258717685,4.646344867227224,6.421940976565777,0.20481025871768477,-0.3536551327727757,1.421940976565777
