control_time,predecessor_state_time,information_age,slave_id,communication_delay,effective_headway,predecessor_position,slave_position,predecessor_velocity,slave_velocity,actual_distance,desired_distance,distance_error,velocity_error,acceleration
3.1000000000000014,2.1000000000000005,1.0000000000000009,3,1.0,1.25,-57.98915,-87.98907775,20.1085,20.1092225,32.01085,30.0,2.010849999999998,0.10849999999999937,1.0922249999999984
3.2000000000000015,2.2000000000000006,1.0000000000000009,3,1.0,1.25,-55.968275750000004,-85.967937970625,20.2087425,20.211397793750002,32.020802,30.136528125,1.8842738750000017,0.09951999999999828,1.0217529374999994
3.3000000000000016,2.3000000000000007,1.0000000000000009,3,1.0,1.25,-53.938203959062506,-83.93725619647813,20.300717909375,20.306817741468752,32.029734011562496,30.2642472421875,1.765486769374995,0.08932011562499653,0.9541994771874946
3.4000000000000017,2.400000000000001,1.0000000000000009,3,1.0,1.25,-51.89975179341563,-81.89768287988012,20.38452165646875,20.39573316598008,32.0375044030625,30.38352217683594,1.6539822262265602,0.07770391499999718,0.8891542451132779
3.5000000000000018,2.500000000000001,1.0000000000000009,3,1.0,1.25,-49.85371849542835,-79.84984627513609,20.460332979872753,20.47836604744033,32.04396438445177,30.4946664574751,1.5492979269766707,0.06459981389267355,0.8263288146024742
3.600000000000002,2.600000000000001,1.0000000000000009,3,1.0,1.25,-47.80087880924305,-77.79435437434378,20.52839686185301,20.554919007922976,32.048967465893035,30.59795755930041,1.451009906592624,0.050030814412682645,0.7655296048264582
3.700000000000002,2.700000000000001,1.0000000000000009,3,1.0,1.25,-45.741977939659336,-75.73179611767426,20.589008695837155,20.625582566695147,32.05237643468445,30.69364875990372,1.3587276747807273,0.03408968791417877,0.7066355877217066
3.800000000000002,2.800000000000001,1.0000000000000009,3,1.0,1.25,-43.67772780674584,-73.66274206039243,20.642501329134944,20.690540572818307,32.05406831092842,30.781978208368933,1.2720901025594884,0.016918762439797064,0.6495800612315819
3.900000000000002,2.9000000000000012,1.0000000000000009,3,1.0,1.25,-41.60880439018099,-71.58774464459702,20.689234165648518,20.749974157954153,32.05393767021144,30.863175716022884,1.190761954188556,-0.0013064071697890256,0.5943358513584467
4.000000000000002,3.0000000000000013,1.0000000000000004,3,1.0,1.25,-39.53584598499409,-69.50733819483949,20.72958405186901,20.804064497575354,32.051898659602934,30.937467697442692,1.1144309621602417,-0.02039010608514147,0.5409033962120077
4.100000000000001,3.1000000000000014,1.0,3,1.0,1.25,-37.45945221464231,-67.42203873264327,20.763937703517787,20.852994621962146,32.04788598019718,31.005080621969192,1.0428053582279873,-0.04012679405756714,0.48930124386793994
4.200000000000001,3.2000000000000015,0.9999999999999996,3,1.0,1.25,-35.380183668614656,-65.33234368480767,20.792685460276566,20.896950478356096,32.04185506402862,31.066243277452685,0.9756117865759322,-0.06030916168558065,0.43955856393950155
4.300000000000001,3.3000000000000016,0.9999999999999991,3,1.0,1.25,-33.29856205035378,-63.23873154365549,20.816216182608763,20.936121411521746,32.03378163445389,31.121188097945122,0.9125935365087656,-0.08073429574733382,0.3917093316565158
4.4,3.4000000000000017,0.9999999999999987,3,1.0,1.25,-31.21507073754346,-61.141661523562114,20.83491312810321,20.970700200933756,32.023660806112034,31.170151764402185,0.8535090417098488,-0.10120828341853638,0.34578789412009525
4.5,3.5000000000000018,0.9999999999999982,3,1.0,1.25,-29.130155671000885,-59.041573246745834,20.849150665425736,21.000882768162818,32.01150585256123,31.213375251167193,0.7981306013940355,-0.12154953550802006,0.3018256722906017
4.6,3.600000000000002,0.9999999999999978,3,1.0,1.25,-27.044226500784934,-56.93888648202879,20.859291702159503,21.02686764717042,31.9973467459609,31.251103460203524,0.7462432857573766,-0.14159106600331484,0.25984879007603645
4.699999999999999,3.700000000000002,0.9999999999999973,3,1.0,1.25,-24.95765792890171,-54.83400095276764,20.865685718832236,21.048855292611567,31.98122855312708,31.283584558963025,0.6976439941640571,-0.16118192833818412,0.21987645441148124
4.799999999999999,3.800000000000002,0.9999999999999969,3,1.0,1.25,-22.870791197350005,-52.72729622412497,20.868667315517044,21.067047286426664,31.963209755417633,31.311069115764457,0.6521406396531759,-0.18018797709452272,0.18191993815096977
4.899999999999999,3.900000000000002,0.9999999999999964,3,1.0,1.25,-20.78393567837246,-50.61913167506692,20.868555189775467,21.081645490580527,31.943360545752512,31.33380910803333,0.6095514377191833,-0.19849209665119716,0.14598204153863392
4.999999999999998,4.000000000000002,0.9999999999999964,3,1.0,1.25,-18.69737053081411,-48.50984655672371,20.865651475583483,21.09285118343212,31.92176114425281,31.35205686322566,0.5697042810271498,-0.21599401499704385,0.11205692851593979
5.099999999999998,4.100000000000001,0.9999999999999964,3,1.0,1.25,-16.61134639257222,-46.3997601358643,20.860241382418884,21.10086420859413,31.89850016415149,31.36606397929015,0.5324361848613393,-0.23260980101323625,0.08013025162008061
5.1999999999999975,4.200000000000001,0.9999999999999964,3,1.0,1.25,-14.526087084367537,-44.289171920063495,20.852593082046816,21.105882158008047,31.87367305149676,31.37608026074266,0.4975927907540978,-0.2482711265473121,0.0501794941391992
5.299999999999997,4.300000000000001,0.9999999999999964,3,1.0,1.25,-12.441791304581772,-42.17836195955404,20.84295779785765,21.108099605094598,31.847380615481725,31.382352697510058,0.46502791797166765,-0.26292436015039655,0.022174470865516577
5.399999999999997,4.4,0.9999999999999964,3,1.0,1.25,-10.358634298780796,-40.06759121964923,20.831570058009756,21.10770739904806,31.819727660773243,31.385124506368246,0.4346031544049964,-0.27652954708484145,-0.003922060465374966
5.4999999999999964,4.5,0.9999999999999964,3,1.0,1.25,-8.276769490858985,-37.957102016903164,20.818648079218114,21.10489202746067,31.790821728790245,31.384634248810073,0.40618747998017213,-0.2890593198299456,-0.028153715873870416
5.599999999999996,4.6,0.9999999999999964,3,1.0,1.25,-6.196330065568592,-35.84711851176851,20.80439425290393,21.09983505134657,31.760771951334572,31.381115034325838,0.3796569170087345,-0.3004977745567423,-0.050569761141026626
5.699999999999996,4.699999999999999,0.9999999999999964,3,1.0,1.25,-4.117430494601999,-33.73784725035238,20.788995709665933,21.092712614161282,31.72968801716651,31.374793814183214,0.35489420298329577,-0.3108393416806372,-0.0712243718528619
5.799999999999995,4.799999999999999,0.9999999999999964,3,1.0,1.25,-2.04016800042936,-31.629477747904623,20.772624941726388,21.08369502447756,31.69767924992302,31.365890767701604,0.3317884822214161,-0.32008767243489444,-0.0901758968372075
5.899999999999995,4.899999999999999,0.9999999999999964,3,1.0,1.25,0.0353760461917032,-29.522183106855508,20.755440466210633,21.072946410491173,31.664853794096327,31.35461878059695,0.3102350134993763,-0.3282545582669272,-0.10748613986385358
5.999999999999995,4.999999999999998,0.9999999999999964,3,1.0,1.25,2.10913479768147,-27.41612066251402,20.737587514897665,21.060624443414845,31.631317904536978,31.341183013113966,0.29013489142301196,-0.33535889559350807,-0.12321967076330048
6.099999999999994,5.099999999999998,0.9999999999999964,3,1.0,1.25,4.181054671529757,-25.311432649913115,20.719198738482866,21.046880126009047,31.59717533404378,31.325780554268555,0.27139477977522475,-0.34142570493197866,-0.13744317405797057
6.199999999999994,5.1999999999999975,0.9999999999999964,3,1.0,1.25,6.251094163076642,-23.20824688571914,20.700394915468852,21.031857641939755,31.56252681298976,31.308600157511307,0.25392665547845183,-0.34648521054019454,-0.15022484069292974
6.299999999999994,5.299999999999997,0.9999999999999964,3,1.0,1.25,8.319222728835381,-21.106677459589335,20.681285657587395,21.01569426129806,31.527469614554523,31.289822052424693,0.23764756212982974,-0.35057198435236003,-0.16163380641697317
6.399999999999993,5.399999999999997,0.9999999999999964,3,1.0,1.25,10.385419739354411,-19.006825429846785,20.661970105190296,20.998520297425497,31.492097198943746,31.26961782662257,0.22247937232117465,-0.35372415610776287,-0.17173963872562298
6.499999999999993,5.4999999999999964,0.9999999999999964,3,1.0,1.25,12.449673500090618,-16.908779518833967,20.642537607362065,20.980459110128198,31.456498929937403,31.248150371781872,0.20834855815553155,-0.3559826900634313,-0.18061187297297926
6.5999999999999925,5.599999999999996,0.9999999999999964,3,1.0,1.25,14.511980338353617,-14.812616803793496,20.623068382629988,20.96162715040471,31.420759857187583,31.225573887660246,0.19518596952733702,-0.35739072749820977,-0.18831959723489933
6.699999999999992,5.699999999999996,0.9999999999999964,3,1.0,1.25,16.572343754063866,-12.718403399600184,20.603634157102494,20.942134041933105,31.38496055785736,31.202033938005886,0.18292661985147518,-0.357992993302215,-0.19493108471603443
6.799999999999992,5.799999999999995,0.9999999999999964,3,1.0,1.25,18.63077363183151,-10.62619513012585,20.58429877767643,20.922082694743338,31.349177031431694,31.17766755241638,0.1715094790153131,-0.3578352642566749,-0.20051347189768337
6.8999999999999915,5.899999999999995,0.9999999999999964,3,1.0,1.25,20.687285511695197,-8.536038185453409,20.56511879863688,20.901569446724416,31.313480641821048,31.152603368429173,0.16087727339187552,-0.35696389610645696,-0.2051324801892278
6.999999999999991,5.999999999999995,0.9999999999999964,3,1.0,1.25,22.741899915749837,-6.447969762566402,20.54614404054641,20.880684228870063,31.277938101203247,31.126961808405518,0.15097629279772917,-0.3554254061780071,-0.2088521785435411
7.099999999999991,6.099999999999994,0.9999999999999964,3,1.0,1.25,24.79464172782972,-4.362018687522422,20.52741812079882,20.859510750439792,31.242611490396122,31.10085528608758,0.14175620430854252,-0.35326610807124226,-0.21173478430272258
7.19999999999999,6.199999999999994,0.9999999999999964,3,1.0,1.25,26.845539623390582,-2.2782060174727756,20.50897895560863,20.838126700496463,31.207558310913004,31.07438843804974,0.1331698728632631,-0.3505317948311628,-0.2138404994332987
7.29999999999999,6.299999999999994,0.9999999999999964,3,1.0,1.25,28.89462554674385,-0.1965456212158596,20.49085923353266,20.81660396256916,31.172831564216626,31.04765837562058,0.12517318859604742,-0.3472674669638032,-0.21522737927301883
7.39999999999999,6.399999999999993,0.9999999999999964,3,1.0,1.25,30.941934232832317,1.8829552627317643,20.47308686088467,20.79500883947624,31.138479854048178,31.02075495321145,0.11772490083672693,-0.34351710168449046,-0.2159512309292289
7.499999999999989,6.499999999999993,0.9999999999999964,3,1.0,1.25,32.987502770793924,3.9602954912940915,20.4556853796161,20.77340228562327,31.10454750806216,30.9937610493453,0.11078645871686277,-0.33932345986013956,-0.2160655385296803
7.599999999999989,6.5999999999999925,0.9999999999999964,3,1.0,1.25,35.031370206634286,6.035479505730217,20.438674358403617,20.751840144361253,31.071074715340195,30.966752857029086,0.10432185831110985,-0.33472792721965305,-0.21562141262016754
7.699999999999989,6.699999999999992,0.9999999999999964,3,1.0,1.25,37.073577182415654,8.108516844555131,20.42206975781372,20.730373388249145,31.03809767668544,30.939800180451567,0.0982974962338723,-0.32977038654753343,-0.2146675611210906
7.799999999999988,6.799999999999992,0.9999999999999964,3,1.0,1.25,39.11416560946685,10.17942168058615,20.40588427051198,20.709048360310184,31.00564876491172,30.912966735311432,0.0926820296002866,-0.3244891177371656,-0.21325027938958918
7.899999999999988,6.8999999999999915,0.9999999999999964,3,1.0,1.25,41.1531783732223,12.248212382046367,20.39012763755453,20.687907014602153,30.97375669263615,30.886310450387732,0.08744624224841857,-0.318920722755653,-0.21141345708031312
7.999999999999988,6.999999999999991,0.9999999999999964,3,1.0,1.25,43.190659067406955,14.314911097510077,20.3748069418465,20.666987154637095,30.942446685360586,30.859883768252693,0.08256291710789299,-0.31310007275565255,-0.20919859965057558
8.099999999999987,7.099999999999991,0.9999999999999964,3,1.0,1.25,45.22665175539496,16.379543364348674,20.359926879880057,20.646322668385956,30.911740657884884,30.83373394329637,0.07800671458851482,-0.30706027475703834,-0.20664486251137326
8.199999999999987,7.19999999999999,0.9999999999999964,3,1.0,1.25,47.26120075668263,18.44213774022745,20.34549001287675,20.625943758787795,30.88165739233396,30.807903335482443,0.07375405685151648,-0.30083265550920757,-0.20378909598160783
8.299999999999986,7.29999999999999,0.9999999999999964,3,1.0,1.25,49.294350456528406,20.50272545711267,20.331496998457744,20.605877168852203,30.852212716300954,30.782429698484744,0.06978301781620999,-0.29444676033005024,-0.2006658993559352
8.399999999999986,7.39999999999999,0.9999999999999964,3,1.0,1.25,51.326145136923785,22.561340097172433,20.317946803953774,20.58614640059762,30.823419679811114,30.757346461065254,0.06607321874585992,-0.28793036489842905,-0.1973076825458133
8.499999999999986,7.499999999999989,0.9999999999999964,3,1.0,1.25,53.35662882716841,24.618017289893228,20.3048369024462,20.566771927207956,30.795288729995974,30.732683000747024,0.06260572924895058,-0.28130949815141904,-0.19374473389665994
8.599999999999985,7.599999999999989,0.9999999999999964,3,1.0,1.25,55.385845172428745,26.672794429684814,20.29216345260341,20.54777139791587,30.767827882535517,30.708464909009944,0.05936297352557318,-0.27460847460454474,-0.19000529292084922
8.699999999999985,7.699999999999989,0.9999999999999964,3,1.0,1.25,57.41383731876315,28.725710413208244,20.27992146334408,20.529159835234303,30.741042889078336,30.684714247394837,0.056328641683499825,-0.26784993457178885,-0.18611562681568117
8.799999999999985,7.799999999999988,0.9999999999999964,3,1.0,1.25,59.44064781319538,30.7768053956341,20.268104944322317,20.510949824258557,30.71493739998714,30.66144979404288,0.05348760594425883,-0.26105489091198564,-0.1821001097574591
8.899999999999984,7.899999999999988,0.9999999999999964,3,1.0,1.25,61.46631851751439,32.826120565019195,20.256707043190076,20.493151693850933,30.68951312188029,30.638687280323197,0.05082584155709213,-0.25424278106848064,-0.17798130407623847
8.999999999999984,7.999999999999988,0.9999999999999964,3,1.0,1.25,63.490890534569445,34.87369793397907,20.24572017055059,20.475773689598736,30.66476996955025,30.616439617313667,0.048330352236582996,-0.24743152330034235,-0.1737800425219824
9.099999999999984,8.099999999999987,0.9999999999999964,3,1.0,1.25,65.51440414591683,36.919580147829635,20.235136113473764,20.458822138505706,30.64070621193776,30.59471711199842,0.04598909993934086,-0.24063757612497128,-0.1695155109303066
9.199999999999983,8.199999999999987,0.9999999999999964,3,1.0,1.25,67.53689875975691,38.96381030837334,20.224946138400867,20.442301605437077,30.617318611927274,30.573527673132133,0.04379093879514073,-0.23387600010483922,-0.16520533068630103
9.299999999999983,8.299999999999986,0.9999999999999964,3,1.0,1.25,69.55841286817915,41.006431812512375,20.215141084222342,20.42621504139037,30.594602559805807,30.552877006796347,0.041725553009460015,-0.22716052121473496,-0.16086564046705798
9.399999999999983,8.399999999999986,0.9999999999999964,3,1.0,1.25,71.57898401280607,43.04748820488322,20.205711446269245,20.410563923708466,30.5725522002937,30.532768801737966,0.039783398555734095,-0.2205035951211265,-0.15651117681903415
9.499999999999982,8.499999999999986,0.9999999999999964,3,1.0,1.25,73.5986487579977,45.08702304372213,20.196647451916206,20.395348388389028,30.55116055311447,30.513204904635582,0.03795564847888855,-0.2139164717922597,-0.1521553531943635
9.599999999999982,8.599999999999985,0.9999999999999964,3,1.0,1.25,75.61744267084292,47.12507977918971,20.187939128452292,20.380567354675815,30.530419627120793,30.494185485486284,0.03623414163450889,-0.20740925993673542,-0.1478103371321339
9.699999999999982,8.699999999999985,0.9999999999999964,3,1.0,1.25,77.63540030722648,49.16170164340403,20.179576363835594,20.366218642143195,30.510320528036765,30.47570919334477,0.034611334691994955,-0.20099099084022143,-0.1434871253261797
9.799999999999981,8.799999999999985,0.9999999999999964,3,1.0,1.25,79.65255520331732,51.19693155145464,20.171548960908407,20.35229908050613,30.49085355991329,30.457773302678994,0.033080257234296084,-0.19466968123478878,-0.139195616370683
9.89999999999998,8.899999999999984,0.9999999999999964,3,1.0,1.25,81.66893987187854,53.230812012695054,20.163846685612214,20.33880461240418,30.472008320423896,30.44037385063266,0.03163446979123563,-0.18845239489391474,-0.13494468101951398
9.99999999999998,8.999999999999984,0.9999999999999964,3,1.0,1.25,83.68458580284911,55.26338505163713,20.156459309705713,20.325730389420745,30.45377379015406,30.423505765505222,0.030268024648837155,-0.18234530269846516,-0.13074222983435355
10.09999999999998,9.099999999999984,0.9999999999999964,3,1.0,1.25,85.69952346769458,57.29469213779788,20.149376648454673,20.313070861607535,30.436138416057446,30.40716298677593,0.028975429281516085,-0.17635374096607137,-0.12659527813209906
10.19999999999998,9.199999999999983,0.9999999999999964,3,1.0,1.25,87.71378232706755,59.324774123876914,20.142588593729755,20.300819860790327,30.419090189269667,30.39133857700942,0.02775161226024636,-0.1704822678777802,-0.12251000817210098
10.29999999999998,9.299999999999983,0.9999999999999964,3,1.0,1.25,89.72739084135928,61.353671191670436,20.136085142917324,20.28897067793521,30.402616717482367,30.37602482598791,0.02659189149445851,-0.16473471787300298,-0.11849182855117313
10.399999999999979,9.399999999999983,0.9999999999999964,3,1.0,1.25,91.74037648376117,63.381422805155985,20.129856424018868,20.27751613485549,30.38670529209073,30.361213347419014,0.025491944671717448,-0.15911425391634282,-0.11454543079721555
10.499999999999979,9.499999999999982,0.9999999999999964,3,1.0,1.25,93.75276575548986,65.4080676702098,20.123892717286953,20.26644865053823,30.371342950333876,30.34689516856936,0.024447781764514787,-0.1536234175685358,-0.11067484317257126
10.599999999999978,9.599999999999982,0.9999999999999964,3,1.0,1.25,95.7645842028618,67.43364370044647,20.1181844737194,20.255760302366685,30.356516532651995,30.333060813172786,0.02345571947920888,-0.14826417681883086,-0.10688348171546025
10.699999999999978,9.699999999999982,0.9999999999999964,3,1.0,1.25,97.77585643593268,69.45818798869752,20.112722330708856,20.245442882510453,30.342212735486214,30.319700377958355,0.02251235752785874,-0.1430379716578294,-0.10317419856233415
10.799999999999978,9.799999999999981,0.9999999999999964,3,1.0,1.25,99.78660614844486,71.4817367836725,20.10749712512186,20.235487949749828,30.328418159747343,30.306803603138064,0.021614556609279134,-0.13794575738859294,-0.09954932760623479
10.899999999999977,9.89999999999998,0.9999999999999964,3,1.0,1.25,101.79685613885084,73.50432547137191,20.102499904059837,20.22588687699418,30.31511935517834,30.294359937187284,0.020759417991055074,-0.13298804568999145,-0.09601072755646563
10.999999999999977,9.99999999999998,0.9999999999999964,3,1.0,1.25,103.80662833220427,75.5259885608466,20.097721933534327,20.216630894746874,30.302302860832356,30.282358596242727,0.019944264589629057,-0.12816494345985419,-0.09255982247306882
11.099999999999977,10.09999999999998,0.9999999999999964,3,1.0,1.25,105.81594380273125,77.54675967392272,20.093154705269875,20.20771113076127,30.289955241884655,30.270788618433592,0.019166623451063458,-0.12347618947699956,-0.08919763985606793
11.199999999999976,10.19999999999998,0.9999999999999964,3,1.0,1.25,107.82482279691429,79.5666715385351,20.088789941830367,20.199118646123797,30.27806312299157,30.259638913451585,0.01842420953998314,-0.11892118893090142,-0.08592484637472958
11.299999999999976,10.29999999999998,0.9999999999999964,3,1.0,1.25,109.83328475693912,81.58575598533423,20.08461960024834,20.190844467991223,30.266613218404018,30.248898307654745,0.017714910749273116,-0.1144990458754549,-0.08274178132572736
11.399999999999975,10.399999999999979,0.9999999999999964,3,1.0,1.25,111.84134834437127,83.60404394725424,20.080635874321494,20.182879619200044,30.25559235903704,30.23855558498903,0.01703677404800885,-0.11020859366972857,-0.07964848791177843
11.499999999999975,10.499999999999979,0.9999999999999964,3,1.0,1.25,113.84903146394392,85.62156546174991,20.07683119572653,20.175215144956645,30.244987516689676,30.228599524000053,0.016387992689622877,-0.10604842347351351,-0.07664474243399938
11.599999999999975,10.599999999999978,0.9999999999999964,3,1.0,1.25,115.85635128735265,87.63834967543066,20.073198234087414,20.167842136807455,30.234785825602742,30.219018931195805,0.015766894406937126,-0.10201691086923148,-0.07373008149191662
11.699999999999974,10.699999999999978,0.9999999999999964,3,1.0,1.25,117.86332427696495,89.65442485083855,20.06972989612294,20.16075175407894,30.224974601534285,30.209802671009317,0.015171930524967792,-0.09811224068451452,-0.07090382728512773
11.799999999999974,10.799999999999978,0.9999999999999964,3,1.0,1.25,119.86996620936368,91.66981837513535,20.066419323987354,20.153935242967936,30.21554135852513,30.200939692598677,0.014601665926452512,-0.09433243009158687,-0.06816511111004325
11.899999999999974,10.899999999999977,0.9999999999999964,3,1.0,1.25,121.87629219865441,93.68455677048071,20.063259892907354,20.147383953453545,30.20647382351906,30.19241905370992,0.014054769809142442,-0.09067535006058236,-0.06551289514389468
11.999999999999973,10.999999999999977,0.9999999999999964,3,1.0,1.25,123.88231671947534,95.6986657059,20.060245208209302,20.14108935419289,30.19775994899463,30.18422994181693,0.013530007177699588,-0.0871387452442427,-0.06294599260654436
12.099999999999973,11.099999999999977,0.9999999999999964,3,1.0,1.25,125.8880536296575,97.7121700104554,20.057369101821635,20.13504304555401,30.189387923757508,30.17636169274111,0.013026231016397105,-0.08372025237125413,-0.06046308638880475
12.199999999999973,11.199999999999976,0.9999999999999964,3,1.0,1.25,127.89351619249044,99.72509368754847,20.05462562832935,20.129236770930664,30.181346182035043,30.168803806942513,0.012542375092529312,-0.080417417224659,-0.05806274623346255
12.299999999999972,11.299999999999976,0.9999999999999964,3,1.0,1.25,129.89871709855544,101.73745993019601,20.052009060650015,20.123662426475395,30.17362341100697,30.16154596366333,0.012077447343642689,-0.07722771028064912,-0.05574344455269795
12.399999999999972,11.399999999999975,0.9999999999999964,3,1.0,1.25,131.90366848709482,103.74929113713392,20.049513885393843,20.118312069379098,30.16620855689881,30.154578033094243,0.011630523804566195,-0.07414854108155211,-0.053503570962958595
12.499999999999972,11.499999999999975,0.9999999999999964,3,1.0,1.25,133.90838196689123,105.76060892961569,20.047134797964166,20.113177924817574,30.159090829757304,30.147890086723873,0.011200743033430882,-0.07117727141493191,-0.05134144561523009
12.599999999999971,11.599999999999975,0.9999999999999964,3,1.0,1.25,135.91286863663612,107.77143416878349,20.044866697448814,20.108252391677997,30.152259707020434,30.14147240602197,0.01078730099846581,-0.06831122736875983,-0.04925533139577496
12.69999999999997,11.699999999999974,0.9999999999999964,3,1.0,1.25,137.91713910477088,109.78178697350059,20.042704681347658,20.103528047171064,30.145704935987396,30.135315489597495,0.010389446389901025,-0.06554771033033902,-0.047243445069320704
12.79999999999997,11.799999999999974,0.9999999999999964,3,1.0,1.25,139.92120350878855,111.79168673854336,20.040644040176726,20.098997650427723,30.139416535287964,30.12941005896383,0.010006476324132763,-0.06288400699433794,-0.04530396743340397
12.89999999999997,11.899999999999974,0.9999999999999964,3,1.0,1.25,141.92507153398705,113.80115215306064,20.038680251984957,20.094654145172754,30.13338479544369,30.123747063034653,0.009637732409036204,-0.06031739844276629,-0.04343505254969493
12.99999999999997,11.999999999999973,0.9999999999999964,3,1.0,1.25,143.9287524316686,115.81020121921676,20.036808976815536,20.09049066156128,30.12760027860797,30.118317681465943,0.009282597142028948,-0.05784516835721831,-0.04163483611476018
13.09999999999997,12.099999999999973,0.9999999999999964,3,1.0,1.25,145.93214666178264,117.81884205906759,20.033942301140183,20.086408398508304,30.121945442565874,30.1131133269516,0.008832115614275438,-0.05654836042109679,-0.040822630529739716
13.199999999999969,12.199999999999973,0.9999999999999964,3,1.0,1.25,147.9350651306368,119.82706617210586,20.029184688541367,20.08224113038264,30.116223071569195,30.10801049813538,0.008212573433816317,-0.057223709966937264,-0.041672681256641655
13.299999999999969,12.299999999999972,0.9999999999999964,3,1.0,1.25,149.93724582455246,121.83484370281165,20.02180693915663,20.077775307057976,30.110179652446604,30.1028014129783,0.0073782394683021835,-0.06043419122601179,-0.044658233246658345
13.399999999999968,12.399999999999972,0.9999999999999964,3,1.0,1.25,151.93836815697955,123.84212034425688,20.01122332427081,20.072766414452275,30.103524454167896,30.09721913382247,0.006305320345425969,-0.06655198278716767,-0.05008892605702116
13.499999999999968,12.499999999999972,0.9999999999999964,3,1.0,1.25,153.9380653099575,125.84881556136291,19.99697152977958,20.066952171060223,30.09594496570061,30.090958018065344,0.0049869476352668585,-0.07579488467269613,-0.05814243392052348
13.599999999999968,12.599999999999971,0.9999999999999964,3,1.0,1.25,155.93593481826437,127.85482186698039,19.97869508306884,20.06006305617472,30.08711925690146,30.083690213825278,0.003429043076181415,-0.08825708799138354,-0.06889114885501613
13.699999999999967,12.69999999999997,0.9999999999999964,3,1.0,1.25,157.93154761568763,129.86000492658476,19.956127974232718,20.0518305960438,30.076725748707247,30.0750788202184,0.0016469284888458446,-0.10393508194200152,-0.08232460130917829
13.799999999999967,12.79999999999997,0.9999999999999964,3,1.0,1.25,159.92445573718396,131.86420430396822,19.929081214963393,20.04199377383459,30.064450810599197,30.06478824505475,-0.00033743445555245444,-0.122749381080407,-0.09836822209210183
13.899999999999967,12.89999999999997,0.9999999999999964,3,1.0,1.25,161.91419884791532,133.86723469165278,19.897431107313622,20.030303876845608,30.049994543947093,30.05249221729324,-0.002497673346145035,-0.14456266652096872,-0.11689896988984749
13.999999999999966,12.99999999999997,0.9999999999999964,3,1.0,1.25,163.90030974993914,135.86888749654563,19.86110902023812,20.016528048928475,30.033075058286357,30.03787984605701,-0.004804787770652297,-0.16919485660748634,-0.13775827917131522
14.099999999999966,13.09999999999997,0.9999999999999964,3,1.0,1.25,165.8823189994094,137.86893267421317,19.820092494702543,20.000451776675558,30.013431502863767,30.020660061160594,-0.0072285582968270035,-0.19643555422593195,-0.16076272252915907
14.199999999999966,13.199999999999969,0.9999999999999964,3,1.0,1.25,167.85975875126067,139.86712072459645,19.774397518512714,19.981880503832684,29.9908260770475,30.000564720844448,-0.009738643796946889,-0.22605425816284352,-0.18571272842874828
14.299999999999965,13.299999999999969,0.9999999999999964,3,1.0,1.25,169.83216593427406,141.86318477848957,19.72407183013385,19.960640538931116,29.965045209677612,29.977350629790855,-0.012305420113243315,-0.2578086736988361,-0.21239964901569053
14.399999999999965,13.399999999999968,0.9999999999999964,3,1.0,1.25,171.79908484696227,143.85684271806034,19.66918912688217,19.936579395707643,29.935900068472705,29.950800673663895,-0.014900605191190408,-0.2914514120489464,-0.24061143223475234
14.499999999999964,13.499999999999968,0.9999999999999964,3,1.0,1.25,173.760069253682,145.84779928645796,19.609844067197084,19.909565683976155,29.903226535621656,29.920724244634552,-0.017497709012896934,-0.32673532851055853,-0.2701371173148953
14.599999999999964,13.599999999999968,0.9999999999999964,3,1.0,1.25,175.7146840506254,147.8357481514352,19.546147969434315,19.87948864977267,29.86688476416745,29.886957104970193,-0.02007234080274145,-0.36341771454183913,-0.30077034203484204
14.699999999999964,13.699999999999967,0.9999999999999964,3,1.0,1.25,177.66250656271868,149.8203738961771,19.478225120932688,19.846257447418854,29.826758411283464,29.84936081221584,-0.022602400932374422,-0.4012635288399835,-0.332312023538174
14.799999999999963,13.799999999999967,0.9999999999999964,3,1.0,1.25,179.60312752483406,151.80135391740578,19.406209621153888,19.809800212286827,29.782753628656963,29.807821809273566,-0.02506818061660354,-0.44004782626496564,-0.3645723513202743
14.899999999999963,13.899999999999967,0.9999999999999964,3,1.0,1.25,181.53615179399546,153.77836021652524,19.33024269161407,19.770062991194564,29.73479787658968,29.762250265358535,-0.027452388768853808,-0.47955752067275625,-0.3973722109226319
14.999999999999963,13.999999999999966,0.9999999999999964,3,1.0,1.25,183.46119883331963,155.7510610742501,19.25047039324156,19.727008577248384,29.682838616794385,29.712578738993205,-0.029740122198820274,-0.5195925979530038,-0.43054413946181325
15.099999999999962,14.099999999999966,0.9999999999999964,3,1.0,1.25,185.37790300320125,157.7191226029844,19.167041698816316,19.680615287343354,29.626841928951166,29.65876072156048,-0.031918792609314295,-0.5599668784320677,-0.4639328990503113
15.199999999999962,14.199999999999966,0.9999999999999964,3,1.0,1.25,187.28591369063852,159.68221017430736,19.080106874372746,19.63087571322945,29.56679108765411,29.600769109179193,-0.033978021525083335,-0.6005084129706084,-0.4973957411390284
15.299999999999962,14.299999999999965,0.9999999999999964,3,1.0,1.25,189.18489530353503,161.63998972139464,18.98981612896507,19.577795470872843,29.50268512922767,29.53859464153681,-0.0359095123091393,-0.6410595842643794,-0.5308024235660732
15.399999999999961,14.399999999999965,0.9999999999999964,3,1.0,1.25,191.07452715324325,163.5921289181579,18.89631849708235,19.521391967632482,29.43453743184861,29.472244338591054,-0.037706906742442925,-0.6814769737904918,-0.5640350324036149
15.499999999999961,14.499999999999964,0.9999999999999964,3,1.0,1.25,192.95450324547605,165.5382982383976,18.79976092232808,19.461693202397008,29.36237432731815,29.401739959540603,-0.03936563222245226,-0.7216310453044024,-0.596987652354748
15.59999999999996,14.599999999999964,0.9999999999999964,3,1.0,1.25,194.82453199695695,167.4781718994144,18.700287514808956,19.39873661016812,29.286233758559348,29.32711650299626,-0.040882744436913754,-0.7614056875880522,-0.6295659222888986
15.69999999999996,14.699999999999964,0.9999999999999964,3,1.0,1.25,196.68433589276344,169.4114286953676,18.598038958064823,19.3325679595318,29.206163993349037,29.248420762710147,-0.04225676936111,-0.8006976521032954,-0.6616865063631914
15.79999999999996,14.799999999999963,0.9999999999999964,3,1.0,1.25,198.53365109720002,171.33775272626153,18.49315204436584,19.26324030893941,29.12222240183243,29.16570994941475,-0.04348754758231976,-0.8394159151659615,-0.6932765059239291
15.89999999999996,14.899999999999963,0.9999999999999964,3,1.0,1.25,200.37222702918484,173.2568340288265,18.38575931984808,19.190813025649554,29.034474302923314,29.07905038617426,-0.044576083250944976,-0.8774809890913282,-0.7242728328985351
15.99999999999996,14.999999999999963,0.9999999999999964,3,1.0,1.25,202.19982591151424,175.16836911577573,18.275988823293854,19.11535086949239,28.94299188268775,28.988516282061944,-0.0455243993741945,-0.9148242023556996,-0.7546215615716569
16.09999999999996,15.099999999999962,0.9999999999999964,3,1.0,1.25,204.01622230195656,177.07206143000099,18.163963904423255,19.036923142252625,28.847853186180828,28.894188586865486,-0.04633540068465791,-0.9513869650691333,-0.7842772723976357
16.19999999999996,15.199999999999962,0.9999999999999982,3,1.0,1.25,205.82120261289452,178.96762172023864,18.049803109379738,18.955602902376683,28.74914118289354,28.79615392781578,-0.04701274492224172,-0.9871200328728875,-0.8132023987594309
16.29999999999996,15.299999999999962,1.0,3,1.0,1.25,207.61456462516378,180.8547683446236,17.933620122692545,18.871466243849667,28.64694290492514,28.694503627970853,-0.047560723045712905,-1.0219827796841372,-0.8413665852701663
16.399999999999963,15.399999999999961,1.0000000000000018,3,1.0,1.25,209.3961170008045,182.73322750836587,17.815523756407256,18.784591637422714,28.5413486561809,28.589332804812084,-0.04798414863118339,-1.0559424874424117,-0.8687460642695211
16.499999999999964,15.499999999999961,1.0000000000000036,3,1.0,1.25,211.16567879863595,184.60273344155274,17.69561797831447,18.695059331868638,28.43245129027008,28.480739546778395,-0.048288256508314475,-1.0889736591082446,-0.895323055540753
16.599999999999966,15.59999999999996,1.0000000000000053,3,1.0,1.25,212.92307899586547,186.4630285228104,17.574001972295054,18.602950812576598,28.320345554312723,28.368824164835797,-0.04847861052307323,-1.1210573595735838,-0.9210851929204037
16.699999999999967,15.69999999999996,1.000000000000007,3,1.0,1.25,214.66815601834105,188.31386335426453,17.450770224755928,18.50834831454144,28.20512749553066,28.253688515720746,-0.04856102019008546,-1.15218058782067,-0.9460249803515787
16.79999999999997,15.79999999999996,1.0000000000000089,3,1.0,1.25,216.4007572815379,190.15499679292856,17.326012631968347,18.41133438664042,28.086893927273366,28.1354353931768,-0.048541465903433334,-1.1823356825730933,-0.9701392790101914
16.89999999999997,15.89999999999996,1.0000000000000107,3,1.0,1.25,218.12073874392334,191.9861959433288,17.1998146238546,18.31199150400227,27.965741950994783,28.014167983300524,-0.04842603230574127,-1.2115197627858194,-0.9934288263815262
16.99999999999997,15.99999999999996,1.0000000000000124,3,1.0,1.25,219.82796447396447,193.80723611585347,17.072257300411383,18.21040172524664,27.841768530635676,27.889989380002834,-0.048220849367158536,-1.239734203590885,-1.0158977875562871
17.099999999999973,16.09999999999996,1.0000000000000142,3,1.0,1.25,221.5223062317164,195.61790075499283,16.943417577519316,18.106646391393685,27.715070115862943,27.7630021565583,-0.047932040695357614,-1.2669841477273245,-1.0375533385295383
17.199999999999974,16.19999999999996,1.0000000000000142,3,1.0,1.25,223.2036430656542,197.41798134132316,16.813368339377835,18.00080586330338,27.585742310661374,27.633307989242105,-0.047565678580731685,-1.2932780520158502,-1.058405280903046
17.299999999999976,16.29999999999996,1.0000000000000142,3,1.0,1.25,224.87186092517734,199.20727727078255,16.682178595231516,17.89295929459388,27.45387958385419,27.501007329129227,-0.047127745275037825,-1.3186272680718645,-1.0784656870950105
17.399999999999977,16.399999999999963,1.0000000000000142,3,1.0,1.25,226.52685228901987,200.98559571449258,16.54991363842519,17.783184437100132,27.319575018237316,27.36619911824235,-0.04662410000503314,-1.343045656168691,-1.0977485749374694
17.49999999999998,16.499999999999964,1.0000000000000142,3,1.0,1.25,228.16851580963464,202.75275146209881,16.41663520614759,17.671557476062272,27.182920095142066,27.228980546375166,-0.04606045123309954,-1.3665492309525433,-1.1162696103785845
17.59999999999998,16.599999999999966,1.0000000000000142,3,1.0,1.25,229.79675597348495,204.5085667513361,16.282401638502943,17.55815289237294,27.044004511386134,27.08944684507784,-0.04544233369170669,-1.3891558375593291,-1.1340458368933166
17.69999999999998,16.699999999999967,1.0000000000000142,3,1.0,1.25,231.4114827770641,206.25287108627205,16.147268035791573,17.443043349359524,26.90291602572799,26.947691115466178,-0.044775089738188,-1.4108848565813688,-1.1510954301341891
17.799999999999983,16.79999999999997,1.0000000000000142,3,1.0,1.25,233.01261141837304,207.98550104644485,16.01128641308936,17.32629960172799,26.75974033210099,26.803804186699406,-0.04406385459841644,-1.4317569362701654,-1.1674374763153406
17.899999999999984,16.89999999999997,1.0000000000000142,3,1.0,1.25,234.6000620035126,209.70630008888952,15.874505851395497,17.207990424446777,26.614560957067738,26.657874502159984,-0.043313545092246386,-1.4517937503324916,-1.1830917728121164
17.999999999999986,16.99999999999997,1.0000000000000142,3,1.0,1.25,236.17375926798982,211.4151183448395,15.736972644772301,17.08818255949991,26.467459179100302,26.50998803055847,-0.04252885145816876,-1.471017779674476,-1.198078649468665
18.099999999999987,17.099999999999973,1.0000000000000142,3,1.0,1.25,237.73374068729308,213.11182162457314,15.59981419303264,16.96703279733646,26.31862234245358,26.360228199374887,-0.041605856921307804,-1.4883683664672684,-1.2114976216344686
18.19999999999999,17.199999999999974,1.0000000000000142,3,1.0,1.25,239.2801370056324,214.79629796931718,15.463963183393302,16.844763447440442,26.168315381059273,26.208790996670576,-0.040475615611303084,-1.5030696139431594,-1.2226934989601792
18.29999999999999,17.299999999999976,1.0000000000000142,3,1.0,1.25,240.813155381469,216.46846219206287,15.330183758365827,16.721642227457036,26.016857412151808,26.055954309300553,-0.03909689714874531,-1.5145796890746155,-1.231212199834065
18.39999999999999,17.399999999999977,1.0000000000000142,3,1.0,1.25,242.33306483180527,218.12825878229293,15.199094503362856,16.597965902300558,25.8646026397424,25.902052784321295,-0.037450144578894395,-1.5225477240941796,-1.236763251564791
18.499999999999993,17.49999999999998,1.0000000000000142,3,1.0,1.25,243.84018369382787,219.7756634919347,15.071188620225861,16.474047096417543,25.711924911534936,25.747457377875698,-0.03553246634076146,-1.526777282074697,-1.2391880588301385
18.599999999999994,17.59999999999998,1.0000000000000142,3,1.0,1.25,245.33486885503922,221.41068387016492,14.94685161211357,16.350203782302355,25.559205363104525,25.592558870521927,-0.033353507417402284,-1.5271954843039737,-1.23843314115188
18.699999999999996,17.69999999999998,1.0000000000000142,3,1.0,1.25,246.81750653192495,223.033358971957,14.826376768857234,16.22675101792085,25.40682266176003,25.437754727877945,-0.030932066117912882,-1.5238270134451213,-1.2345276438150536
18.799999999999997,17.799999999999983,1.0000000000000142,3,1.0,1.25,248.2885044028765,224.64375842857444,14.709978709515429,16.10399456617434,25.255145430919498,25.283438772401063,-0.028293341481564482,-1.5167723084054217,-1.2275645174651197
18.9,17.899999999999984,1.0000000000000142,3,1.0,1.25,249.74828492387883,226.2419810367806,14.597805210023203,15.982226082061572,25.104526495304384,25.129993207717924,-0.025466712413539483,-1.5061893561511361,-1.2176848411276788
19.0,17.999999999999986,1.0000000000000142,3,1.0,1.25,251.19727967569375,227.82815299665714,14.489947518149082,15.861719598765383,24.95529863891315,24.977782602576966,-0.022483963663816553,-1.4922785639124907,-1.205064832961901
19.1,18.099999999999987,1.0000000000000142,3,1.0,1.25,252.6359246092047,229.40242590499489,14.386449335109454,15.74272908337745,24.807771612547555,24.827149498456727,-0.01937788590917222,-1.4752702636559292,-1.1899051538793295
19.200000000000003,18.19999999999999,1.0000000000000142,3,1.0,1.25,254.0646560714887,230.9649745917097,14.28731462284022,15.625486867148073,24.662230166493828,24.67841135422181,-0.016181187727983826,-1.455414460537229,-1.1724221622937752
19.300000000000004,18.29999999999999,1.0000000000000142,3,1.0,1.25,255.4839075092706,232.51599487017802,14.192514377819029,15.51020278468304,24.518932917560903,24.53185858393509,-0.012925666374187017,-1.4329724893290443,-1.152840824650329
19.400000000000006,18.39999999999999,1.0000000000000142,3,1.0,1.25,256.8941067588932,234.05570125837798,14.101992496225993,15.397063881999545,24.378111888715182,24.3877534808538,-0.009641592138617483,-1.408210288457047,-1.1313890268349465
19.500000000000007,18.499999999999993,1.0000000000000142,3,1.0,1.25,258.2956738429842,235.58432471590976,14.015670840909774,15.286234575317701,24.239972584606193,24.246329852499432,-0.006357267893239538,-1.3813930410897708,-1.1082930668184365
19.60000000000001,18.599999999999994,1.0000000000000142,3,1.0,1.25,259.68901920377374,237.10211043204575,13.933453607895892,15.1778571613598,24.10469448786398,24.107793219147126,-0.0030987312831456393,-1.3527809674218094,-1.0837741395790204
19.70000000000001,18.699999999999996,1.0000000000000142,3,1.0,1.25,261.07454231165997,238.60931569166132,13.855231078862547,15.072052596155743,23.97243187961422,23.97232145169975,0.000110427914471245,-1.322626082497253,-1.058045652040567
19.80000000000001,18.799999999999997,1.0000000000000142,3,1.0,1.25,262.4526305952561,240.10620783898733,13.78088283596131,14.968921473260194,23.843314903594774,23.84006574519468,0.003249158400095098,-1.2911697601944336,-1.0313112289554993
19.900000000000013,18.9,1.0000000000000142,3,1.0,1.25,263.8236586458999,241.59306235340546,13.710280506438432,14.86854514418132,23.71745080691258,23.71115184157524,0.006298965337339979,-1.258640966821762,-1.0037632907887397
20.000000000000014,19.0,1.0000000000000142,3,1.0,1.25,265.18798765555925,243.07016104680253,13.643290096593663,14.770986933970665,23.594925302153797,23.58568143022665,0.00924387192714704,-1.2252550475876571,-0.9755821021065523
20.100000000000016,19.1,1.0000000000000142,3,1.0,1.25,266.545965052318,244.53779038815878,13.579773967587915,14.676293413562654,23.4758040055155,23.46373366746333,0.01207033805216895,-1.19121296638275,-0.9469352040801156
20.200000000000017,19.200000000000003,1.0000000000000142,3,1.0,1.25,267.89792430225606,245.99623995793732,13.5195924993805,14.584495697785279,23.360133914097275,23.34536676695332,0.01476714714395655,-1.156700914182153,-0.9179771577737441
20.30000000000002,19.300000000000004,1.0000000000000142,3,1.0,1.25,269.2441848506114,247.4458010323542,13.4626054835537,14.495610744168877,23.2479448926741,23.2306196222316,0.01732527044249821,-1.1218902142315788,-0.888849536164014
20.40000000000002,19.400000000000006,1.0000000000000142,3,1.0,1.25,270.5850521787003,248.88676529564555,13.40867328088891,14.409642632913231,23.139251146346112,23.119513430211097,0.019737716135015404,-1.0869374632799662,-0.8596811125564653
20.50000000000002,19.500000000000007,1.0000000000000142,3,1.0,1.25,271.92081795622283,250.31942367692255,13.357657775225022,14.326583812769961,23.034052660577288,23.012053291141537,0.021999369435750538,-1.0519848576882094,-0.8305882014326923
20.600000000000023,19.60000000000001,1.0000000000000142,3,1.0,1.25,273.2517602713522,251.74406530705008,13.309423151293835,14.246416301275232,22.93233659442967,22.908229765962453,0.024106828467218122,-1.017160661476126,-0.8016751149472917
20.700000000000024,19.70000000000001,1.0000000000000142,3,1.0,1.25,274.5781439234356,253.16097659013303,13.26383652083398,14.169112830829507,22.83407861638554,22.80802037659404,0.02605823979149946,-0.9825797804412524,-0.7730347044572522
20.800000000000026,19.80000000000001,1.0000000000000142,3,1.0,1.25,275.90022076526407,254.5704403835986,13.220768418284496,14.094637934655614,22.739244175131034,22.711391038536885,0.027853136594149674,-0.9483444125450102,-0.7447489617389333
20.900000000000027,19.900000000000013,1.0000000000000142,3,1.0,1.25,277.2182300837349,255.97273528047367,13.180093184708152,14.022948968750656,22.647789700136315,22.618297418319518,0.02949228181679686,-0.9145447499474617,-0.716889659049571
21.00000000000003,20.000000000000014,1.0000000000000142,3,1.0,1.25,278.53239900936023,257.3681349872385,13.141689256253388,13.953997067648286,22.559663728886562,22.52868621093832,0.030977517948240774,-0.8812597124972683,-0.6895190110236943
21.10000000000003,20.100000000000016,1.0000000000000142,3,1.0,1.25,279.8429429465,258.7569077905568,13.10543937139777,13.887728033183302,22.47480795926151,22.442496334560357,0.032311624701154784,-0.8485576962505164,-0.6626903446498358
21.20000000000003,20.200000000000017,1.0000000000000142,3,1.0,1.25,281.15006601743937,260.1393161062118,13.071230709393781,13.824083156550314,22.393158226882576,22.359660041479128,0.033498185403448844,-0.8164973237895214,-0.6364487663298928
21.300000000000033,20.30000000000002,1.0000000000000142,3,1.0,1.25,282.45396151451257,261.5156161036934,13.038954970732227,13.76299997481551,22.31464540830075,22.28010394568789,0.03454146261285729,-0.7851281858180865,-0.6108318173480406
21.400000000000034,20.40000000000002,1.0000000000000142,3,1.0,1.25,283.754812355415,262.8860574000646,13.008508409024707,13.70441296371236,22.239196251721637,22.20374996851939,0.03544628320224774,-0.7544915657908042,-0.5858701110315195
21.500000000000036,20.50000000000002,1.0000000000000142,3,1.0,1.25,285.0527915376613,264.2508828169706,12.979791822462667,13.648254169060195,22.166734137596677,22.13051620464045,0.03621793295622666,-0.7246211412496919,-0.5615879465216402
21.600000000000037,20.600000000000023,1.0000000000000142,3,1.0,1.25,286.348062588853,265.61032819492226,12.952710511917227,13.594453779516614,22.097179771882395,22.060317711325244,0.036862060557151466,-0.6955436571429683,-0.538003895435799
21.70000000000004,20.700000000000024,1.0000000000000142,3,1.0,1.25,287.64078001003134,266.96462225928565,12.92717421178356,13.542940643633635,22.030451815109075,21.99306722439577,0.037384590713305244,-0.6672795677330541,-0.5151313588297907
21.80000000000004,20.800000000000026,1.0000000000000142,3,1.0,1.25,288.93108970991443,268.313986532721,12.903096998831217,13.493642734353779,21.966467450628784,21.928675804542046,0.03779164608673824,-0.6398436448024185,-0.49297909279856567
21.90000000000004,20.900000000000027,1.0000000000000142,3,1.0,1.25,290.21912942827277,269.65863528913826,12.880397183583334,13.446487564172621,21.905142895551762,21.867053417942223,0.03808947760953885,-0.6132455507704453,-0.47155170181158684
22.000000000000043,21.00000000000003,1.0000000000000142,3,1.0,1.25,291.5050291470829,270.9987755445606,12.858997188101318,13.40140255422336,21.846393857944634,21.808109455215778,0.03828440272885558,-0.5874903760713028,-0.4508500994926145
22.100000000000044,21.10000000000003,1.0000000000000142,3,1.0,1.25,292.78891148843155,272.3346070806125,12.838823413486422,13.358315360518992,21.79013594387095,21.751753192779198,0.03838275109175271,-0.562579140736938,-0.4308719370436741
22.200000000000045,21.20000000000003,1.0000000000000142,3,1.0,1.25,294.07089209842314,273.6663224966654,12.819806099916104,13.317154160528856,21.736285017810644,21.69789420064874,0.03839081716190407,-0.5385092606028881,-0.41161199990135844
22.300000000000047,21.300000000000033,1.0000000000000142,3,1.0,1.25,295.3510800165834,274.99410728698314,12.801879181602812,13.277847903177621,21.684757519918037,21.64644270066107,0.03831481925696778,-0.515274978926044,-0.39306257351235135
22.40000000000005,21.400000000000034,1.0000000000000142,3,1.0,1.25,296.62957803045225,276.3181399395075,12.784980138688129,13.240326525243317,21.635470743469114,21.597309878972027,0.03816086449708678,-0.49286776448949254,-0.37521377934305067
22.50000000000005,21.500000000000036,1.0000000000000142,3,1.0,1.25,297.9064830152282,277.6385920532078,12.769049847759664,13.204521137002954,21.58834307572073,21.550408156554145,0.037934919166584535,-0.47127667748365276,-0.35805388240362995
22.60000000000005,21.600000000000037,1.0000000000000142,3,1.0,1.25,299.1818862584678,278.95562847119123,12.754032432395576,13.17036417983468,21.543294205259997,21.505651421253692,0.03764278400630516,-0.45048870460737866,-0.3415695716827504
22.700000000000053,21.70000000000004,1.0000000000000142,3,1.0,1.25,300.45587376995746,280.26940742702504,12.739875114896957,13.137789558338305,21.50024529876623,21.46295522479335,0.03729007397287987,-0.43048906493772243,-0.325746214963738
22.800000000000054,21.80000000000004,1.0000000000000142,3,1.0,1.25,301.7285265769732,281.58008070196354,12.726528070157093,13.106732749385072,21.45911914994815,21.422236947922883,0.03688220202526793,-0.41126148818121244,-0.310568089532336
22.900000000000055,21.90000000000004,1.0000000000000142,3,1.0,1.25,302.9999210052166,282.88779379099907,12.713944282434374,13.077130890355102,21.419840303253068,21.38341593673134,0.03642436652172876,-0.392788466950698,-0.2960185902996941
23.000000000000057,22.000000000000043,1.0000000000000142,3,1.0,1.25,304.2701289457805,284.19268607586605,12.702079405639177,13.048922848669706,21.382335154781458,21.346413612943877,0.03592154183758112,-0.3750514847159252,-0.28208041685394963
23.10000000000006,22.100000000000044,1.0000000000000142,3,1.0,1.25,305.5392181085416,285.49489100332374,12.690891627610778,13.022049274576913,21.346532032675555,21.311153560837134,0.03537847183842047,-0.35803122105892804,-0.26873574092793223
23.20000000000006,22.200000000000045,1.0000000000000142,3,1.0,1.25,306.80725226241617,286.79453626722415,12.680341538745868,12.996452639003994,21.312361259092427,21.27756159322114,0.03479966587128658,-0.3417077358310454,-0.2559663557291931
23.30000000000006,22.300000000000047,1.0000000000000142,3,1.0,1.25,308.07429146294044,288.09174399303924,12.670392005242608,12.972077258151149,21.27975519571629,21.245565798754992,0.03418939696129897,-0.3260606337613865,-0.24375380852845974
23.400000000000063,22.40000000000005,1.0000000000000142,3,1.0,1.25,309.3403922676546,289.3866309236759,12.661008047141658,12.94886930636671,21.248648274615334,21.215096572688935,0.03355170192639889,-0.3110692110094906,-0.23207951784439304
23.500000000000064,22.50000000000005,1.0000000000000142,3,1.0,1.25,310.60560793978215,290.6793086055476,12.652156721275865,12.926776818716835,21.218977016106237,21.186086632958386,0.03289038314785131,-0.2967125850908445,-0.22092487649874998
23.600000000000065,22.60000000000005,1.0000000000000142,3,1.0,1.25,311.86998864070034,291.96988357400176,12.643807009181964,12.905749684541881,21.190680035152752,21.158471023396043,0.032209011756709316,-0.2829698095348707,-0.21027134174954193
23.700000000000067,22.700000000000053,1.0000000000000142,3,1.0,1.25,313.1335816116982,293.25845753731954,12.635929709979001,12.885739633177806,21.163698037696463,21.132187105677353,0.031510932019109816,-0.2698199745628802,-0.20010051364074927
23.800000000000068,22.800000000000054,1.0000000000000142,3,1.0,1.25,314.396431345516,294.54512755861094,12.628497338178038,12.866700212914036,21.137973808196477,21.107174541472258,0.03079926672421962,-0.25724229499976836,-0.1903942026377049
23.90000000000007,22.900000000000055,1.0000000000000142,3,1.0,1.25,315.6585797481515,295.82998623502687,12.621484026354807,12.848586764159199,21.113452189540567,21.083375266142546,0.030076923398020483,-0.2452161865592295,-0.18113448754837336
24.00000000000007,23.000000000000057,1.0000000000000142,3,1.0,1.25,316.92006629141054,297.11312187379616,12.61486543259049,12.831356387692935,21.09008005638367,21.060733455199,0.029346601184670362,-0.23372133156870945,-0.1723037646626324
24.100000000000072,23.10000000000006,1.0000000000000142,3,1.0,1.25,318.180928156667,298.3946186646757,12.608618652564555,12.814967908795397,21.067806282870833,21.03919548461617,0.028610798254664616,-0.2227377351283799,-0.16388478897537162
24.200000000000074,23.20000000000006,1.0000000000000142,3,1.0,1.25,319.4412003702837,299.67455684847226,12.602722136167156,12.799381837965825,21.04658170560799,21.018709885994248,0.0278718196137433,-0.21224577262824162,-0.15586070829572166
24.300000000000075,23.30000000000006,1.0000000000000142,3,1.0,1.25,320.7009159311323,300.95301288135903,12.597155608485963,12.784560328867572,21.026359082660008,20.99922729745728,0.027131785202726633,-0.20222622947986224,-0.1482150909825265
24.400000000000077,23.400000000000063,1.0000000000000142,3,1.0,1.25,321.9601059306336,302.2300595947659,12.591899995013158,12.770467134068722,21.007093049274545,20.980700411084463,0.02639263819008164,-0.1926603338544144,-0.1409319479884907
24.500000000000078,23.500000000000064,1.0000000000000142,3,1.0,1.25,323.21879966572476,303.5057663506744,12.586937350911928,12.757067559084826,20.98874007095884,20.963083917585905,0.025656153372935364,-0.18352978315679458,-0.13399574983896798
24.60000000000008,23.600000000000065,1.0000000000000142,3,1.0,1.25,324.47702474514256,304.7801991921917,12.582250794177916,12.74432841517288,20.97125839446818,20.94633444885603,0.024923945612147946,-0.17481676490690923,-0.12739143911945341
24.70000000000008,23.700000000000067,1.0000000000000142,3,1.0,1.25,325.7348071893955,306.053420989319,12.577824442529106,12.732217971273265,20.954607997203823,20.9304105189661,0.024197478237724113,-0.16650397264377403,-0.12110443899615717
24.800000000000082,23.800000000000068,1.0000000000000142,3,1.0,1.25,326.9921715247812,307.32549157986386,12.573643353857394,12.720705905448526,20.93875053546219,20.91527246409158,0.02347807137061153,-0.1585746174158711,-0.11512065824739112
24.900000000000084,23.90000000000007,1.0000000000000142,3,1.0,1.25,328.2491408717888,308.5964679054763,12.56969347007624,12.709763256124457,20.92364929192496,20.900882381810657,0.022766910114302874,-0.15101243537228548,-0.10942649324067695
25.000000000000085,24.00000000000007,1.0000000000000142,3,1.0,1.25,329.50573702820896,309.86640414281624,12.565961564201045,12.699362373399438,20.909269122732667,20.887204070155573,0.022065052577094235,-0.14380169192341263,-0.104008827250183
25.100000000000087,24.100000000000072,1.0000000000000142,3,1.0,1.25,330.76198054725916,311.1353518298815,12.562435190502084,12.689476870652332,20.89557640444292,20.874202966749298,0.02137343769362232,-0.13692718289735417,-0.09885502747107218
25.200000000000088,24.200000000000074,1.0000000000000142,3,1.0,1.25,332.0178908110165,312.4033599875462,12.559102637573762,12.680081576647027,20.882538981135042,20.861846088315414,0.020692892819628383,-0.13037423307856955,-0.09395294005304144
25.30000000000009,24.300000000000075,1.0000000000000142,3,1.0,1.25,333.27348609943334,313.67047523637643,12.555952884168375,12.671152488302653,20.870126111887146,20.850101970808783,0.02002414107836259,-0.1241286924786511,-0.08929088344373959
25.40000000000009,24.400000000000077,1.0000000000000142,3,1.0,1.25,334.5287836551981,314.9367419088037,12.552975557647546,12.66266672427241,20.85830841882165,20.838940610378316,0.01936780844333441,-0.11817693065510682,-0.08485764030241826
25.500000000000092,24.500000000000078,1.0000000000000142,3,1.0,1.25,335.7837997446891,316.20220215674874,12.550160894909672,12.654602479450634,20.84705783588538,20.828333405340516,0.01872443054486439,-0.11250582936273901,-0.08064244821775901
25.600000000000094,24.60000000000008,1.0000000000000142,3,1.0,1.25,337.0385497152548,317.4668960547994,12.547499705657202,12.6469389805068,20.836347558506077,20.818253099313292,0.01809445919278474,-0.10710277379343225,-0.07663498943835344
25.700000000000095,24.70000000000008,1.0000000000000142,3,1.0,1.25,338.2930480490421,318.73086169905207,12.544983337873127,12.639656442526567,20.826151994242707,20.8086737256335,0.017478268609206538,-0.10195564263367274,-0.07282537980233493
25.800000000000097,24.800000000000082,1.0000000000000142,3,1.0,1.25,339.54730841358025,319.99413530173445,12.542603645381678,12.632736026823475,20.816446714528183,20.79957055315821,0.01687616136997505,-0.09705279714488846,-0.06920415703092325
25.900000000000098,24.900000000000084,1.0000000000000142,3,1.0,1.25,340.8013437093177,321.25675128173145,12.54035295737396,12.626159799970209,20.807208407583232,20.790920033529343,0.0162883740538895,-0.09238306944951447,-0.06576226853266683
26.0000000000001,25.000000000000085,1.0000000000000142,3,1.0,1.25,342.0551661142961,322.51874235114,12.538224049784773,12.619910694085469,20.798414832564674,20.78269974996276,0.015715082601914787,-0.08793575018543542,-0.06249105884739095
26.1000000000001,25.100000000000087,1.0000000000000142,3,1.0,1.25,343.30878712613736,323.7801395979801,12.5362101184125,12.613972468401156,20.79004477499734,20.774888367606835,0.015156407390506388,-0.08370057567296918,-0.05938225684312215
26.200000000000102,25.200000000000088,1.0000000000000142,3,1.0,1.25,344.56221760150527,325.0409725651926,12.534304753679258,12.60832967212459,20.782078003525157,20.767465585501448,0.014612418023709495,-0.07966771472189826,-0.056427962765663864
26.300000000000104,25.30000000000009,1.0000000000000142,3,1.0,1.25,345.81546779319865,326.30126932605276,12.532501916933912,12.602967608601851,20.77449522800606,20.76041209015574,0.014083137850320782,-0.0758277551906783,-0.05362063522738225
26.400000000000105,25.40000000000009,1.0000000000000142,3,1.0,1.25,347.0685473850192,327.56105655613084,12.530795918205609,12.597872300780859,20.76727805896644,20.753709510752316,0.013568548214124121,-0.07217169039624238,-0.05095307820993185
26.500000000000107,25.500000000000092,1.0000000000000142,3,1.0,1.25,348.32146552455123,328.82035960192746,12.529181395320506,12.593030457966247,20.760408968420393,20.747340375976073,0.013068592444319904,-0.06869090546035217,-0.04841842814612179
26.600000000000108,25.600000000000094,1.0000000000000142,3,1.0,1.25,349.57423085398113,330.07920254631273,12.527653294299123,12.58842944385267,20.75387125205367,20.74128807245781,0.012583179595861083,-0.0653771636671241,-0.046010141135768734
26.70000000000011,25.700000000000095,1.0000000000000142,3,1.0,1.25,350.82685153907676,331.3376082708946,12.526206850956376,12.584057245818375,20.747648992764027,20.735536804815837,0.012112187948190467,-0.06222259289629406,-0.04372198034294002
26.80000000000011,25.800000000000097,1.0000000000000142,3,1.0,1.25,352.0793352964398,332.59559851544026,12.524837573630778,12.57990244545698,20.74172702554523,20.730071557272968,0.011655468272262937,-0.05921967218759683,-0.041548003613946
26.900000000000112,25.900000000000098,1.0000000000000142,3,1.0,1.25,353.33168941913715,333.8531939344725,12.523541226973444,12.575954190322081,20.73609090369689,20.724878056821225,0.01121284687566515,-0.056361218483536035,-0.03948255134899625
27.000000000000114,26.0000000000001,1.0000000000000142,3,1.0,1.25,354.5839208008103,335.1104141511581,12.52231381673165,12.572202166856608,20.730726866337818,20.7199427379026,0.010784128435219031,-0.05364037359043117,-0.03752023465473542
27.100000000000115,26.1000000000001,1.0000000000000142,3,1.0,1.25,355.83603595835683,336.3672778086058,12.521151575465474,12.568636574476715,20.725621807198706,20.71525270857076,0.010369098627947437,-0.05105059139113344,-0.03565592379893304
27.200000000000117,26.200000000000102,1.0000000000000142,3,1.0,1.25,357.0880410532708,337.62380261868367,12.520050949139705,12.565248100778208,20.720763244664965,20.710795718095895,0.009967526569070628,-0.04858562533700983,-0.03388473698507255
27.300000000000118,26.300000000000104,1.0000000000000142,3,1.0,1.25,358.33994191172445,338.8800054084669,12.51900858453667,12.562027897832285,20.716139293040783,20.706560125972757,0.00957916706802564,-0.046239516241538325,-0.032202029459217844
27.40000000000012,26.400000000000105,1.0000000000000142,3,1.0,1.25,359.59174404346834,340.13590216442054,12.518021317438901,12.558967559536368,20.71173863500144,20.702534872290357,0.009203762711081254,-0.044006580393384453,-0.03060338295916694
27.50000000000012,26.500000000000107,1.0000000000000142,3,1.0,1.25,360.84345265962173,341.39150807441905,12.517086161533703,12.556059099985191,20.70755049520119,20.698709449420463,0.008841045780727086,-0.04188139800266555,-0.029084595511768896
27.600000000000122,26.600000000000108,1.0000000000000142,3,1.0,1.25,362.09507268942116,342.64683756770177,12.516200297994528,12.553294932826969,20.703564615002108,20.69507387498149,0.008490740020619114,-0.03985880199066294,-0.0276416715822208
27.700000000000124,26.70000000000011,1.0000000000000142,3,1.0,1.25,363.34660879599085,343.9019043528587,12.515361065696965,12.550667851569337,20.69977122828908,20.691618666033712,0.008152562255368423,-0.03793386713000402,-0.026270812576319004
27.800000000000125,26.80000000000011,1.0000000000000142,3,1.0,1.25,364.5980653911938,345.1567214539387,12.514565952029622,12.548171010799832,20.696161038335106,20.68833481446167,0.007826223873436788,-0.03610189953971421,-0.024968407695052975
27.900000000000126,26.900000000000112,1.0000000000000142,3,1.0,1.25,365.8494466496201,346.4113012447673,12.51381258426279,12.54579790828595,20.69272519568142,20.68521376349979,0.007511432181630084,-0.03435842653704135,-0.023731025138818043
28.000000000000128,27.000000000000114,1.0000000000000142,3,1.0,1.25,367.10075652176414,347.6656554815593,12.513098721439956,12.54354236792024,20.689455276996853,20.682247385357435,0.007207891639417596,-0.03269918684599382,-0.022555403657086262
28.10000000000013,27.100000000000115,1.0000000000000142,3,1.0,1.25,368.3519987464401,348.91979533390696,12.512422246759543,12.541398523476406,20.686343264880747,20.679427959900302,0.006915304980445569,-0.031120121160697067,-0.02143844443833487
28.20000000000013,27.200000000000117,1.0000000000000142,3,1.0,1.25,369.6031768624817,350.17373141422127,12.511781160416222,12.539360803143053,20.683381528574728,20.676748154345507,0.006633374229220834,-0.029617363060184587,-0.020377203333537253
28.300000000000132,27.300000000000118,1.0000000000000142,3,1.0,1.25,370.854294219769,351.4274738057015,12.511173572873089,12.5374239148024,20.68056280554771,20.674201003928815,0.006361801618893992,-0.028187230269963948,-0.019368883406524165
28.400000000000134,27.40000000000012,1.0000000000000142,3,1.0,1.25,372.10535398962276,352.6810320889037,12.510597698537872,12.53558283202215,20.677880183921275,20.671779893503,0.006100290418274312,-0.026826216264527858,-0.01841082780248513
28.500000000000135,27.50000000000012,1.0000000000000142,3,1.0,1.25,373.35635917460456,353.9344153669766,12.510051849817925,12.53383278072947,20.67532708570087,20.66947854002769,0.005848545673181604,-0.02553098220422534,-0.01750051292678947
28.600000000000136,27.600000000000122,1.0000000000000142,3,1.0,1.25,374.6073126177576,355.1876322896303,12.509534431530492,12.53216922653701,20.672897250780977,20.66729097591184,0.005606274869137451,-0.024298349198978997,-0.016635541924614472
28.700000000000138,27.700000000000124,1.0000000000000142,3,1.0,1.25,375.8582170113222,356.44069107589945,12.50904393564611,12.53058786269177,20.67058472169191,20.66521153317126,0.005373188520650274,-0.02312529089089921,-0.01581363845239423
28.80000000000014,27.800000000000125,1.0000000000000142,3,1.0,1.25,377.1090749049567,357.69359953576134,12.508578936344481,12.529084598618612,20.668383829057234,20.66323482836471,0.005149000692522776,-0.022008926347288238,-0.015032640731569204
28.90000000000014,27.900000000000126,1.0000000000000142,3,1.0,1.25,378.35988871349304,358.9463650906645,12.508138085363463,12.527655549031122,20.6662891777317,20.661355748273266,0.00493342945843267,-0.020946513255148957,-0.014290495874902831
29.000000000000142,28.000000000000128,1.0000000000000142,3,1.0,1.25,379.61066072425535,360.19899479302285,12.50772010762303,12.526297023583574,20.664295633590882,20.659569436288905,0.0047261973019772086,-0.019935441408092558,-0.013585254475485444
29.100000000000144,28.10000000000013,1.0000000000000142,3,1.0,1.25,380.86139310396607,361.4514953447267,12.507323797107238,12.525005517038654,20.662398310943217,20.657871279479465,0.004527031463751996,-0.01897322647633537,-0.012915065449192298
29.200000000000145,28.20000000000013,1.0000000000000142,3,1.0,1.25,382.1120879052649,362.7038731147194,12.506948012988287,12.523777699926619,20.66059256053819,20.656256896298316,0.004335664239874859,-0.018057504050366546,-0.012278171120355808
29.300000000000146,28.300000000000132,1.0000000000000142,3,1.0,1.25,383.3627470728627,363.95613415568664,12.506591675977807,12.522610409672467,20.658873958143317,20.654722124908275,0.0041518332350420906,-0.017186023948811524,-0.011672902541528175
29.400000000000148,28.400000000000134,1.0000000000000142,3,1.0,1.25,384.61337244935186,365.20828421990353,12.506253764891431,12.521500642168716,20.657238293665216,20.653263012090584,0.003975281574632561,-0.016356644781035712,-0.01109767503751229
29.50000000000015,28.500000000000135,1.0000000000000142,3,1.0,1.25,385.8639657806932,366.46032877428075,12.505933313413587,12.520445543772244,20.655681560789674,20.651875802710897,0.0038057580787764778,-0.015567328755128784,-0.010550983964714789
29.60000000000015,28.600000000000136,1.0000000000000142,3,1.0,1.25,387.11452872139824,367.7122730146512,12.505629407050312,12.519442403704598,20.65419994711749,20.650556929715304,0.0036430174021866435,-0.014816136721931272,-0.010031400676451696
29.700000000000152,28.700000000000138,1.0000000000000142,3,1.0,1.25,388.3650628394241,368.9641218793348,12.505341180258622,12.51848864683603,20.652789824772924,20.64930300463075,0.003486820142175162,-0.01410122344597653,-0.009537568685693644
29.800000000000153,28.80000000000014,1.0000000000000142,3,1.0,1.25,389.6155696207983,370.21588006201824,12.505067813741721,12.517581826834407,20.65144774146347,20.648110808545038,0.0033369329184331775,-0.013420833094308193,-0.009068200016229967
29.900000000000155,28.90000000000014,1.0000000000000142,3,1.0,1.25,390.8660504739883,371.46755202398435,12.504808531900032,12.51671961966101,20.650170411970066,20.64697728354301,0.0031931284270569904,-0.012773294934374846,-0.008622071733971382
30.000000000000156,29.000000000000142,1.0000000000000142,3,1.0,1.25,392.1165067340312,372.71914200572394,12.504562600428585,12.515899817395946,20.648954710046837,20.645899524576265,0.0030551854705720416,-0.012157019232425625,-0.008198022650654481
