control_time,predecessor_state_time,information_age,slave_id,predecessor_position,slave_position,predecessor_velocity,slave_velocity,actual_distance,desired_distance,distance_error,velocity_error,acceleration
0.2,0.2,0.0,1,4.0,-22.98,20.0,20.2,29.0,25.0,4.0,0.0,2.0
0.30000000000000004,0.30000000000000004,0.0,1,6.0,-20.942700000000002,20.0,20.373,28.98,25.2,3.780000000000001,-0.1999999999999993,1.730000000000001
0.4,0.4,0.0,1,8.0,-18.890535500000002,20.0,20.521645,28.942700000000002,25.373,3.569700000000001,-0.3730000000000011,1.4864499999999996
0.5,0.5,0.0,1,10.0,-16.825699707500004,20.0,20.648357925,28.890535500000002,25.521645,3.3688905000000027,-0.5216449999999995,1.2671292500000018
0.6,0.6,0.0,1,12.0,-14.750164069487504,20.0,20.755356380125,28.825699707500004,25.648357925,3.1773417825000045,-0.6483579249999991,1.0699845512500028
0.7,0.7,0.0,1,14.0,-12.665697244069191,20.0,20.844668254183127,28.750164069487504,25.755356380125,2.994807689362503,-0.7553563801250007,0.8931187405812508
0.7999999999999999,0.7999999999999999,0.0,1,16.0,-10.573882619734913,20.0,20.91814624334278,28.665697244069193,25.844668254183127,2.8210289898860665,-0.8446682541831265,0.734779891596532
0.8999999999999999,0.8999999999999999,0.0,1,18.0,-8.476134483465417,20.0,20.977481362694963,28.573882619734913,25.91814624334278,2.6557363763921344,-0.918146243342779,0.5933511935218441
0.9999999999999999,0.9999999999999999,0.0,1,20.0,-6.373712932493628,20.0,21.024215509717887,28.476134483465415,25.977481362694963,2.4986531207704523,-0.977481362694963,0.46734147022925576
1.0999999999999999,1.0999999999999999,0.0,1,22.0,-4.267737618485704,20.0,21.059753140079245,28.37371293249363,26.024215509717887,2.349497422775741,-1.0242155097178873,0.35537630361356065
1.2,1.2,0.0,1,24.0,-2.1592004072063813,20.0,21.085372112793227,28.267737618485704,26.059753140079245,2.207984478406459,-1.0597531400792448,0.2561897271398337
1.3,1.3,0.0,1,26.0,-0.04897703135733833,20.0,21.102233758490428,28.15920040720638,26.085372112793227,2.073828294413154,-1.0853721127932268,0.16861645697199557
1.4000000000000001,1.4000000000000001,0.0,1,28.0,2.062162190788116,20.0,21.11139222145454,28.04897703135734,26.102233758490428,1.946743272866911,-1.1022337584904278,0.09158462964111314
1.5000000000000002,1.5000000000000002,0.0,1,30.0,4.17354250310072,20.0,21.113803123126043,27.937837809211885,26.11139222145454,1.8264455877573447,-1.1113922214545404,0.024109016715039955
1.6000000000000003,1.6000000000000003,0.0,1,32.0,6.284575662297183,20.0,21.110331591964623,27.82645749689928,26.113803123126043,1.712654373773237,-1.1138031231260435,-0.03471531161421637
1.7000000000000004,1.7000000000000004,0.0,1,34.0,8.394751632486619,20.0,21.101759701894363,27.715424337702817,26.110331591964623,1.6050927457381938,-1.1103315919646235,-0.08571890070260191
1.8000000000000005,1.8000000000000005,0.0,1,36.0,10.503630968388995,20.0,21.088793359023764,27.605248367513383,26.101759701894363,1.5034886656190203,-1.1017597018943626,-0.1296634287059799
1.9000000000000006,1.9000000000000006,0.0,1,38.0,12.610837835782117,20.0,21.072068673931224,27.496369031611003,26.088793359023764,1.4075756725872388,-1.0887933590237644,-0.16724685092539215
2.0000000000000004,2.0000000000000004,0.0,1,40.0,14.716053621235224,20.0,21.05215785453106,27.389162164217883,26.072068673931224,1.3170934902866591,-1.0720686739312235,-0.19910819400164925
2.1000000000000005,2.1000000000000005,0.0,1,42.0,16.81901108647325,20.0,21.029574652380262,27.283946378764774,26.05215785453106,1.231788524233714,-1.0521578545310604,-0.2258320215079913
2.2000000000000006,2.2000000000000006,0.0,1,44.0,18.919489025797965,20.0,21.004779393247166,27.18098891352675,26.029574652380262,1.1514142611464884,-1.029574652380262,-0.24795259133096548
2.3000000000000007,2.3000000000000007,0.0,1,46.0,21.01730738788148,20.0,20.978183620835136,27.080510974202035,26.004779393247166,1.0757315809548693,-1.0047793932471656,-0.26595772412029783
2.400000000000001,2.400000000000001,0.0,1,48.0,23.11232282595473,20.0,20.950154380732496,26.98269261211852,25.978183620835136,1.0045089912833838,-0.9781836208351358,-0.2802924010264167
2.500000000000001,2.500000000000001,0.0,1,50.0,25.204424642948684,20.0,20.921018169939536,26.88767717404527,25.950154380732496,0.9375227933127732,-0.9501543807324957,-0.29136210792961004
2.600000000000001,2.600000000000001,0.0,1,52.0,27.29353110051868,20.0,20.89106457569996,26.795575357051316,25.921018169939536,0.8745571871117797,-0.9210181699395363,-0.29953594239573933
2.700000000000001,2.700000000000001,0.0,1,54.0,29.379586063101986,20.0,20.86054962583303,26.70646889948132,25.89106457569996,0.8154043237813582,-0.8910645756999607,-0.30514949866928953
2.800000000000001,2.800000000000001,0.0,1,56.0,31.46255595023395,20.0,20.829698871319636,26.620413936898014,25.86054962583303,0.7598643110649839,-0.8605496258330305,-0.3085075451339325
2.9000000000000012,2.9000000000000012,0.0,1,58.0,33.542426972287586,20.0,20.798710220536385,26.53744404976605,25.829698871319636,0.7077451784464159,-0.8296988713196356,-0.3098865078325006
3.0000000000000013,3.0000000000000013,0.0,1,60.0,35.61920262661281,20.0,20.767756543252275,26.457573027712414,25.798710220536385,0.6588628071760283,-0.7987102205363854,-0.30953677284109427
3.1000000000000014,3.1000000000000014,0.0,1,62.0,37.692901432742694,20.0,20.736988061298838,26.38079737338719,25.767756543252275,0.6130408301349135,-0.7677565432522755,-0.30768481953436366
3.2000000000000015,3.2000000000000015,0.0,1,64.0,39.763554886911976,20.0,20.706534541692854,26.307098567257306,25.736988061298838,0.5701105059584677,-0.7369880612988382,-0.3045351960598367
3.3000000000000016,3.3000000000000016,0.0,1,66.0,41.831205617604695,20.0,20.676507306927185,26.236445113088024,25.706534541692854,0.5299105713951704,-0.7065345416928537,-0.30027234765669775
3.4000000000000017,3.4000000000000017,0.0,1,68.0,43.895905725219336,20.0,20.647001076146417,26.168794382395305,25.676507306927185,0.4922870754681199,-0.676507306927185,-0.29506230780768805
3.5000000000000018,3.5000000000000018,0.0,1,70.0,45.957715290217976,20.0,20.618095649986415,26.104094274780664,25.647001076146417,0.45709319863424724,-0.6470010761464167,-0.2890542616000097
3.600000000000002,3.600000000000002,0.0,1,72.0,48.016701035315705,20.0,20.58985745097728,26.042284709782024,25.618095649986415,0.4241890597956086,-0.6180956499864152,-0.28238199009132786
3.700000000000002,3.700000000000002,0.0,1,74.0,50.07293512837415,20.0,20.562340930584448,25.983298964684295,25.58985745097728,0.39344151370701397,-0.5898574509772807,-0.2751652039283176
3.800000000000002,3.800000000000002,0.0,1,76.0,52.12649411369313,20.0,20.535589853189762,25.927064871625852,25.562340930584448,0.3647239410414045,-0.5623409305844476,-0.26751077394685585
3.900000000000002,3.900000000000002,0.0,1,78.0,54.17745796035217,20.0,20.509638466590438,25.873505886306873,25.535589853189762,0.3379160331171107,-0.5355898531897623,-0.2595138659932545
4.000000000000002,4.000000000000002,0.0,1,80.0,56.22590921714378,20.0,20.484512567916074,25.82254203964783,25.509638466590438,0.31290357305739036,-0.5096384665904381,-0.2512589867436553
4.100000000000001,4.100000000000001,0.0,1,82.0,58.27193226446676,20.0,20.460230473229796,25.77409078285622,25.484512567916074,0.28957821494014624,-0.4845125679160738,-0.24282094686278594
4.200000000000001,4.200000000000001,0.0,1,84.0,60.31561265431542,20.0,20.436803898486584,25.728067735533237,25.460230473229796,0.2678372623034413,-0.46023047322979593,-0.23426574743211614
4.300000000000001,4.300000000000001,0.0,1,86.0,62.35703653021218,20.0,20.414238758967556,25.684387345684577,25.436803898486584,0.24758344719799297,-0.4368038984865841,-0.22565139519027078
4.4,4.4,0.0,1,88.0,64.3962901195913,20.0,20.392535893791166,25.642963469787823,25.414238758967556,0.22872471082026635,-0.41423875896755646,-0.217028651763912
4.5,4.5,0.0,1,90.0,66.43345929175318,20.0,20.37169172161875,25.6037098804087,25.392535893791166,0.21117398661753484,-0.39253589379116605,-0.20844172172416542
4.6,4.6,0.0,1,92.0,68.46862917507525,20.0,20.351698833220652,25.56654070824682,25.37169172161875,0.19484898662807026,-0.37169172161874897,-0.19992888398096403
4.699999999999999,4.699999999999999,0.0,1,94.0,70.50188382769007,20.0,20.332546526148207,25.53137082492475,25.351698833220652,0.17967199170409742,-0.3516988332206523,-0.19152307072447317
4.799999999999999,4.799999999999999,0.0,1,96.0,72.53330595632652,20.0,20.314221286364436,25.498116172309935,25.332546526148207,0.1655696461617282,-0.33254652614820657,-0.18325239783770114
4.899999999999999,4.899999999999999,0.0,1,98.0,74.56297667845858,20.0,20.296707221320734,25.466694043673485,25.314221286364436,0.15247275730904875,-0.314221286364436,-0.17514065043702448
4.999999999999998,4.999999999999998,0.0,1,100.0,76.59097532332119,20.0,20.279986448626108,25.437023321541417,25.296707221320734,0.14031610022068364,-0.2967072213207338,-0.16720772694624522
5.099999999999998,5.099999999999998,0.0,1,102.0,78.61737926773506,20.0,20.264039444138653,25.40902467667881,25.279986448626108,0.12903822805270337,-0.2799864486261079,-0.15947004487453464
5.1999999999999975,5.1999999999999975,0.0,1,104.0,80.64226380303644,20.0,20.248845353013877,25.38262073226494,25.264039444138653,0.11858128812628621,-0.2640394441386533,-0.15194091124777956
5.299999999999997,5.299999999999997,0.0,1,106.0,82.66570202973347,20.0,20.23438226697025,25.357736196963558,25.248845353013877,0.10889084394968052,-0.248845353013877,-0.14463086043626136
5.399999999999997,5.399999999999997,0.0,1,108.0,84.6877647768112,20.0,20.220627470777444,25.334297970266533,25.23438226697025,0.09991570329628274,-0.23438226697025044,-0.137547961928059
5.4999999999999964,5.4999999999999964,0.0,1,110.0,86.70852054288478,20.0,20.207557660735816,25.312235223188793,25.220627470777444,0.091607752411349,-0.22062747077744405,-0.13069810041628074
5.599999999999996,5.599999999999996,0.0,1,112.0,88.72803545665438,20.0,20.19514913769592,25.291479457115216,25.207557660735816,0.0839217963793999,-0.20755766073581583,-0.12408523039895272
5.699999999999996,5.699999999999996,0.0,1,114.0,90.74637325435066,20.0,20.18337797696273,25.271964543345618,25.19514913769592,0.0768154056496968,-0.19514913769592113,-0.11771160733188851
5.799999999999995,5.799999999999995,0.0,1,116.0,92.76359527207467,20.0,20.172220177240042,25.253626745649342,25.18337797696273,0.07024876868661067,-0.18337797696273128,-0.1115779972268797
5.899999999999995,5.899999999999995,0.0,1,118.0,94.77976045113418,20.0,20.161651790595105,25.236404727925333,25.172220177240042,0.06418455068529028,-0.17222017724004246,-0.10568386644938885
5.999999999999995,5.999999999999995,0.0,1,120.0,96.79492535466028,20.0,20.151649035261034,25.22023954886582,25.161651790595105,0.05858775827071483,-0.16165179059510493,-0.10002755334072652
6.099999999999994,6.099999999999994,0.0,1,122.0,98.8091441939547,20.0,20.142188392944085,25.20507464533972,25.151649035261034,0.05342561007868696,-0.15164903526103402,-0.09460642316948374
6.199999999999994,6.199999999999994,0.0,1,124.0,100.82246886317105,20.0,20.13324669216362,25.190855806045306,25.142188392944085,0.0486674131012208,-0.14218839294408525,-0.0894170078046578
6.299999999999994,6.299999999999994,0.0,1,126.0,102.83494898107344,20.0,20.124801179023798,25.177531136828947,25.13324669216362,0.044284444665326106,-0.1332466921636204,-0.08445513139823327
6.399999999999993,6.399999999999993,0.0,1,128.0,104.84663193874314,20.0,20.116829576697032,25.16505101892656,25.124801179023798,0.04024983990276354,-0.12480117902379817,-0.07971602326765677
6.499999999999993,6.499999999999993,0.0,1,130.0,106.85756295222207,20.0,20.10931013478926,25.153368061256856,25.116829576697032,0.03653848455982356,-0.11682957669703242,-0.07519441907771417
6.5999999999999925,6.5999999999999925,0.0,1,132.0,108.86778511918763,20.0,20.102221669655552,25.142437047777932,25.10931013478926,0.033126912988670654,-0.10931013478926133,-0.07088465133707374
6.699999999999992,6.699999999999992,0.0,1,134.0,110.87733947885172,20.0,20.095543596640947,25.13221488081237,25.102221669655552,0.029993211156817523,-0.10222166965555246,-0.06678073014603321
6.799999999999992,6.799999999999992,0.0,1,136.0,112.88626507436523,20.0,20.089255955135037,25.122660521148276,25.095543596640947,0.027116924507328832,-0.09554359664094747,-0.06287641505909357
6.8999999999999915,6.8999999999999915,0.0,1,138.0,114.89459901709014,20.0,20.08333942724922,25.113734925634773,25.089255955135037,0.024478970499735908,-0.08925595513503737,-0.059165278858161946
6.999999999999991,6.999999999999991,0.0,1,140.0,116.90237655217537,20.0,20.077775350852317,25.105400982909856,25.08333942724922,0.022061555660634724,-0.08333942724922139,-0.055640763969059745
7.099999999999991,7.099999999999991,0.0,1,142.0,118.90963112493864,20.0,20.072545727632747,25.09762344782463,25.077775350852317,0.019848096972314266,-0.0777753508523169,-0.052296232195696395
7.19999999999999,7.19999999999999,0.0,1,144.0,120.916394447618,20.0,20.067633226793557,25.09036887506136,25.072545727632747,0.017823147428611463,-0.0725457276327468,-0.04912500839189171
7.29999999999999,7.29999999999999,0.0,1,146.0,122.92269656611096,20.0,20.063021184929493,25.083605552381997,25.067633226793557,0.015972325588439418,-0.0676332267935571,-0.04612041864062597
7.39999999999999,7.39999999999999,0.0,1,148.0,124.92856592636927,20.0,20.058693602583112,25.077303433889043,25.063021184929493,0.014282248959549548,-0.06302118492949305,-0.04327582346381967
7.499999999999989,7.499999999999989,0.0,1,150.0,126.93402944016216,20.0,20.054635137928845,25.071434073630726,25.058693602583112,0.012740471047614221,-0.05869360258311218,-0.04058464654268264
7.599999999999989,7.599999999999989,0.0,1,152.0,128.93911254996115,20.0,20.050831097989988,25.065970559837837,25.054635137928845,0.01133542190899206,-0.05463513792884456,-0.038040399388579615
7.699999999999989,7.699999999999989,0.0,1,154.0,130.94383929273647,20.0,20.047267427753233,25.060887450038848,25.050831097989988,0.010056352048859907,-0.050831097989988194,-0.035636702367560606
7.799999999999988,7.799999999999988,0.0,1,156.0,132.94823236248732,20.0,20.04393069750849,25.05616070726353,25.047267427753233,0.008893279510296281,-0.04726742775323345,-0.03336730244743862
7.899999999999988,7.899999999999988,0.0,1,158.0,134.95231317135813,20.0,20.04080808870802,25.051767637512683,25.04393069750849,0.007836940004192883,-0.04393069750848966,-0.031226088004695285
7.999999999999988,7.999999999999988,0.0,1,160.0,136.95610190921894,20.0,20.03788737860807,25.047686828641872,25.04080808870802,0.0068787399338532396,-0.040808088708018886,-0.02920710099948849
8.099999999999987,8.099999999999987,0.0,1,162.0,138.95961760161174,20.0,20.035156923928074,25.043898090781056,25.03788737860807,0.006010712172987098,-0.0378873786080689,-0.02730454679996157
8.199999999999987,8.199999999999987,0.0,1,164.0,140.96287816598542,20.0,20.032605643736836,25.04038239838826,25.035156923928074,0.005225474460186064,-0.035156923928074235,-0.025512801912366358
8.299999999999986,8.299999999999986,0.0,1,166.0,142.9659004661606,20.0,20.03022300175178,25.037121834014584,25.032605643736836,0.004516190277747967,-0.0326056437368365,-0.023826419850595217
8.399999999999986,8.399999999999986,0.0,1,168.0,144.9687003649822,20.0,20.027998988216016,25.034099533839395,25.03022300175178,0.0038765320876166243,-0.03022300175177861,-0.022240135357614578
8.499999999999986,8.499999999999986,0.0,1,170.0,146.97129277513207,20.0,20.025924101498823,25.031299635017803,25.027998988216016,0.0033006468017866553,-0.027998988216015874,-0.020748867171919372
8.599999999999985,8.599999999999985,0.0,1,172.0,148.97369170808682,20.0,20.023989329547373,25.02870722486793,25.025924101498823,0.002783123369106022,-0.025924101498823404,-0.019347719514505715
8.699999999999985,8.699999999999985,0.0,1,174.0,150.97591032121701,20.0,20.022186131301872,25.026308291913182,25.023989329547373,0.002318962365809085,-0.023989329547372762,-0.01803198245499367
8.799999999999985,8.799999999999985,0.0,1,176.0,152.9779609630342,20.0,20.020506418171777,25.024089678782985,25.022186131301872,0.0019035474811133213,-0.02218613130187208,-0.016797131300941005
8.899999999999984,8.899999999999984,0.0,1,178.0,154.9798552166,20.0,20.018942535657736,25.022039036965793,25.020506418171777,0.0015326187940161162,-0.02050641817177734,-0.015638825140413815
8.999999999999984,8.999999999999984,0.0,1,180.0,156.9816039411192,20.0,20.017487245192232,25.020144783400013,25.018942535657736,0.0012022477422775069,-0.01894253565773596,-0.014552904655050014
9.099999999999984,9.099999999999984,0.0,1,182.0,158.98321731174534,20.0,20.016133706261282,25.018396058880796,25.017487245192232,0.000908813688564436,-0.01748724519223188,-0.013535389309503288
9.199999999999983,9.199999999999983,0.0,1,184.0,160.98470485763133,20.0,20.01487545886005,25.016782688254665,25.016133706261282,0.0006489819933825913,-0.0161337062612823,-0.012582474012334545
9.299999999999983,9.299999999999983,0.0,1,186.0,162.986075498264,20.0,20.013706406326676,25.01529514236867,25.01487545886005,0.00041968350862120474,-0.014875458860050372,-0.011690525333729697
9.399999999999983,9.399999999999983,0.0,1,188.0,164.9873375781231,20.0,20.01262079859101,25.013924501736,25.013706406326676,0.00021809540932338223,-0.013706406326676301,-0.010856077356679351
9.499999999999982,9.499999999999982,0.0,1,190.0,166.9884988997099,20.0,20.011613215868024,25.01266242187691,25.01262079859101,4.1623285902403495e-05,-0.012620798591008509,-0.010075827229855606
9.599999999999982,9.599999999999982,0.0,1,192.0,168.98956675499187,20.0,20.010678552819687,25.011501100290104,25.011613215868024,-0.00011211557792023541,-0.01161321586802444,-0.00934663048337967
9.699999999999982,9.699999999999982,0.0,1,194.0,170.99054795531222,20.0,20.009812003203535,25.01043324500813,25.010678552819687,-0.00024530781155718273,-0.010678552819687326,-0.008665496161528452
9.799999999999981,9.799999999999981,0.0,1,196.0,172.99144885981437,20.0,20.009009045021465,25.009452044687777,25.009812003203535,-0.0003599585157587626,-0.009812003203535369,-0.008029581820707676
9.89999999999998,9.89999999999998,0.0,1,198.0,174.99227540243217,20.0,20.008265426177957,25.00855114018563,25.009009045021465,-0.00045790483583374453,-0.009009045021464601,-0.0074361884350885536
9.99999999999998,9.99999999999998,0.0,1,200.0,176.9930331174975,20.0,20.007577150653212,25.00772459756783,25.008265426177957,-0.0005408286101271642,-0.00826542617795667,-0.0068827552474289184
10.09999999999998,10.09999999999998,0.0,1,201.985,178.99245216401684,19.85,19.99419046519342,24.99196688250251,25.007577150653212,-0.015610268150702211,-0.15757715065321065,-0.13386685459791964
10.19999999999998,10.19999999999998,0.0,1,203.955,180.98935947366857,19.700000000000003,19.969073096517434,24.962547835983173,24.99419046519342,-0.0316426292102463,-0.29419046519341663,-0.25117368675985646
10.29999999999998,10.29999999999998,0.0,1,205.91000000000003,182.98267203569725,19.550000000000004,19.93312562028674,24.920640526331454,24.969073096517434,-0.04843257018598024,-0.41907309651742963,-0.35947476230693387
10.399999999999979,10.399999999999979,0.0,1,207.85000000000002,184.9713906044837,19.400000000000006,19.887185687864605,24.867327964302774,24.93312562028674,-0.06579765598396747,-0.5331256202867358,-0.4593993242213724
10.499999999999979,10.499999999999979,0.0,1,209.77500000000003,186.9545938063055,19.250000000000007,19.832032018218023,24.803609395516332,24.887185687864605,-0.08357629234827257,-0.6371856878645978,-0.5515366964658146
10.599999999999978,10.599999999999978,0.0,1,211.68500000000003,188.93143262285895,19.10000000000001,19.768388165534407,24.730406193694535,24.832032018218023,-0.101625824523488,-0.732032018218014,-0.6364385268361552
10.699999999999978,10.699999999999978,0.0,1,213.58000000000004,190.90112523014614,18.95000000000001,19.69692607287199,24.64856737714109,24.768388165534407,-0.11982078839331578,-0.8183881655343974,-0.7146209266241759
10.799999999999978,10.799999999999978,0.0,1,215.46000000000004,192.86295217233527,18.80000000000001,19.618269421891327,24.5588747698539,24.69692607287199,-0.13805130301808788,-0.8969260728719775,-0.7865665098066259
10.899999999999977,10.899999999999977,0.0,1,217.32500000000005,194.81625185117815,18.650000000000013,19.532996788428694,24.462047827664776,24.618269421891327,-0.15622159422655102,-0.9682694218913142,-0.8527263346263269
10.999999999999977,10.999999999999977,0.0,1,219.17500000000004,196.76041631251556,18.500000000000014,19.44164461337406,24.35874814882189,24.532996788428694,-0.17424863960680526,-1.0329967884286795,-0.9135217505463462
11.099999999999977,11.099999999999977,0.0,1,221.01000000000005,198.69488731231652,18.350000000000016,19.34470999800966,24.24958368748449,24.44164461337406,-0.1920609258895709,-1.0916446133740436,-0.9693461536440204
11.199999999999976,11.199999999999976,0.0,1,222.83000000000004,200.61915264558178,18.200000000000017,19.24265333265258,24.135112687683517,24.34470999800966,-0.20959731032614215,-1.1447099980096418,-1.0205666535707847
11.299999999999976,11.299999999999976,0.0,1,224.63500000000005,202.53274272229464,18.05000000000002,19.13590076712866,24.01584735441827,24.24265333265258,-0.22680597823431015,-1.1926533326525615,-1.0675256552392043
11.399999999999975,11.399999999999975,0.0,1,226.42500000000004,204.43522737542335,17.90000000000002,19.024846531287206,23.892257277705397,24.13590076712866,-0.2436434894232633,-1.2359007671286406,-1.1105423584145442
11.499999999999975,11.499999999999975,0.0,1,228.20000000000005,206.32621288676822,17.75000000000002,18.909855113448707,23.764772624576693,24.024846531287206,-0.2600739067105131,-1.274846531287185,-1.1499141783850046
11.599999999999975,11.599999999999975,0.0,1,229.96000000000004,208.20533921720443,17.600000000000023,18.79126330436197,23.63378711323182,23.909855113448707,-0.27606800021688827,-1.309855113448684,-1.1859180908673914
11.699999999999974,11.699999999999974,0.0,1,231.70500000000004,210.07227742859789,17.450000000000024,18.669382113934695,23.499660782795615,23.79126330436197,-0.2916025215663538,-1.341263304361945,-1.218811904272733
11.799999999999974,11.799999999999974,0.0,1,233.43500000000003,211.9267272853672,17.300000000000026,18.544498567693296,23.362722571402145,23.669382113934695,-0.30665954253255023,-1.3693821139346696,-1.2488354624140108
11.899999999999974,11.899999999999974,0.0,1,235.15000000000003,213.7684150243297,17.150000000000027,18.416877389624812,23.223272714632827,23.544498567693296,-0.3212258530604686,-1.3944985676932689,-1.2762117806848494
11.999999999999973,11.999999999999973,0.0,1,236.85000000000002,215.5970912821054,17.00000000000003,18.286762577757106,23.081584975670324,23.416877389624812,-0.3352924139544875,-1.4168773896247835,-1.3011481186770706
12.099999999999973,12.099999999999973,0.0,1,238.53500000000003,217.41252916995973,16.85000000000003,18.154378878543415,22.93790871789463,23.286762577757106,-0.3488538598624764,-1.4367625777570758,-1.3238369921368989
12.199999999999973,12.199999999999973,0.0,1,240.20500000000004,219.21452248654322,16.70000000000003,18.01993316583479,22.792470830040315,23.154378878543415,-0.3619080485030999,-1.454378878543384,-1.344457127086257
12.299999999999972,12.299999999999972,0.0,1,241.86000000000004,221.00288405953813,16.550000000000033,17.88361572994911,22.645477513456825,23.01993316583479,-0.3744556523779643,-1.4699331658347567,-1.3631743588567875
12.399999999999972,12.399999999999972,0.0,1,243.50000000000006,222.77744420774602,16.400000000000034,17.745601482078825,22.497115940461924,22.88361572994911,-0.38649978948718555,-1.4836157299490758,-1.3801424787028533
12.499999999999972,12.499999999999972,0.0,1,245.12500000000006,224.53804931564815,16.250000000000036,17.606051079021285,22.34755579225404,22.745601482078825,-0.3980456898247837,-1.49560148207879,-1.3955040305754238
12.599999999999971,12.599999999999971,0.0,1,246.73500000000007,226.28456051294475,16.100000000000037,17.465111972966117,22.19695068435192,22.606051079021285,-0.4091003946693661,-1.5060510790212476,-1.4093910605516813
12.69999999999997,12.69999999999997,0.0,1,248.33000000000007,228.01685245202808,15.950000000000037,17.32291939083329,22.04543948705532,22.465111972966117,-0.4196724859107981,-1.5151119729660802,-1.4219258213282633
12.79999999999997,12.79999999999997,0.0,1,249.91000000000008,229.73481217677042,15.800000000000036,17.179597247423565,21.893147547972006,22.32291939083329,-0.42977184286128534,-1.5229193908332554,-1.4332214340972471
12.89999999999997,12.89999999999997,0.0,1,251.47500000000008,231.4383380764124,15.650000000000036,17.035258996419987,21.74018782322966,22.179597247423565,-0.4394094241939044,-1.5295972474235295,-1.443382510035776
12.99999999999997,12.99999999999997,0.0,1,253.0250000000001,233.1273389187189,15.500000000000036,16.890008423064774,21.586661923587684,22.035258996419987,-0.4485970728323032,-1.5352589964199517,-1.452505733552113
13.09999999999997,13.09999999999997,0.0,1,254.5600000000001,234.80173295693194,15.350000000000035,16.743940382130415,21.432661081281196,21.890008423064774,-0.45734734178357783,-1.540008423064739,-1.4606804093435803
13.199999999999969,13.199999999999969,0.0,1,256.0800000000001,236.46144710539264,15.200000000000035,16.597141484606873,21.278267043068155,21.743940382130415,-0.46567333906225983,-1.5439403821303799,-1.4679889752354338
13.299999999999969,13.299999999999969,0.0,1,257.5850000000001,238.10641617902647,15.050000000000034,16.449690736338354,21.123552894607457,21.597141484606873,-0.4735885899994159,-1.547141484606838,-1.4745074826851785
13.399999999999968,13.399999999999968,0.0,1,259.0750000000001,239.73658219219277,14.900000000000034,16.301660131663052,20.968583820973635,21.449690736338354,-0.4811069153647196,-1.54969073633832,-1.480306046753016
13.499999999999968,13.499999999999968,0.0,1,260.5500000000001,241.3518937126865,14.750000000000034,16.153115204937226,20.813417807807355,21.301660131663052,-0.48824232385569744,-1.5516601316630183,-1.4854492672582635
13.599999999999968,13.599999999999968,0.0,1,262.0100000000001,242.9523052669526,14.600000000000033,16.00411554266107,20.658106287313615,21.153115204937226,-0.4950089176236112,-1.5531152049371926,-1.4899966227615598
13.699999999999967,13.699999999999967,0.0,1,263.4550000000001,244.53777679282936,14.450000000000033,15.854715258767508,20.50269473304749,21.00411554266107,-0.5014208096135775,-1.5541155426610356,-1.4940028389356173
13.799999999999967,13.799999999999967,0.0,1,264.8850000000001,246.108273136378,14.300000000000033,15.704963435486272,20.347223207170742,20.854715258767506,-0.5074920515967634,-1.5547152587674749,-1.4975182328123617
13.899999999999967,13.899999999999967,0.0,1,266.3000000000001,247.6637635895834,14.150000000000032,15.554904532054167,20.191726863622137,20.70496343548627,-0.5132365718641339,-1.5549634354862398,-1.5005890343210588
13.999999999999966,13.999999999999966,0.0,1,267.7000000000001,249.2042214659242,14.000000000000032,15.404578763407963,20.036236410416706,20.554904532054167,-0.5186681216374609,-1.5549045320541346,-1.5032576864620382
14.099999999999966,14.099999999999966,0.0,1,269.0850000000001,250.72962371101107,13.850000000000032,15.254022450868725,19.880778534075887,20.40457876340796,-0.5238002293320747,-1.5545787634079318,-1.505563125392383
14.199999999999966,14.199999999999966,0.0,1,270.4550000000001,252.2399505456816,13.700000000000031,15.103268346705244,19.725376288989025,20.254022450868725,-0.5286461618796992,-1.5540224508686933,-1.5075410416348043
14.299999999999965,14.299999999999965,0.0,1,271.8100000000001,253.73518513911657,13.550000000000031,14.95234593434949,19.570049454318507,20.103268346705242,-0.5332188923867349,-1.553268346705213,-1.509224123557538
14.399999999999965,14.399999999999965,0.0,1,273.1500000000001,255.2153133097094,13.40000000000003,14.801281705928234,19.414814860883524,19.952345934349488,-0.5375310734659635,-1.552345934349459,-1.510642284212549
14.499999999999964,14.499999999999964,0.0,1,274.4750000000001,256.6803232515766,13.25000000000003,14.6500994186721,19.259686690290692,19.801281705928233,-0.5415950156375402,-1.5512817059282042,-1.5118228725613336
14.599999999999964,14.599999999999964,0.0,1,275.7850000000001,258.1302052847432,13.10000000000003,14.498820331665902,19.104676748423458,19.6500994186721,-0.5454226702486409,-1.5500994186720707,-1.512790870061977
14.699999999999964,14.699999999999964,0.0,1,277.0800000000001,259.5649516271744,12.95000000000003,14.347463424312181,18.94979471525687,19.498820331665904,-0.5490256164090326,-1.5488203316658726,-1.5135690735372145
14.799999999999963,14.799999999999963,0.0,1,278.3600000000001,260.98455618695374,12.80000000000003,14.196045597792885,18.795048372825704,19.34746342431218,-0.5524150514864772,-1.5474634243121521,-1.5141782651929603
14.899999999999963,14.899999999999963,0.0,1,279.6250000000001,262.38901437302695,12.650000000000029,14.044581860732132,18.640443813046375,19.196045597792885,-0.5556017847465107,-1.5460455977928564,-1.5146373706075407
14.999999999999963,14.999999999999963,0.0,1,280.8750000000001,263.7783229230455,12.500000000000028,13.893085500185615,18.48598562697316,19.04458186073213,-0.5585962337589692,-1.5445818607321034,-1.5149636054651674
15.099999999999962,15.099999999999962,0.0,1,282.1250000000001,265.1537547469464,12.500000000000028,13.75431823900922,18.34667707695462,18.893085500185613,-0.5464084232309929,-1.3930855001855864,-1.3876726117639657
15.199999999999962,15.199999999999962,0.0,1,283.3750000000001,266.51648666000546,12.500000000000028,13.62731913059071,18.221245253053723,18.75431823900922,-0.5330729859554957,-1.2543182390091907,-1.2699910841851005
15.299999999999962,15.299999999999962,0.0,1,284.6250000000001,267.8676059910668,12.500000000000028,13.511193310613653,18.10851333999466,18.62731913059071,-0.5188057905960513,-1.1273191305906813,-1.1612581997705709
15.399999999999961,15.399999999999961,0.0,1,285.8750000000001,269.20811677913485,12.500000000000028,13.405107880680546,18.007394008933318,18.511193310613653,-0.5037993016803348,-1.0111933106136242,-1.0608542993310668
15.499999999999961,15.499999999999961,0.0,1,287.1250000000001,270.5389455808584,12.500000000000028,13.308288017235341,17.91688322086526,18.405107880680546,-0.4882246598152875,-0.905107880680518,-0.9681986344520581
15.59999999999996,15.59999999999996,0.0,1,288.3750000000001,271.8609469104536,12.500000000000028,13.220013295951833,17.836054419141703,18.30828801723534,-0.47223359809363785,-0.8082880172353129,-0.8827472128350693
15.69999999999996,15.69999999999996,0.0,1,289.6250000000001,273.1749083326491,12.500000000000028,13.139614221955423,17.764053089546508,18.220013295951833,-0.45596020640532586,-0.7200132959518051,-0.803990739964107
15.79999999999996,15.79999999999996,0.0,1,290.8750000000001,274.481555228296,12.500000000000028,13.06646895646877,17.70009166735099,18.139614221955423,-0.4395225546044337,-0.6396142219553944,-0.7314526548665324
15.89999999999996,15.89999999999996,0.0,1,292.1250000000001,275.78155525136725,12.500000000000028,13.000000230713038,17.64344477170414,18.066468956468768,-0.42302418476462833,-0.5664689564687411,-0.6646872575573071
15.99999999999996,15.99999999999996,0.0,1,293.3750000000001,277.07552249518244,12.500000000000028,12.93967243815199,17.593444748632862,18.000000230713038,-0.4065554820801758,-0.5000002307130096,-0.6032779256104956
16.09999999999996,16.09999999999996,0.0,1,294.6250000000001,278.3640213848258,12.500000000000028,12.884988896433116,17.549477504817673,17.939672438151987,-0.390194933334314,-0.4396724381519608,-0.5468354171887256
16.19999999999996,16.19999999999996,0.0,1,295.8750000000001,279.64757031189134,12.500000000000028,12.83548927065553,17.510978615174338,17.884988896433114,-0.37401028125877644,-0.38498889643308765,-0.4949962577758584
16.29999999999996,16.29999999999996,0.0,1,297.1250000000001,280.92664502687893,12.500000000000028,12.790747149875752,17.47742968810877,17.83548927065553,-0.3580595825467583,-0.3354892706555024,-0.44742120779778105
16.399999999999963,16.399999999999963,0.0,1,298.3750000000001,282.20168180378374,12.500000000000028,12.750367769047966,17.448354973121184,17.790747149875752,-0.34239217675456857,-0.2907471498757239,-0.40379380827786343
16.499999999999964,16.499999999999964,0.0,1,299.6250000000001,283.473080390672,12.500000000000028,12.713985868882551,17.42331819621637,17.750367769047966,-0.3270495728315943,-0.2503677690479371,-0.3638190016541468
16.599999999999966,16.599999999999966,0.0,1,300.8750000000001,284.7412067593114,12.500000000000028,12.681263686394226,17.401919609328104,17.713985868882553,-0.3120662595544488,-0.21398586888252247,-0.32722182488324236
16.699999999999967,16.699999999999967,0.0,1,302.1250000000001,286.0063956662311,12.500000000000028,12.651889069197415,17.383793240688703,17.681263686394225,-0.29747044570552106,-0.18126368639419788,-0.2937461719681188
16.79999999999997,16.79999999999997,0.0,1,303.3750000000001,287.26895303692015,12.500000000000028,12.625573706890203,17.368604333768985,17.651889069197416,-0.28328473542843113,-0.1518890691973862,-0.26315362307212453
16.89999999999997,16.89999999999997,0.0,1,304.6250000000001,288.529158184235,12.500000000000028,12.602051473148476,17.35604696307996,17.6255737068902,-0.2695267438102391,-0.1255737068901741,-0.23522233741725884
16.99999999999997,16.99999999999997,0.0,1,305.8750000000001,289.7872658714777,12.500000000000028,12.581076872427433,17.34584181576514,17.602051473148478,-0.25620965738333723,-0.10205147314844787,-0.2097460072104269
17.099999999999973,17.099999999999973,0.0,1,307.1250000000001,291.0435082300215,12.500000000000028,12.56242358543799,17.337734128522413,17.58107687242743,-0.24334274390501776,-0.08107687242740447,-0.18653286989443246
17.199999999999974,17.199999999999974,0.0,1,308.3750000000001,292.29809654080447,12.500000000000028,12.545883107829987,17.33149176997864,17.56242358543799,-0.23093181545934982,-0.062423585437962004,-0.1654047760800445
17.299999999999976,17.299999999999976,0.0,1,309.6250000000001,293.5512228884817,12.500000000000028,12.531263476771873,17.32690345919565,17.545883107829987,-0.21897964863433828,-0.04588310782995819,-0.1461963105811357
17.399999999999977,17.399999999999977,0.0,1,310.8750000000001,294.8030616965184,12.500000000000028,12.518388080367453,17.32377711151844,17.531263476771873,-0.207486365253434,-0.03126347677184427,-0.12875396404419243
17.49999999999998,17.49999999999998,0.0,1,312.1250000000001,296.0537711510278,12.500000000000028,12.507094545093771,17.321938303481716,17.51838808036745,-0.19644977688573562,-0.018388080367424564,-0.11293535273680747
17.59999999999998,17.59999999999998,0.0,1,313.3750000000001,297.3034945206958,12.500000000000028,12.497233696680201,17.32122884897234,17.50709454509377,-0.18586569612143222,-0.0070945450937429655,-0.09860848413571048
17.69999999999998,17.69999999999998,0.0,1,314.6250000000001,298.5523613797035,12.500000000000028,12.488668590076994,17.321505479304335,17.4972336966802,-0.17572821737586608,0.0027663033198273013,-0.0856510660320712
17.799999999999983,17.799999999999983,0.0,1,315.8750000000001,299.80048874014165,12.500000000000028,12.481273604381819,17.32263862029663,17.488668590076994,-0.16602996978036444,0.011331409923034386,-0.07394985695175471
17.899999999999984,17.899999999999984,0.0,1,317.1250000000001,301.0479821000222,12.500000000000028,12.474933598805109,17.32451125985847,17.48127360438182,-0.1567623445233508,0.018726395618209324,-0.06340005576710794
17.999999999999986,17.999999999999986,0.0,1,318.3750000000001,302.29493641261814,12.500000000000028,12.469543125959344,17.327017899977932,17.47493359880511,-0.1479156988271768,0.025066401194919763,-0.053904728457652595
18.099999999999987,18.099999999999987,0.0,1,319.6250000000001,303.5414369825135,12.500000000000028,12.46500569895373,17.33006358738197,17.469543125959344,-0.1394795385773726,0.030456874040684312,-0.04537427005613885
18.19999999999999,18.19999999999999,0.0,1,320.8750000000001,304.7875602934099,12.500000000000028,12.461233108964077,17.333563017486597,17.465005698953732,-0.131442681467135,0.034994301046298304,-0.03772589989652886
18.29999999999999,18.29999999999999,0.0,1,322.1250000000001,306.03337477242275,12.500000000000028,12.458144790128259,17.337439706590203,17.461233108964077,-0.12379340237387382,0.038766891035951545,-0.030883188358175672
18.39999999999999,18.39999999999999,0.0,1,323.3750000000001,307.2789414953018,12.500000000000028,12.455667228790455,17.341625227577367,17.45814479012826,-0.11651956255089146,0.041855209871769716,-0.024775613378029956
18.499999999999993,18.499999999999993,0.0,1,324.6250000000001,308.52431483673007,12.500000000000028,12.453733414282613,17.346058504698306,17.455667228790453,-0.10960872409214772,0.04433277120957335,-0.019338145078415178
18.599999999999994,18.599999999999994,0.0,1,325.8750000000001,309.769543069589,12.500000000000028,12.452282328589378,17.350685163270043,17.453733414282613,-0.10304825101257009,0.046266585717415154,-0.01451085693235292
18.699999999999996,18.699999999999996,0.0,1,327.1250000000001,311.0146689168283,12.500000000000028,12.451258472393317,17.355456930411094,17.452282328589376,-0.09682539817828228,0.0477176714106502,-0.010238561960620979
18.799999999999997,18.799999999999997,0.0,1,328.3750000000001,312.2597300593424,12.500000000000028,12.450611425140776,17.360331083171786,17.451258472393317,-0.09092738922153032,0.0487415276067118,-0.006470472525395718
18.9,18.9,0.0,1,329.6250000000001,313.50475960303294,12.500000000000028,12.450295436905362,17.365269940657697,17.450611425140778,-0.08534148448308088,0.04938857485925219,-0.0031598823541386864
19.0,19.0,0.0,1,330.8750000000001,314.74978650802854,12.500000000000028,12.450269049956026,17.370240396967176,17.450295436905364,-0.08005503993818763,0.0497045630946662,-0.0002638694933608521
19.1,19.1,0.0,1,332.1250000000001,315.99483598283456,12.500000000000028,12.450494748060324,17.37521349197158,17.450269049956027,-0.07505555798444874,0.04973095004400285,0.002256981042977918
19.200000000000003,19.200000000000003,0.0,1,333.3750000000001,317.23992984600164,12.500000000000028,12.450938631670763,17.380164017165555,17.450494748060322,-0.07033073089476716,0.049505251939704564,0.004438836104380076
19.300000000000004,19.300000000000004,0.0,1,334.6250000000001,318.48508685772697,12.500000000000028,12.451570117253489,17.38507015399847,17.450938631670763,-0.06586847767229287,0.049061368329265775,0.006314855827266187
19.400000000000006,19.400000000000006,0.0,1,335.8750000000001,319.7303230236394,12.500000000000028,12.452361659124195,17.389913142273144,17.45157011725349,-0.061656974980344614,0.04842988274653948,0.00791541870705928
19.500000000000007,19.500000000000007,0.0,1,337.1250000000001,320.975651872865,12.500000000000028,12.453288492256087,17.3946769763607,17.452361659124193,-0.05768468276349381,0.04763834087583341,0.009268331318919826
19.60000000000001,19.60000000000001,0.0,1,338.3750000000001,322.22108471232696,12.500000000000028,12.454328394619553,17.399348127135113,17.453288492256085,-0.053940365120972444,0.04671150774394128,0.010399023634666806
19.70000000000001,19.70000000000001,0.0,1,339.6250000000001,323.4666308590972,12.500000000000028,12.455461467702671,17.403915287673158,17.45432839461955,-0.05041310694639378,0.0456716053804751,0.011330730831183189
19.80000000000001,19.80000000000001,0.0,1,340.8750000000001,324.7122978524919,12.500000000000028,12.45666993394647,17.40836914090289,17.45546146770267,-0.047092326799777595,0.04453853229735749,0.012084662437997197
19.900000000000013,19.900000000000013,0.0,1,342.1250000000001,325.9580916474828,12.500000000000028,12.457937949908843,17.41270214750824,17.456669933946472,-0.043967786438230405,0.04333006605355827,0.012680159623731417
20.000000000000014,20.000000000000014,0.0,1,343.3750000000001,327.2040167908874,12.500000000000028,12.459251434046562,17.41690835251734,17.457937949908843,-0.04102959739150336,0.04206205009118591,0.013134841377197053
20.100000000000016,20.100000000000016,0.0,1,344.6250000000001,328.45007658169504,12.500000000000028,12.460597908076148,17.420983209112705,17.459251434046564,-0.03826822493385862,0.0407485659534661,0.013464740295843568
20.200000000000017,20.200000000000017,0.0,1,345.8750000000001,329.69627321678917,12.500000000000028,12.461966350941504,17.42492341830507,17.460597908076146,-0.03567448977107546,0.03940209192388089,0.013684428653566984
20.30000000000002,20.30000000000002,0.0,1,347.1250000000001,330.9426079232371,12.500000000000028,12.463347064479658,17.428726783210948,17.461966350941502,-0.03323956773055414,0.03803364905852469,0.013807135381542681
20.40000000000002,20.40000000000002,0.0,1,348.3750000000001,332.1890810782307,12.500000000000028,12.464731549935454,17.432392076762994,17.463347064479656,-0.03095498771666172,0.03665293552037063,0.01384485455796565
20.50000000000002,20.50000000000002,0.0,1,349.6250000000001,333.4356923176839,12.500000000000028,12.466112394532319,17.435918921769428,17.464731549935454,-0.028812628166026144,0.03526845006457435,0.013808445968646412
20.600000000000023,20.600000000000023,0.0,1,350.8750000000001,334.6824406344198,12.500000000000028,12.46748316735893,17.439307682316212,17.466112394532317,-0.02680471221610503,0.03388760546770975,0.013707728266115285
20.700000000000024,20.700000000000024,0.0,1,352.1250000000001,335.9293244668079,12.500000000000028,12.468838323881288,17.442559365580337,17.467483167358928,-0.024923801778591326,0.0325168326410985,0.01355156522358314
20.800000000000026,20.800000000000026,0.0,1,353.3750000000001,337.17634177865153,12.500000000000028,12.470173118436334,17.44567553319223,17.468838323881286,-0.023162790689056578,0.031161676118740544,0.013347945550464146
20.900000000000027,20.900000000000027,0.0,1,354.6250000000001,338.42349013106224,12.500000000000028,12.471483524107041,17.44865822134858,17.470173118436335,-0.021514897087755003,0.02982688156369484,0.013104056707078371
21.00000000000003,21.00000000000003,0.0,1,355.8750000000001,339.6707667470042,12.500000000000028,12.472766159420022,17.451509868937876,17.471483524107043,-0.01997365516916716,0.028516475892987003,0.012826353129806026
21.10000000000003,21.10000000000003,0.0,1,357.1250000000001,340.91816856913874,12.500000000000028,12.474018221345217,17.45423325299589,17.472766159420022,-0.018532906424130857,0.02723384058000633,0.012520619251939636
21.20000000000003,21.20000000000003,0.0,1,358.3750000000001,342.16569231155006,12.500000000000028,12.47523742411341,17.45683143086137,17.47401822134522,-0.017186790483847858,0.02598177865481155,0.012192027681925312
21.300000000000033,21.300000000000033,0.0,1,359.6250000000001,343.4133345058902,12.500000000000028,12.47642194340117,17.459307688450053,17.47523742411341,-0.01592973566335587,0.02476257588661923,0.011845192877617452
21.400000000000034,21.400000000000034,0.0,1,360.8750000000001,344.6610915424366,12.500000000000028,12.477570365464517,17.461665494109923,17.47642194340117,-0.014756449291247975,0.0235780565988577,0.011484220633462175
21.500000000000036,21.500000000000036,0.0,1,362.1250000000001,345.90895970651985,12.500000000000028,12.478681640832306,17.46390845756349,17.477570365464516,-0.013661907901024506,0.022429634535511056,0.011112753677896593
21.600000000000037,21.600000000000037,0.0,1,363.3750000000001,347.1569352107397,12.500000000000028,12.479755042198121,17.466040293480262,17.478681640832306,-0.012641347352044363,0.02131835916772218,0.010734013658155562
21.70000000000004,21.70000000000004,0.0,1,364.6250000000001,348.4050142233572,12.500000000000028,12.480790126175389,17.46806478926044,17.47975504219812,-0.011690252937682999,0.02024495780190705,0.01035083977268414
21.80000000000004,21.80000000000004,0.0,1,365.8750000000001,349.6531928932177,12.500000000000028,12.481786698604735,17.469985776642886,17.48079012617539,-0.010804349532502755,0.019209873824639345,0.009965724293460099
21.90000000000004,21.90000000000004,0.0,1,367.1250000000001,350.9014673715302,12.500000000000028,12.482744783125243,17.47180710678242,17.481786698604736,-0.009979591822315115,0.01821330139529387,0.009580845205077538
22.000000000000043,22.000000000000043,0.0,1,368.3750000000001,352.1498338308044,12.500000000000028,12.483664592742459,17.47353262846991,17.48274478312524,-0.009212154655330096,0.017255216874785262,0.009198096172163162
22.100000000000044,22.100000000000044,0.0,1,369.6250000000001,353.39828848121897,12.500000000000028,12.484546504145726,17.47516616919569,17.483664592742457,-0.008498423546768663,0.016335407257569656,0.008819114032671395
22.200000000000045,22.200000000000045,0.0,1,370.8750000000001,354.64682758467353,12.500000000000028,12.485391034545842,17.476711518781144,17.484546504145726,-0.007834985364581826,0.015453495854302446,0.008445304001151045
22.300000000000047,22.300000000000047,0.0,1,372.1250000000001,355.8954474667556,12.500000000000028,12.486198820821214,17.478172415326583,17.48539103454584,-0.007218619219258926,0.014608965454186773,0.008077862753719956
22.40000000000005,22.40000000000005,0.0,1,373.3750000000001,357.1441445268333,12.500000000000028,12.486970600776683,17.479552533244487,17.486198820821215,-0.006646287576728582,0.013801179178814849,0.007717799554687588
22.50000000000005,22.50000000000005,0.0,1,374.6250000000001,358.3929152464667,12.500000000000028,12.487707196334057,17.480855473166798,17.486970600776683,-0.006115127609884752,0.01302939922334545,0.007365955573733984
22.60000000000005,22.60000000000005,0.0,1,375.8750000000001,359.64175619631544,12.500000000000028,12.488409498487302,17.4820847535334,17.487707196334057,-0.005622442800657268,0.012292803665971519,0.007023021532448583
22.700000000000053,22.700000000000053,0.0,1,377.1250000000001,360.8906640417023,12.500000000000028,12.489078453868188,17.483243803684672,17.4884094984873,-0.0051656948026277405,0.011590501512726448,0.006689553808867288
22.800000000000054,22.800000000000054,0.0,1,378.3750000000001,362.1396355469803,12.500000000000028,12.489715052780218,17.484335958297834,17.48907845386819,-0.004742495570354777,0.010921546131839932,0.006365989120294558
22.900000000000055,22.900000000000055,0.0,1,379.6250000000001,363.38866757883727,12.500000000000028,12.490320318569783,17.485364453019827,17.48971505278022,-0.004350599760392981,0.010284947219810547,0.006052657895651948
23.000000000000057,23.000000000000057,0.0,1,380.8750000000001,364.63775710865866,12.500000000000028,12.490895298213855,17.486332421162842,17.490320318569783,-0.003987897406940277,0.009679681430245779,0.0057497964407264845
23.10000000000006,23.10000000000006,0.0,1,382.1250000000001,365.88690121405995,12.500000000000028,12.491441054013128,17.487242891341452,17.490895298213857,-0.0036524068724048675,0.009104701786172953,0.005457557992735929
23.20000000000006,23.20000000000006,0.0,1,383.3750000000001,367.1360970796888,12.500000000000028,12.491958656288432,17.488098785940167,17.49144105401313,-0.003342268072962895,0.008558945986900213,0.005176022753038723
23.30000000000006,23.30000000000006,0.0,1,384.6250000000001,368.38534199738746,12.500000000000028,12.492449176986504,17.488902920311318,17.491958656288432,-0.003055735977113727,0.008041343711596483,0.004905206980720323
23.400000000000063,23.400000000000063,0.0,1,385.8750000000001,369.6346333657983,12.500000000000028,12.492913684108894,17.489658002612657,17.492449176986504,-0.0027911743738471273,0.007550823013524166,0.00464507122389577
23.500000000000064,23.500000000000064,0.0,1,387.1250000000001,370.8839686894868,12.500000000000028,12.493353236884829,17.49036663420179,17.492913684108892,-0.0025470499071005293,0.007086315891134731,0.004395527759357521
23.600000000000065,23.600000000000065,0.0,1,388.3750000000001,372.1333455776483,12.500000000000028,12.49376888161547,17.491031310513335,17.49335323688483,-0.0023219263714935323,0.0066467631151994055,0.004156447306412759
23.700000000000067,23.700000000000067,0.0,1,389.6250000000001,373.3827617424606,12.500000000000028,12.494161648123052,17.491654422351814,17.49376888161547,-0.0021144592636552773,0.006231118384558698,0.00392766507581932
23.800000000000068,23.800000000000068,0.0,1,390.8750000000001,374.632214997135,12.500000000000028,12.494532546744033,17.492238257539498,17.494161648123054,-0.0019233905835562837,0.005838351876976233,0.0037089862098028453
23.90000000000007,23.90000000000007,0.0,1,392.1250000000001,375.88170325371607,12.500000000000028,12.494882565810565,17.492785002865105,17.494532546744033,-0.0017475438789276154,0.005467453255995736,0.0035001906653327813
24.00000000000007,24.00000000000007,0.0,1,393.3750000000001,377.131224520673,12.500000000000028,12.495212669569396,17.493296746284045,17.494882565810563,-0.0015858195265181507,0.00511743418946331,0.003301037588311573
24.100000000000072,24.100000000000072,0.0,1,394.6250000000001,378.3807769003222,12.500000000000028,12.495523796491732,17.4937754793271,17.495212669569398,-0.0014371902422993799,0.004787330430632508,0.003111269223356317
24.200000000000074,24.200000000000074,0.0,1,395.8750000000001,379.63035858611534,12.500000000000028,12.495816857931706,17.494223099677924,17.49552379649173,-0.0013006968138071784,0.0044762035082968055,0.002930614399733855
24.300000000000075,24.300000000000075,0.0,1,397.1250000000001,380.87996785982483,12.500000000000028,12.496092737094825,17.49464141388478,17.495816857931707,-0.0011754440469289307,0.004183142068322709,0.0027587916311937024
24.400000000000077,24.400000000000077,0.0,1,398.3750000000001,382.12960308865297,12.500000000000028,12.496352288281264,17.495032140175283,17.496092737094827,-0.0010605969195438547,0.003907262905203268,0.0025955118643906875
24.500000000000078,24.500000000000078,0.0,1,399.6250000000001,383.37926272229015,12.500000000000028,12.49659633637206,17.495396911347143,17.496352288281265,-0.0009553769341223983,0.003647711718764768,0.0024404809079506154
24.60000000000008,24.60000000000008,0.0,1,400.8750000000001,384.6289452899431,12.500000000000028,12.496825676529193,17.495737277709964,17.496596336372058,-0.0008590586620940144,0.003403663627969067,0.0022934015713282465
24.70000000000008,24.70000000000008,0.0,1,402.1250000000001,385.8786493973514,12.500000000000028,12.497041074083251,17.496054710057024,17.49682567652919,-0.0007709664721673448,0.0031743234708354606,0.002153975540584696
24.800000000000082,24.800000000000082,0.0,1,403.3750000000001,387.1283737238099,12.500000000000028,12.497243264584865,17.496350602648704,17.49704107408325,-0.0006904714345452589,0.0029589259167774884,0.0020219050161493614
24.900000000000084,24.900000000000084,0.0,1,404.6250000000001,388.3781170192097,12.500000000000028,12.497432953998347,17.496626276190227,17.497243264584867,-0.0006169883946398613,0.0027567354151631918,0.0018968941348106228
25.000000000000085,25.000000000000085,0.0,1,405.8750000000001,389.6278781011115,12.500000000000028,12.497610819018085,17.496882980790417,17.49743295399835,-0.0005499732079314867,0.002567046001681561,0.0017786501973795056
25.100000000000087,25.100000000000087,0.0,1,407.1250000000001,390.8776558518605,12.500000000000028,12.497777507490168,17.497121898888622,17.497610819018085,-0.0004889201294631107,0.002389180981943184,0.001666884720822992
25.200000000000088,25.200000000000088,0.0,1,408.3750000000001,392.12744921575285,12.500000000000028,12.49793363892343,17.497344148139632,17.49777750749017,-0.00043335935053789854,0.0022224925098601744,0.0015613143326191903
25.30000000000009,25.30000000000009,0.0,1,409.6250000000001,393.3772571962604,12.500000000000028,12.498079805075749,17.497550784247267,17.497933638923428,-0.0003828546761610596,0.002066361076598966,0.001461661523198643
25.40000000000009,25.40000000000009,0.0,1,410.8750000000001,394.6270788533207,12.500000000000028,12.498216570602889,17.497742803739698,17.498079805075747,-0.000337001336049525,0.001920194924279528,0.00136765527139886
25.500000000000092,25.500000000000092,0.0,1,412.1250000000001,395.8769133006966,12.500000000000028,12.498344473758486,17.497921146679403,17.49821657060289,-0.00029542392348602675,0.001783429397139713,0.001279031555968757
25.600000000000094,25.600000000000094,0.0,1,413.3750000000001,397.1267597034101,12.500000000000028,12.498464027135062,17.498086699303542,17.498344473758486,-0.0002577744549441263,0.0016555262415423044,0.0011955337657617805
25.700000000000095,25.700000000000095,0.0,1,414.6250000000001,398.37661727525375,12.500000000000028,12.498575718437008,17.49824029659004,17.498464027135064,-0.0002237305450236704,0.0015359728649659843,0.0011169130194609524
25.800000000000097,25.800000000000097,0.0,1,415.8750000000001,399.6264852763815,12.500000000000028,12.498680011277518,17.498382724746364,17.49857571843701,-0.0001929936906464036,0.0014242815630201022,0.00104292840509288
25.900000000000098,25.900000000000098,0.0,1,417.1250000000001,400.87636301098075,12.500000000000028,12.498777345992373,17.498514723618598,17.498680011277518,-0.00016528765891976605,0.001319988722510601,0.000973347148548598
26.0000000000001,26.0000000000001,0.0,1,418.3750000000001,402.1262498250272,12.500000000000028,12.498868140464335,17.49863698901936,17.498777345992373,-0.00014035697301295613,0.0012226540076554215,0.0009079447196178592
26.1000000000001,26.1000000000001,0.0,1,419.6250000000001,403.37614510412243,12.500000000000028,12.498952790952622,17.49875017497294,17.498868140464335,-0.00011796549139475587,0.0011318595356932803,0.0008465048828572464
26.200000000000102,26.200000000000102,0.0,1,420.8750000000001,404.6260482714147,12.500000000000028,12.499031672922667,17.498854895877685,17.49895279095262,-9.789507493707106e-05,0.0010472090474067386,0.0007888197004568553
26.300000000000104,26.300000000000104,0.0,1,422.1250000000001,405.8759587856019,12.500000000000028,12.499105141871995,17.49895172858544,17.49903167292267,-7.994433723013117e-05,0.0009683270773610531,0.0007346894932737769
26.400000000000105,26.400000000000105,0.0,1,423.3750000000001,407.1258761390167,12.500000000000028,12.49917353414855,17.499041214398233,17.499105141871993,-6.392747376082752e-05,0.000894858128033249,0.0006839227655461855
26.500000000000107,26.500000000000107,0.0,1,424.6250000000001,408.3757998557926,12.500000000000028,12.49923716775841,17.49912386098339,17.49917353414855,-4.9673165161578936e-05,0.0008264658514782752,0.0006363360986018307
26.600000000000108,26.600000000000108,0.0,1,425.8750000000001,409.6257294901086,12.500000000000028,12.499296343160196,17.49920014420752,17.49923716775841,-3.702355088819331e-05,0.0007628322416177724,0.0005917540178501213
26.70000000000011,26.70000000000011,0.0,1,427.1250000000001,410.875664624513,12.500000000000028,12.49935134404395,17.499270509891517,17.499296343160196,-2.5833268679775756e-05,0.0007036568398319787,0.0005500088375256951
26.80000000000011,26.80000000000011,0.0,1,428.3750000000001,412.1256048683222,12.500000000000028,12.499402438092595,17.499335375487135,17.49935134404395,-1.5968556816403634e-05,0.0006486559560787697,0.0005109404864548139
26.900000000000112,26.900000000000112,0.0,1,429.6250000000001,413.37554985609466,12.500000000000028,12.499449877724453,17.499395131677886,17.499402438092595,-7.3064147088075515e-06,0.0005975619074334304,0.0004743963185923406
27.000000000000114,27.000000000000114,0.0,1,430.8750000000001,414.6254992461762,12.500000000000028,12.49949390081555,17.49945014390545,17.49944987772445,2.661809972437368e-07,0.000550122275575049,0.0004402309109586611
27.100000000000115,27.100000000000115,0.0,1,432.1250000000001,415.8754527193163,12.500000000000028,12.499534731400725,17.499500753823895,17.49949390081555,6.853008343910005e-06,0.0005060991844789697,0.0004083058517551308
27.200000000000117,27.200000000000117,0.0,1,433.3750000000001,417.1254099773516,12.500000000000028,12.499572580352824,17.499547280683828,17.499534731400725,1.254928310245873e-05,0.0004652685993029593,0.0003784895209935968
27.300000000000118,27.300000000000118,0.0,1,434.6250000000001,418.3753707419555,12.500000000000028,12.499607646039387,17.499590022648533,17.499572580352826,1.744229570732614e-05,0.0004274196472042746,0.00035065686561708276
27.40000000000012,27.40000000000012,0.0,1,435.8750000000001,419.62533475345117,12.500000000000028,12.499640114956499,17.499629258044592,17.499607646039387,2.1612005205895457e-05,0.0003923539606418558,0.0003246891711164324
27.50000000000012,27.50000000000012,0.0,1,437.1250000000001,420.8753017696851,12.500000000000028,12.499670162339603,17.499665246548943,17.4996401149565,2.513159244443841e-05,0.00035988504352957307,0.00030047383104587767
27.600000000000122,27.600000000000122,0.0,1,438.3750000000001,422.12527156496026,12.500000000000028,12.499697952751207,17.499698230315005,17.499670162339605,2.8067975399892475e-05,0.0003298376604252695,0.00027790411604016184
27.700000000000124,27.700000000000124,0.0,1,439.6250000000001,423.3752439290248,12.500000000000028,12.499723640645545,17.499728435039856,17.499697952751205,3.0482288650546252e-05,0.0003020472488213244,0.00025687894338233264
27.800000000000125,27.800000000000125,0.0,1,440.8750000000001,424.62521866611587,12.500000000000028,12.499747370910391,17.49975607097531,17.499723640645545,3.243032976385507e-05,0.0002763593544834464,0.00023730264846868467
27.900000000000126,27.900000000000126,0.0,1,442.1250000000001,425.8751955940545,12.500000000000028,12.499769279386255,17.499781333884243,17.49974737091039,3.3962973851942024e-05,0.00025262908963696873,0.00021908475863554602
28.000000000000128,28.000000000000128,0.0,1,443.3750000000001,427.1251745433908,12.500000000000028,12.499789493363325,17.49980440594561,17.499769279386257,3.512655935367093e-05,0.00023072061377327202,0.0002021397706954531
28.10000000000013,28.10000000000013,0.0,1,444.6250000000001,428.37515535659645,12.500000000000028,12.499808132056561,17.4998254566093,17.499789493363323,3.596324597765488e-05,0.0002105066367033004,0.00018638693235146776
28.20000000000013,28.20000000000013,0.0,1,445.8750000000001,429.6251378873024,12.500000000000028,12.499825307059394,17.499844643403662,17.49980813205656,3.651134710125348e-05,0.00019186794346737202,0.00017175002832452437
28.300000000000132,28.300000000000132,0.0,1,447.1250000000001,430.8751219995801,12.500000000000028,12.49984112277656,17.499862112697713,17.499825307059396,3.68056383166504e-05,0.00017469294063410246,0.00015815717166560718
28.400000000000134,28.400000000000134,0.0,1,448.3750000000001,432.12510756726374,12.500000000000028,12.499855676836612,17.49987800042004,17.49984112277656,3.687764348114797e-05,0.00015887722346796807,0.00014554060051494844
28.500000000000135,28.500000000000135,0.0,1,449.6250000000001,433.37509447331223,12.500000000000028,12.499869060484674,17.499892432736374,17.49985567683661,3.6755899763818434e-05,0.00014432316341661533,0.00013383648061520147
28.600000000000136,28.600000000000136,0.0,1,450.8750000000001,434.6250826092078,12.500000000000028,12.499881358956063,17.499905526687883,17.499869060484674,3.6466203209073456e-05,0.00013093951535481096,0.0001229847138883855
28.700000000000138,28.700000000000138,0.0,1,452.1250000000001,435.875071874391,12.500000000000028,12.499892651831392,17.49991739079229,17.499881358956063,3.6031836227579106e-05,0.00011864104396508424,0.00011292875328585695
28.80000000000014,28.80000000000014,0.0,1,453.3750000000001,437.1250621757284,12.500000000000028,12.49990301337377,17.49992812560913,17.49989265183139,3.547377773926996e-05,0.00010734816863688934,0.00010361542377914646
28.90000000000014,28.90000000000014,0.0,1,454.6250000000001,438.37505342701326,12.500000000000028,12.499912512848768,17.49993782427174,17.499903013373768,3.4810897972192834e-05,9.698662625901022e-05,9.49947499933046e-05
29.000000000000142,29.000000000000142,0.0,1,455.8750000000001,439.625045548496,12.500000000000028,12.499921214827774,17.499946572986858,17.499912512848766,3.406013809126307e-05,8.74871512603903e-05,8.701979005394378e-05
29.100000000000144,29.100000000000144,0.0,1,457.1250000000001,440.8750384664435,12.500000000000028,12.49992917947537,17.499954451504095,17.499921214827772,3.323667632315619e-05,7.87851722545696e-05,7.964647596523378e-05
29.200000000000145,29.200000000000145,0.0,1,458.3750000000001,442.12503211272565,12.500000000000028,12.499936462821402,17.499961533556586,17.49992917947537,3.235408121682326e-05,7.082052465889888e-05,7.283346033553073e-05
29.300000000000146,29.300000000000146,0.0,1,459.6250000000001,443.37502642442746,12.500000000000028,12.499943117018345,17.499967887274465,17.499936462821402,3.142445306281161e-05,6.353717862594976e-05,6.654196943216562e-05
29.400000000000148,29.400000000000148,0.0,1,460.8750000000001,444.6250213434859,12.500000000000028,12.499949190584596,17.499973575572653,17.499943117018347,3.045855430627853e-05,5.688298168315953e-05,6.073566249966689e-05
29.50000000000015,29.50000000000015,0.0,1,462.1250000000001,445.87501681634933,12.500000000000028,12.499954728634311,17.4999786565142,17.499949190584594,2.9465929607397356e-05,5.080941543234019e-05,5.5380497149570834e-05
29.60000000000015,29.60000000000015,0.0,1,463.3750000000001,447.12501279365875,12.500000000000028,12.499959773094393,17.499983183650784,17.49995472863431,2.8455016472861416e-05,4.5271365717525214e-05,5.044460081045088e-05
29.700000000000152,29.700000000000152,0.0,1,464.6250000000001,448.3750092299497,12.500000000000028,12.499964362909191,17.49998720634136,17.499959773094393,2.743324696652394e-05,4.0226905635876165e-05,4.58981479919629e-05
29.800000000000153,29.800000000000153,0.0,1,465.8750000000001,449.625006083373,12.500000000000028,12.49996853423352,17.49999077005043,17.49996436290919,2.640714124169108e-05,3.5637090837425944e-05,4.171324329078629e-05
29.900000000000155,29.900000000000155,0.0,1,467.1250000000001,450.87500331543447,12.500000000000028,12.49997232061452,17.49999391662709,17.49996853423352,2.538239357008365e-05,3.146576650792099e-05,3.7863809991378616e-05
30.000000000000156,30.000000000000156,0.0,1,468.3750000000001,452.12500089075075,12.500000000000028,12.499975753162916,17.499996684565645,17.499972320614518,2.4363951126815664e-05,2.7679385508960763e-05,3.4325483970576445e-05
