control_time,predecessor_state_time,information_age,slave_id,predecessor_position,slave_position,predecessor_velocity,slave_velocity,actual_distance,desired_distance,distance_error,velocity_error,acceleration
0.7,0.5,0.19999999999999996,3,-47.98915,-72.98907775,20.1085,20.1092225,27.010849999999998,25.0,2.010849999999998,0.10849999999999937,1.0922249999999984
0.7999999999999999,0.6,0.19999999999999996,3,-45.9681295,-70.96778901125,20.210205,20.2128873875,27.020948250000004,25.1092225,1.9117257500000022,0.10098249999999709,1.0366488749999987
0.8999999999999999,0.7,0.19999999999999996,3,-43.93764077625001,-68.93667796946251,20.3048872375,20.311110417875,27.030148235,25.2128873875,1.8172608474999983,0.09199985000000055,0.9822303037499995
0.9999999999999999,0.7999999999999999,0.19999999999999996,3,-41.898398200275004,-66.89628055818345,20.39242575975,20.403974112790625,27.038279769187504,25.311110417875,1.7271693513125044,0.08131534187500122,0.9286369491562532
1.0999999999999999,0.8999999999999999,0.19999999999999996,3,-39.851119152828595,-64.84712667954818,20.472790474464063,20.49153878635271,27.045161405354854,25.403974112790625,1.6411872925642292,0.06881636167343785,0.8756467356208649
1.2,0.9999999999999999,0.20000000000000007,3,-37.79651635587952,-62.78974152976123,20.54602796949076,20.57385149786955,27.050610323668664,25.49153878635271,1.5590715373159547,0.05448918313804896,0.8231271151684165
1.3,1.0999999999999999,0.20000000000000018,3,-35.735291462330395,-60.7246462076255,20.612248935491273,20.65095322135735,27.054450067430835,25.57385149786955,1.480598569561284,0.038397437621721764,0.7710172348780194
1.4000000000000001,1.2,0.20000000000000018,3,-33.668129758388886,-58.652357758805906,20.67161703941509,20.722884488195934,27.05651644923661,25.65095322135735,1.4055632278792594,0.02066381805773787,0.71931266838582
1.5000000000000002,1.3,0.20000000000000018,3,-31.595695847460192,-56.573388785901834,20.724339109286948,20.789689729040703,27.056661911345714,25.722884488195934,1.3337774231497797,0.001454621091014019,0.6680524084477011
1.6000000000000003,1.4000000000000001,0.20000000000000018,3,-29.518630197200824,-54.48824673451104,20.77065650259368,20.851420513907957,27.05475858870101,25.789689729040703,1.2650688596603068,-0.019033226447021434,0.6173078486725363
1.7000000000000004,1.5000000000000002,0.20000000000000018,3,-27.437546443056014,-52.39743294801219,20.810837541448112,20.90813786498852,27.050700291455023,25.851420513907957,1.1992797775470656,-0.04058297245984477,0.567173510805657
1.8000000000000005,1.6000000000000003,0.20000000000000018,3,-25.35302935227918,-50.301441568517376,20.845170907768342,20.959913794948132,27.04440359573301,25.90813786498852,1.136265730744487,-0.06296695722017986,0.5177592995960996
1.9000000000000006,1.7000000000000004,0.20000000000000018,3,-23.26563336217915,-48.2007583481172,20.8739599010003,21.00683220400181,27.035808206338228,25.959913794948132,1.0758944113900952,-0.08595389394783126,0.4691840905367826
2.0000000000000004,1.8000000000000005,0.19999999999999996,3,-21.17588161523097,-46.095859422948756,20.89751746948178,21.04898925168443,27.024876732886227,26.00683220400181,1.0180445288844169,-0.10931473452003004,0.4215704768261844
2.1000000000000005,1.9000000000000006,0.19999999999999996,3,-19.0842654217863,-43.98721009257083,20.916161934446713,21.086493303779314,27.011594001162457,26.04898925168443,0.9626047494780288,-0.1328273172377159,0.37504052094884166
2.2000000000000006,2.0000000000000004,0.20000000000000018,3,-16.991244088491708,-41.875263638458065,20.930213332945897,21.11946454112763,26.99596600407912,26.086493303779314,0.9094727002998049,-0.15627997083341683,0.32971237348316895
2.3000000000000007,2.1000000000000005,0.20000000000000018,3,-14.897245057225888,-39.760460207972535,20.939990312658193,21.148034304855305,26.978018581232178,26.11946454112763,0.8585540401045471,-0.17947422846943795,0.28569763727672315
2.400000000000001,2.2000000000000006,0.20000000000000018,3,-12.802664305453316,-37.64322578379572,20.945807517725726,21.172344241768133,26.95779590251922,26.148034304855305,0.8097615976639148,-0.20222678712957887,0.24309936912829427
2.500000000000001,2.3000000000000007,0.20000000000000018,3,-10.707866964412698,-35.52397125338173,20.94797341040617,21.19254530413992,26.935358819383023,26.172344241768133,0.7630145776148893,-0.22437083136196279,0.20201062371787443
2.600000000000001,2.400000000000001,0.20000000000000018,3,-8.613188116559593,-33.4030915884092,20.946788478531044,21.208796649725322,26.91078313682214,26.19254530413992,0.7182378326822203,-0.24575682560887557,0.16251345585400967
2.700000000000001,2.500000000000001,0.20000000000000018,3,-6.51893373820711,-31.280965140363886,20.942543783524822,21.22126448045312,26.884157850202087,26.208796649725322,0.6753612004767646,-0.2662528662004995,0.12467830727798271
2.800000000000001,2.600000000000001,0.20000000000000018,3,-4.425381757396371,-29.15795305518477,20.935519808107394,21.23012085179118,26.855583382967517,26.22126448045312,0.6343189025143978,-0.2857446723457251,0.08856371338061883
2.9000000000000012,2.700000000000001,0.20000000000000018,3,-2.332783200716229,-27.034398807272183,20.92598556680142,21.23554247912587,26.82516985446854,26.23012085179118,0.59504900267736,-0.30413528498976206,0.054216273346870375
3.0000000000000013,2.800000000000001,0.20000000000000018,3,-0.24136340611379437,-24.910627851014247,20.914197946024345,21.237709562579372,26.793035401158388,26.23554247912587,0.5574929220325195,-0.32134453310152367,0.021670834535040817
3.1000000000000014,2.9000000000000012,0.20000000000000018,3,1.848676718274989,-22.786947386272292,20.900401243887835,21.236804647419543,26.759304569289235,26.237709562579372,0.5215950067098625,-0.3373083186915373,-0.00904915159829861
3.2000000000000015,3.0000000000000013,0.20000000000000018,3,3.9371594065629427,-20.66364623291958,20.884826882879537,21.233011533527126,26.724106792835236,26.236804647419543,0.4873021454156934,-0.3519777645400062,-0.03793113892415828
3.3000000000000016,3.1000000000000014,0.20000000000000018,3,6.023928733701512,-18.540994808498528,20.867693271385683,21.22651424421051,26.687574966621092,26.233011533527126,0.4545634330939663,-0.36531826214144303,-0.06497289316617127
3.4000000000000017,3.2000000000000015,0.20000000000000018,3,8.108849312956423,-16.419245202304545,20.849205792549114,21.21749606193982,26.64984412145495,26.22651424421051,0.4233298772444414,-0.3773084516613956,-0.09018182270689579
3.5000000000000018,3.3000000000000016,0.20000000000000018,3,10.191805003082955,-14.298631338678721,20.82955690126532,21.206138636258242,26.6110502053875,26.21749606193982,0.39355414344768036,-0.38793916067449885,-0.11357425681575894
3.600000000000002,3.4000000000000017,0.20000000000000018,3,12.272697634304675,-12.179369221961599,20.808926312217203,21.192621167171215,26.571328972983395,26.206138636258242,0.3651903367251528,-0.397212324041039,-0.13517469087025485
3.700000000000002,3.5000000000000018,0.20000000000000018,3,14.3514457606801,-10.061657255394461,20.787481263754245,21.17711966567138,26.5308149826417,26.192621167171215,0.3381938154704862,-0.4051399034169698,-0.15501501499833276
3.800000000000002,3.600000000000002,0.20000000000000018,3,16.42798344509504,-7.945676626225408,20.765376844149394,21.15980629169053,26.489640700489502,26.17711966567138,0.312521034818122,-0.4117428215219867,-0.17313373980852842
3.900000000000002,3.700000000000002,0.20000000000000018,3,18.502259081928198,-5.8315917493609115,20.742756368331563,21.140848768644965,26.447935708153608,26.15980629169053,0.28812941646307877,-0.4170499233589666,-0.18957523045563396
4.000000000000002,3.800000000000002,0.19999999999999973,3,20.574234261388895,-3.7195507620781947,20.719751794606957,21.120409872827167,26.405826010749806,26.140848768644965,0.2649772421048411,-0.42109697403800794,-0.20438895817798586
4.100000000000001,3.900000000000002,0.1999999999999993,3,22.643882678604953,-1.6096860625615306,20.69648417216059,21.09864699516664,26.36343344068315,26.120409872827167,0.24302356785598178,-0.423925700666576,-0.2176287766052699
4.200000000000001,4.000000000000002,0.1999999999999993,3,24.711189089733175,0.4978851146696983,20.673064111282198,21.07571177231229,26.320875152294704,26.09864699516664,0.22222815712806465,-0.42558288388444154,-0.22935222854352094
4.300000000000001,4.100000000000001,0.1999999999999993,3,26.77614831666305,2.603060093025224,20.649592269298772,21.05174978355526,26.27826320199335,26.07571177231229,0.202551429681062,-0.426119503013517,-0.23961988757028263
4.4,4.200000000000001,0.1999999999999993,3,28.838764301275972,4.705750124004819,20.6261598461292,21.02690030979595,26.23570420825075,26.05174978355526,0.1839544246954894,-0.4255899374260572,-0.2484947375931011
4.5,4.300000000000001,0.1999999999999993,3,30.899049209697356,6.80587973905924,20.602849084213844,21.00129615054421,26.193299085692537,26.02690030979595,0.1663987758965888,-0.4240512255821045,-0.2560415925173892
4.6,4.4,0.1999999999999993,3,32.95702258652956,8.903386088540515,20.579733768322036,20.97506349481274,26.15114284747032,26.00129615054421,0.14984669692611163,-0.4215623822221737,-0.26232655731468313
4.699999999999999,4.5,0.1999999999999993,3,35.01271055867066,10.998218272711162,20.556879721411043,20.948321841706473,26.109324470130147,25.97506349481274,0.13426097531740666,-0.4181837734016973,-0.26741653106265456
4.799999999999999,4.6,0.1999999999999993,3,37.06614508800147,13.090336669362541,20.534345293308082,20.921183966513794,26.067926815290306,25.948321841706473,0.11960497358383293,-0.4139765483983915,-0.2713787519267967
4.899999999999999,4.699999999999999,0.1999999999999993,3,39.11736327195341,15.17971226217835,20.512181839519386,20.893755928158097,26.027026602590865,25.921183966513794,0.105842636077071,-0.40900212699440885,-0.2742803835569916
4.999999999999998,4.799999999999999,0.1999999999999993,3,41.166406690747685,17.266325973574492,20.490434187942775,20.866137113961432,25.986694428569336,25.893755928158097,0.09293850041123974,-0.40332174021532197,-0.2761881419666377
5.099999999999998,4.899999999999999,0.1999999999999993,3,43.213320799915536,19.35016800535427,20.469141091678537,20.83842031779778,25.946994826341044,25.866137113961432,0.08085771237961126,-0.3969960222828952,-0.2771679616365106
5.1999999999999975,4.999999999999998,0.1999999999999993,3,45.25815436656581,21.431237190140756,20.448335666502732,20.810691847864863,25.90798636121154,25.83842031779778,0.06956604341376149,-0.390084651295048,-0.27728469932915767
5.299999999999997,5.099999999999998,0.1999999999999993,3,47.30095894775499,23.509540356188204,20.428045811891828,20.78303166047449,25.869721757614236,25.810691847864863,0.05902990974937339,-0.3826460359730355,-0.2766018739037417
5.399999999999997,5.1999999999999975,0.1999999999999993,3,49.34178840923224,25.585091707832884,20.408294614772434,20.7555135164468,25.832248053044033,25.78303166047449,0.049216392569544354,-0.3747370457020551,-0.2751814402768719
5.4999999999999964,5.299999999999997,0.1999999999999993,3,51.380698482774086,27.65791222352181,20.38910073541848,20.728205156889256,25.795606774941202,25.7555135164468,0.040093258494401596,-0.36641278102831976,-0.27308359557545503
5.599999999999996,5.399999999999997,0.1999999999999993,3,53.417746360287516,29.728029073056078,20.370478775134295,20.70116849534268,25.759834136765708,25.728205156889256,0.031628979876451524,-0.3577263817549614,-0.27036661546574337
5.699999999999996,5.4999999999999964,0.1999999999999993,3,55.45299032284241,31.795475055404214,20.35243962554893,20.674459823481364,25.724961249786332,25.70116849534268,0.02379275444365092,-0.34872886979375295,-0.2670867186131769
5.799999999999995,5.599999999999996,0.1999999999999993,3,57.48648940279317,33.860288058180096,20.334990799507594,20.648130027758842,25.691014347388954,25.674459823481364,0.01655452390759038,-0.3394690239737699,-0.2632979572252207
5.899999999999995,5.699999999999996,0.1999999999999993,3,59.5183030771615,35.92251053963949,20.318136743683326,20.622224814593928,25.658015018981402,25.648130027758842,0.009884991222559592,-0.32999328407551687,-0.2590521316491337
5.999999999999995,5.799999999999995,0.1999999999999993,3,61.548490990476296,37.982189033828526,20.30187913314797,20.596784941890395,25.625980450836806,25.622224814593928,0.0037556362428787793,-0.3203456814459571,-0.2543987270353263
6.099999999999994,5.899999999999995,0.1999999999999993,3,63.57711270530021,40.03937367931626,20.286217148239118,20.571846454877356,25.594923671471683,25.596784941890395,-0.0018612704187113138,-0.31056779365127696,-0.24938487013037725
6.199999999999994,5.999999999999995,0.1999999999999993,3,65.60422747871424,42.09411777176071,20.2711477341403,20.547440924444423,25.564853799397973,25.571846454877356,-0.006992655479383103,-0.3006987207370564,-0.24405530432933667
6.299999999999994,6.099999999999994,0.1999999999999993,3,67.62989406308002,44.14647734039323,20.256665843657817,20.52359568632524,25.53577629131931,25.547440924444423,-0.011664633125114676,-0.29077508078660586,-0.23845238119184203
6.399999999999993,6.199999999999994,0.1999999999999993,3,69.65417052945307,46.19651074835867,20.24276466373046,20.500334079654387,25.507693189059836,25.52359568632524,-0.01590249726540449,-0.2808310225947821,-0.23261606670852794
6.499999999999993,6.299999999999994,0.1999999999999993,3,71.67711411207804,48.2442783167172,20.229435826249794,20.477675683585268,25.480603363719375,25.500334079654387,-0.019730715935011744,-0.2708982534045923,-0.2265839606911797
6.5999999999999925,6.399999999999993,0.1999999999999993,3,73.69878107245805,50.289841971798225,20.21666960380005,20.45563655081023,25.454502755740847,25.477675683585268,-0.0231729278444206,-0.2610060797852185,-0.2203913277503851
6.699999999999992,6.499999999999993,0.1999999999999993,3,75.71922658155295,52.33326491549508,20.20445509094896,20.434229436968554,25.42938460975472,25.45563655081023,-0.02625194105550932,-0.25118145986126805,-0.2140711384167691
6.799999999999992,6.5999999999999925,0.1999999999999993,3,77.73850461872652,54.374611318001385,20.192780371735736,20.413464025063075,25.405239703231445,25.434229436968554,-0.028989733737109447,-0.24144906523281762,-0.20765411905480882
6.8999999999999915,6.699999999999992,0.1999999999999993,3,79.75666788612754,56.413946032414586,20.181632674010224,20.393347144132,25.38205656812616,25.413464025063075,-0.03140745693691471,-0.23183135105285047,-0.20116880931073775
6.999999999999991,6.799999999999992,0.1999999999999993,3,81.77376773725551,58.451334330568514,20.17099851127964,20.373882981539257,25.359821704840925,25.393347144132,-0.03352543929107554,-0.22234863285235917,-0.19464162592742512
7.099999999999991,6.8999999999999915,0.1999999999999993,3,83.78985411852716,60.48684165940396,20.160863812716425,20.3550732883544,25.338519787958646,25.373882981539257,-0.03536319358061135,-0.21301916882283223,-0.18809693184857146
7.19999999999999,6.999999999999991,0.1999999999999993,3,85.80497552272455,62.520533417143184,20.151214041973862,20.336917577392267,25.31813386332059,25.3550732883544,-0.03693942503381109,-0.20385924638053865,-0.18155710962133648
7.29999999999999,7.099999999999991,0.1999999999999993,3,87.8191789532691,64.5524747485005,20.142034305445566,20.319413313573214,25.298645536125917,25.336917577392267,-0.03827204126634953,-0.19488327194670063,-0.17504263819053528
7.39999999999999,7.19999999999999,0.1999999999999993,3,89.83250989832824,66.58273035813524,20.133309450591412,20.302556096347395,25.28003514982774,25.319413313573214,-0.03937816374547509,-0.1861038629818026,-0.16857217225817964
7.499999999999989,7.29999999999999,0.1999999999999993,3,91.8450123138219,68.61136434153539,20.125024154936593,20.286339834001495,25.26228195568666,25.302556096347395,-0.04027414066073476,-0.17753194141080186,-0.16216262345900886
7.599999999999989,7.39999999999999,0.1999999999999993,3,93.85672861445515,70.63844003250878,20.117163006332518,20.27075690973389,25.24536427291976,25.286339834001495,-0.040975561081737055,-0.16917682766897713,-0.15582924267605022
7.699999999999989,7.499999999999989,0.1999999999999993,3,95.86769967196003,72.66401986645327,20.109710575048727,20.255798339444944,25.229259639451243,25.27075690973389,-0.04149727028264749,-0.16104633468516383,-0.1495857028894548
7.799999999999988,7.599999999999989,0.1999999999999993,3,97.87796481978447,74.6881652585776,20.102651478244347,20.24145392124321,25.213944953331193,25.255798339444944,-0.041853386113750446,-0.15314686120059662,-0.14344418201735254
7.899999999999988,7.699999999999989,0.1999999999999993,3,99.88756186351905,76.71093649624923,20.095970437345915,20.227712376716337,25.199396604941455,25.24145392124321,-0.042057316301754355,-0.14548348389729426,-0.13741544526871258
7.999999999999988,7.799999999999988,0.1999999999999993,3,101.89652709640268,78.73239264465501,20.089652328836202,20.214561484057782,25.185590600153446,25.227712376716337,-0.04212177656289029,-0.13806004788013482,-0.13150892658555302
8.099999999999987,7.899999999999988,0.1999999999999993,3,103.90489531929627,80.75259146497272,20.08368222893599,20.201988203177212,25.172502674641265,25.214561484057782,-0.04205880941651685,-0.13087925512179055,-0.12573280880569088
8.199999999999987,7.999999999999988,0.1999999999999993,3,105.91269986456008,82.77158934426818,20.07804545263804,20.189978792954587,25.160108399587358,25.201988203177212,-0.04187980358985399,-0.1239427505391717,-0.12009410222626436
8.299999999999986,8.099999999999987,0.1999999999999993,3,107.91997262331304,84.78944123635068,20.072727587529613,20.178518920825102,25.148383279044864,25.189978792954587,-0.041595513909722825,-0.11725120542497436,-0.1145987212948409
8.399999999999986,8.199999999999987,0.1999999999999993,3,109.92674407559478,86.80620061284122,20.067714522817386,20.167593764905433,25.1373028392441,25.178518920825102,-0.04121608158100187,-0.11080439800771558,-0.1092515591966734
8.499999999999986,8.299999999999986,0.1999999999999993,3,111.9330433229894,88.82191942373031,20.062992473946185,20.157188108890832,25.126842710148182,25.167593764905433,-0.04075105475725138,-0.10460129095924842,-0.10405656014602443
8.599999999999985,8.399999999999986,0.1999999999999993,3,113.93889812330752,90.83664806672715,20.058548003181127,20.147286429968375,25.116978699577217,25.157188108890832,-0.04020940931361494,-0.0986401057097055,-0.09901678922457187
8.699999999999985,8.499999999999986,0.1999999999999993,3,115.94433492695765,92.85043536472756,20.054368036501312,20.137872980004115,25.1076868602305,25.147286429968375,-0.03959956973787371,-0.09291839346706254,-0.0941344996425869
8.799999999999985,8.599999999999985,0.1999999999999993,3,117.94937891467089,94.86332855075469,20.050439877132348,20.128931860271333,25.09894354994333,25.137872980004115,-0.03892943006078653,-0.08743310287176698,-0.08941119732780685
8.899999999999984,8.699999999999985,0.1999999999999993,3,119.95405403627336,96.87537325975408,20.046751216024795,20.120447089993977,25.090725485518675,25.128931860271333,-0.03820637475265798,-0.08218064424653804,-0.08484770277355942
8.999999999999984,8.799999999999985,0.1999999999999993,3,121.95838305022998,98.88661352665247,20.04329013956616,20.112402668983847,25.0830097904759,25.120447089993977,-0.037437299518078504,-0.0771569504278169,-0.08044421010129277
9.099999999999984,8.899999999999984,0.1999999999999993,3,123.9623875637095,100.89709179011771,20.040045134795125,20.10478263465241,25.07577403705703,25.112402668983847,-0.03662863192681698,-0.07235753418872193,-0.07620034331438603
9.199999999999983,8.999999999999984,0.1999999999999993,3,125.96608807294638,102.90684890148556,20.037005092368787,20.097571113678534,25.068996282828664,25.10478263465241,-0.03578635182374512,-0.06777754228362198,-0.07211520973877014
9.299999999999983,9.099999999999984,0.1999999999999993,3,127.969504003698,104.91592413834678,20.03415930751625,20.090752368612247,25.062655102212446,25.097571113678534,-0.03491601146608758,-0.06341180616228215,-0.06818745066286952
9.399999999999983,9.199999999999983,0.1999999999999993,3,129.97265375161757,106.92435522231597,20.031497479195547,20.084310839691838,25.05672961327079,25.090752368612247,-0.034022755341457156,-0.05925488941669954,-0.0644152892040882
9.499999999999982,9.299999999999983,0.1999999999999993,3,131.97555472238307,108.93217834053073,20.029009707654918,20.078231182147647,25.0511995000671,25.084310839691838,-0.03311133962473889,-0.05530113203692011,-0.06079657544190553
9.599999999999982,9.399999999999983,0.1999999999999993,3,133.97822337144154,110.93942817045681,20.02668649058471,20.072498299260772,25.04604503091082,25.078231182147647,-0.032186151236828664,-0.05154469156293828,-0.05732882886876496
9.699999999999982,9.499999999999982,0.1999999999999993,3,135.98067524324472,112.94613790760069,20.024518718031803,20.067097371438813,25.04124707278791,25.072498299260772,-0.03125122647286105,-0.047979581228968726,-0.05400927821960551
9.799999999999981,9.599999999999982,0.1999999999999993,3,137.98292500986824,114.95233929575708,20.0224976662351,20.062013881563953,25.036787102267553,25.067097371438813,-0.030310269171259563,-0.04459970520371215,-0.0508348987485995
9.89999999999998,9.699999999999982,0.1999999999999993,3,139.98498650892103,116.95806265944319,20.020614990527843,20.057233636861064,25.03264721316394,25.062013881563953,-0.02936666840001223,-0.04139889103610983,-0.04780244702889398
9.99999999999998,9.799999999999981,0.1999999999999993,3,141.9868727806651,118.96333693819574,20.01886271744064,20.05274278752547,25.02881012122191,25.057233636861064,-0.028423515639154573,-0.03837091942042292,-0.044908493355915624
10.09999999999998,9.89999999999998,0.1999999999999993,3,143.98859610427786,120.96818972242988,20.017233236127687,20.048527842341482,25.025259166082122,25.05274278752547,-0.027483621443348483,-0.03550955139778367,-0.04214945183990118
10.19999999999998,9.99999999999998,0.1999999999999993,3,145.99016803320066,122.97264729058128,20.01571928922814,20.04457568151388,25.021978310770777,25.048527842341482,-0.026549531570704943,-0.03280855311334108,-0.039521608276025334
10.29999999999998,10.09999999999998,0.1999999999999993,3,147.99159942952713,124.97673464727383,20.014313963264666,20.04087356692554,25.01895213894585,25.04457568151388,-0.0256235425680309,-0.030261718249214198,-0.03702114588338681
10.399999999999979,10.19999999999998,0.1999999999999993,3,149.99290049739432,126.98047556227633,20.013010678671826,20.037409150024992,25.016165850120487,25.04087356692554,-0.024707716805053792,-0.027862888253714857,-0.034644169005498784
10.499999999999979,10.29999999999998,0.1999999999999993,3,151.99408081534816,128.98389261003015,20.011803179538337,20.034170477538403,25.01360525307183,25.037409150024992,-0.02380389695316154,-0.02560597048665514,-0.03238672486590488
10.599999999999978,10.399999999999979,0.1999999999999993,3,153.99514936766207,130.98700720954926,20.010685523139102,20.031145995191135,25.011256757631912,25.034170477538403,-0.022913719906490826,-0.02348495439930076,-0.030244823472686023
10.699999999999978,10.499999999999979,0.1999999999999993,3,155.9960061995946,132.98983045263572,20.008568319325327,20.02823243086458,25.00899899004534,25.031145995191135,-0.022147005145793486,-0.022577675865807834,-0.02913564326554301
10.799999999999978,10.599999999999978,0.1999999999999993,3,157.99645895782803,134.99235603730557,20.00452758233408,20.025255846698528,25.00662850519231,25.02823243086458,-0.021603925672270208,-0.02370484853049959,-0.029765841660534777
10.899999999999977,10.699999999999978,0.1999999999999993,3,159.9962376556821,136.99455499988855,19.997786978540848,20.021989625829814,25.00388161837654,25.025255846698528,-0.021374228321988653,-0.027468868157679793,-0.032662208687138164
10.999999999999977,10.799999999999978,0.1999999999999993,3,161.99500782240318,138.996371974786,19.98770166721074,20.01816974897453,25.00045282251463,25.021989625829814,-0.021536803315182595,-0.03428795861907474,-0.03819876855285109
11.099999999999977,10.899999999999977,0.1999999999999993,3,163.99238218331666,140.99772274286252,19.973743609134726,20.01350768076515,24.996010208530663,25.01816974897453,-0.02215954044386592,-0.04442613983980337,-0.04662068209377566
11.199999999999976,10.999999999999977,0.1999999999999993,3,165.98793100598527,142.99849285821819,19.955488226686004,20.0077011535567,24.990208263122753,25.01350768076515,-0.023299417642398623,-0.05801945407914744,-0.05806527208451726
11.299999999999976,11.099999999999977,0.1999999999999993,3,167.98119123668224,144.9985371689257,19.93260230696975,20.00044310707511,24.98269837846405,25.0077011535567,-0.025002775092648477,-0.07509884658695043,-0.0725804648158846
11.399999999999975,11.199999999999976,0.1999999999999993,3,169.97167454142124,146.99768007048283,19.904833047389875,19.991429015571313,24.97313737249553,25.00044310707511,-0.027305734579581298,-0.09561005968523517,-0.09014091503797879
11.499999999999975,11.299999999999976,0.1999999999999993,3,171.95887435643542,148.99571635146842,19.8719981501417,19.980362809856008,24.961194285952587,24.991429015571313,-0.03023472961872642,-0.11943086542961368,-0.11066205715305416
11.599999999999975,11.399999999999975,0.1999999999999993,3,173.94227204432354,150.99241250942123,19.833976878881398,19.966961579527993,24.946555692855128,24.980362809856008,-0.03380711700087957,-0.14638593097460983,-0.13401230328012764
11.699999999999974,11.499999999999975,0.1999999999999993,3,175.92134224403793,152.9875084314904,19.790701997143927,19.950959220691704,24.928929734616702,24.966961579527993,-0.0380318449112913,-0.17625958238406625,-0.16002358836289865
11.799999999999974,11.599999999999975,0.1999999999999993,3,177.89555749543808,154.98071934912232,19.742152514001397,19.93210917631928,24.908049063947686,24.950959220691704,-0.04291015674401777,-0.2088067066903072,-0.18850044372425467
11.899999999999974,11.699999999999974,0.1999999999999993,3,179.86439221223753,156.97173798912164,19.688347167994614,19.9101863999931,24.88367286311521,24.93210917631928,-0.04843631320407127,-0.24376200832466566,-0.21922776326176818
11.999999999999973,11.799999999999974,0.1999999999999993,3,181.82732607079268,158.9602368550138,19.6293385855514,19.884988658921664,24.855588081671044,24.9101863999931,-0.05459831832205708,-0.2808478144416995,-0.2519774107143882
12.099999999999973,11.899999999999974,0.1999999999999993,3,183.78384687628724,160.9458705828859,19.565208054945725,19.856337278721178,24.823610021273453,24.884988658921664,-0.061378637648211054,-0.3197806039759392,-0.28651380200485693
12.199999999999973,11.999999999999973,0.1999999999999993,3,185.73345296242428,162.9282783249233,19.496060861370257,19.824077420373964,24.787582379538378,24.856337278721178,-0.06875489918279953,-0.36027641735092075,-0.3225985834721364
12.299999999999972,12.099999999999973,0.1999999999999993,3,187.67565517571524,164.90708612181308,19.422022132909635,19.788077968897717,24.747376850791937,24.824077420373964,-0.07670056958202665,-0.4020552874643286,-0.35999451476247624
12.399999999999972,12.199999999999973,0.1999999999999993,3,189.6099784908282,166.8819092321613,19.343233151129642,19.74823110348214,24.70289236901513,24.788077968897717,-0.08518559988258545,-0.4448448177680753,-0.39846865415575294
12.499999999999972,12.299999999999972,0.1999999999999993,3,191.53596329919375,168.85235439316864,19.259848083655385,19.704451610073516,24.65405406703246,24.74823110348214,-0.09417703644967901,-0.488383019826756,-0.43779493408624437
12.599999999999971,12.399999999999972,0.1999999999999993,3,193.45316640914527,170.81802199212103,19.17203109951502,19.656675989523993,24.60081201597663,24.704451610073516,-0.10363959409688661,-0.5324205105584952,-0.47775620549523945
12.69999999999997,12.499999999999972,0.1999999999999993,3,195.36116179226426,172.77850813285986,19.079953831189908,19.604861407388228,24.543139800143223,24.656675989523993,-0.11353618938077048,-0.5767221583340856,-0.5181458213576537
12.79999999999997,12.599999999999971,0.1999999999999993,3,197.2595411072894,174.7334065853768,18.98379315025165,19.548984525169367,24.481032974429553,24.604861407388228,-0.12382843295867474,-0.621068257136578,-0.5587688221885998
12.89999999999997,12.69999999999997,0.1999999999999993,3,199.14791402990892,176.68231061009877,18.88372922619513,19.489040247219567,24.41450744453212,24.548984525169367,-0.13447708063724662,-0.6652552989742375,-0.5994427794980134
12.99999999999997,12.79999999999997,0.1999999999999993,3,201.02590841396966,178.62481465135107,18.779943840607363,19.425040412523156,24.343597803870892,24.489040247219567,-0.1454424433486743,-0.7090964066122041,-0.6399983469641004
13.09999999999997,12.89999999999997,0.1999999999999993,3,202.8931703070854,180.56051589696852,18.672618931157377,19.357012456174452,24.268355655734325,24.425040412523156,-0.15668475678883098,-0.7524214813657792,-0.6802795634870389
13.199999999999969,12.99999999999997,0.1999999999999993,3,204.7493638412918,182.48901570311384,18.561935342064004,19.284998061453056,24.18884794432327,24.357012456174452,-0.16816451185118098,-0.7950771141104482,-0.7201439472139491
13.299999999999969,13.09999999999997,0.1999999999999993,3,206.5941710172626,184.40992088510865,18.448071759707883,19.20905181994823,24.10515531414876,24.284998061453056,-0.1798427473042956,-0.8369263017451729,-0.7594624150482862
13.399999999999968,13.199999999999969,0.1999999999999993,3,208.42729139865375,186.32284487652316,18.331203813911564,19.12923991414514,24.017370513545103,24.20905181994823,-0.19168130640312597,-0.8778480060366647,-0.7981190580308948
13.499999999999968,13.299999999999969,0.1999999999999993,3,210.24844173136648,188.22740875994504,18.211503327127343,19.045638834218625,23.92559685484332,24.12923991414514,-0.20364305930181814,-0.9177365870177958,-0.8360107992651458
13.599999999999968,13.399999999999968,0.1999999999999993,3,212.0573555009021,190.1232421737897,18.089137695356126,18.95833413844655,23.82994674095707,24.045638834218625,-0.21569209326155558,-0.9565011388624995,-0.8730469577207775
13.699999999999967,13.499999999999968,0.1999999999999993,3,213.85378243951018,192.00998410025178,17.96426938608079,18.867419264620985,23.730540265720492,23.95833413844655,-0.2277938727260569,-0.9940647523657589,-0.9091487382556356
13.799999999999967,13.599999999999968,0.1999999999999993,3,215.63748799349446,193.88728354005877,17.837055539842908,18.772994398069823,23.627503893242675,23.867419264620985,-0.23991537137830932,-1.030363724778077,-0.9442486655116163
13.899999999999967,13.699999999999967,0.1999999999999993,3,217.40825275982746,195.75480008009635,17.707647663330086,18.675165400375587,23.520969219768688,23.772994398069823,-0.25202517830113536,-1.0653467347397374,-0.9782899769423576
13.999999999999966,13.799999999999967,0.1999999999999993,3,219.1658719001255,197.612204360253,17.576191402980193,18.574042801566634,23.41107182002915,23.675165400375587,-0.2640935803464366,-1.0989739973953938,-1.0112259880895333
14.099999999999966,13.899999999999967,0.1999999999999993,3,220.910154539041,199.45917844599649,17.442826389155144,18.469740857434783,23.297950178788,23.574042801566634,-0.2760926227786342,-1.13121641241149,-1.0430194413185092
14.199999999999966,13.999999999999966,0.1999999999999993,3,222.64092315323077,201.29541611326468,17.307686141897737,18.362376672681794,23.181744707234287,23.469740857434783,-0.2879961502004953,-1.162054715537046,-1.0736418475298843
14.299999999999965,14.099999999999966,0.1999999999999993,3,224.35801295624736,203.12062305224424,17.170898030165944,18.252069389795572,23.062596842982686,23.362376672681794,-0.29977982969910855,-1.1914786425158503,-1.1030728288622345
14.399999999999965,14.199999999999966,0.1999999999999993,3,226.061271283972,204.93451699653306,17.032583277246296,18.13893944288824,22.94064823172775,23.252069389795572,-0.311421158067823,-1.2194861125492764,-1.1312994690733327
14.499999999999964,14.299999999999965,0.1999999999999993,3,227.75055698455068,206.73682778405072,16.892857005786823,18.023107875176596,22.81603998801762,23.13893944288824,-0.322899454870619,-1.2460824371014176,-1.1583156771164438
14.599999999999964,14.399999999999965,0.1999999999999993,3,229.42573981620723,208.5272973558844,16.7518283165654,17.904695718336697,22.68891203215651,23.023107875176596,-0.33419584302008687,-1.2712795586111945,-1.184121568398999
14.699999999999964,14.499999999999964,0.1999999999999993,3,231.08669985577987,210.305679699045,16.609600395726357,17.783823431605807,22.55940249989547,22.904695718336697,-0.3452932184412276,-1.29509532261034,-1.208722867308886
14.799999999999963,14.599999999999964,0.1999999999999993,3,232.73332692035797,212.0717407388675,16.466270645780916,17.660610398225174,22.42764722131298,22.783823431605807,-0.3561762102928263,-1.3175527858248905,-1.2321303338063256
14.899999999999963,14.699999999999964,0.1999999999999993,3,234.36552000397597,213.8252581865281,16.321930836179988,17.535174476605725,22.29377926510847,22.660610398225174,-0.3668311331167047,-1.3386795620451863,-1.2543592161945014
14.999999999999963,14.799999999999963,0.1999999999999993,3,235.98318673094943,215.56602134687276,16.176667269734484,17.407631603446806,22.15792854442134,22.535174476605725,-0.37724593218438685,-1.3585072068712414,-1.2754287315891866
15.099999999999962,14.899999999999963,0.1999999999999993,3,237.5862428271077,217.29383089146646,16.030560961582676,17.278095445937083,22.020221480234937,22.407631603446806,-0.3874101232118683,-1.3770706418641296,-1.2953615750972378
15.199999999999962,14.999999999999963,0.1999999999999993,3,239.17461160988663,219.00849860147738,15.883687827789256,17.14667710010941,21.88078071842017,22.278095445937083,-0.397314727516914,-1.3944076181478273,-1.314183458276719
15.299999999999962,15.099999999999962,0.1999999999999993,3,240.74822349798762,220.70984708471752,15.73611888100991,17.013484832401492,21.73972489651024,22.14667710010941,-0.4069522035991717,-1.4105582190995012,-1.3319226770791868
15.399999999999961,15.199999999999962,0.1999999999999993,3,242.30701554108475,222.39770947086606,15.587920430971282,16.878623861485362,21.59716845636723,22.013484832401492,-0.4163163760342634,-1.4255644014302096,-1.3486097091612994
15.499999999999961,15.299999999999962,0.1999999999999993,3,243.85093096986495,224.0719290886127,15.439154287801934,16.742196177466365,21.453221498998886,21.878623861485362,-0.42540236248647645,-1.4394695736834286,-1.3642768401899812
15.59999999999996,15.399999999999961,0.1999999999999993,3,245.37991876651571,225.73235912817387,15.289877966507664,16.6043003956115,21.30798967790301,21.742196177466365,-0.43420649956335566,-1.4523182109587012,-1.3789578185486389
15.69999999999996,15.499999999999961,0.1999999999999993,3,246.8940416306274,227.37887150423327,15.141228641116848,16.46512376059403,21.161682502453544,21.6043003956115,-0.44261789315795497,-1.463071754494651,-1.3917663501746984
15.79999999999996,15.59999999999996,0.1999999999999993,3,248.39345907910044,229.01136360515713,14.994174484730282,16.324921009238587,21.014587574867164,21.46512376059403,-0.4505361857268646,-1.470949275863747,-1.40202751355443
15.89999999999996,15.69999999999996,0.1999999999999993,3,249.8784123401933,230.6297632375235,14.849532610928723,16.183996323663678,20.867048735036178,21.324921009238587,-0.4578722742024084,-1.475388398309864,-1.4092468557490954
15.99999999999996,15.79999999999996,0.1999999999999993,3,251.34921088205542,232.23403203925386,14.70798541862109,16.042688017303682,20.719447644531925,21.183996323663678,-0.46454867913175235,-1.4760109050425871,-1.4130830635999458
16.09999999999996,15.89999999999996,0.1999999999999993,3,252.80622042852843,233.8241676024235,14.570095464730032,15.901355631696335,20.572188389274572,21.042688017303682,-0.47049962802910983,-1.4725925525736496,-1.4133238560734747
16.19999999999996,15.99999999999996,0.20000000000000107,3,254.2498523265876,235.40020451784665,14.436318980591427,15.76036915423133,20.425684724164086,20.901355631696333,-0.4756709075322476,-1.4650366511049082,-1.4098647746500503
16.29999999999996,16.09999999999996,0.20000000000000284,3,255.68055414057963,236.9622145274978,14.3070181399205,15.620100096511546,20.280349622732984,20.76036915423133,-0.4800195314983462,-1.4533510143108312,-1.4026905771978382
16.399999999999963,16.19999999999996,0.20000000000000284,3,257.0988013584444,238.5103059474782,14.182472178647892,15.480914199804207,20.136586830946612,20.620100096511546,-0.4835132655649339,-1.4376279178636544,-1.3918589670733905
16.499999999999964,16.29999999999996,0.20000000000000284,3,258.5050901044277,240.04462250332458,14.062887459833066,15.343165558463781,19.99478415694952,20.480914199804207,-0.4861300428546862,-1.4180267399711415,-1.3774864134042564
16.599999999999966,16.399999999999963,0.20000000000000284,3,259.8999307614476,241.56534170076313,13.948406570198795,15.207191974385545,19.855308258123017,20.34316555846378,-0.4878573003407638,-1.3947589882649858,-1.3597358407823705
16.699999999999967,16.499999999999964,0.20000000000000284,3,261.28384241430547,243.07267283833102,13.839116528578563,15.073311375678825,19.71850071354234,20.207191974385545,-0.48869126084320413,-1.3680754458069817,-1.3388059870671876
16.79999999999997,16.599999999999966,0.20000000000000284,3,262.65734803237626,244.56685475343096,13.735056180708117,14.941819150999489,19.584675194045246,20.073311375678827,-0.4886361816335807,-1.3382551949707082,-1.314922246793357
16.89999999999997,16.699999999999967,0.20000000000000284,3,264.02097031730665,246.04815338018173,13.636222849303874,14.81298626750765,19.45411556387569,19.94181915099949,-0.4877035871238,-1.3055963016956156,-1.2883288349183926
16.99999999999997,16.79999999999997,0.20000000000000284,3,265.37522814763014,247.516859185718,13.54257830323466,14.687058055362849,19.32707476744841,19.81298626750765,-0.4859115000592418,-1.2704079642729909,-1.2592821214480137
17.099999999999973,16.89999999999997,0.20000000000000284,3,266.7206335581093,248.97328454123485,13.454054104791366,14.564253555168552,19.20377437239128,19.687058055362847,-0.48328368297156743,-1.233003950571483,-1.22804500194297
17.199999999999974,16.99999999999997,0.20000000000000284,3,268.0576891970666,250.41776107493027,13.370556389573144,14.444765336954081,19.084404655831776,19.564253555168552,-0.4798488993367762,-1.1936971655954078,-1.1948821821447144
17.299999999999976,17.099999999999973,0.20000000000000284,3,269.3868862099988,251.85063704595518,13.291970129321593,14.328759710249205,18.969125135068538,19.44476533695408,-0.47564020188554323,-1.1527952076324883,-1.1600562670487622
17.399999999999977,17.199999999999974,0.20000000000000284,3,270.70870250241177,253.2722747714222,13.218162924129368,14.216377254669988,18.858065456456586,19.328759710249205,-0.47069425379261887,-1.110596786119837,-1.1238245557921789
17.49999999999998,17.299999999999976,0.20000000000000284,3,272.0236013390928,254.6830481323513,13.148988366810602,14.107733609291268,18.751326567670617,19.216377254669986,-0.46505068699936913,-1.0673888878593853,-1.086436453787193
17.59999999999998,17.399999999999977,0.20000000000000284,3,273.332030240976,256.08334017905344,13.084289018832163,14.00292046702121,18.648982108624693,19.107733609291266,-0.45875150066657255,-1.0234445904591052,-1.0481314227005705
17.69999999999998,17.49999999999998,0.20000000000000284,3,274.63442014438124,257.47354085178335,13.02389903405241,13.902006727299035,18.5510799653278,19.002920467021212,-0.45184050169341106,-0.9790214329687998,-1.0091373972217454
17.799999999999983,17.59999999999998,0.20000000000000284,3,275.9311847907396,258.85404482846184,12.967646463583593,13.805039766784661,18.457643938956267,18.902006727299035,-0.44436278834276877,-0.9343602637154422,-0.9696696051437382
17.899999999999984,17.69999999999998,0.20000000000000284,3,277.22272031797684,260.22524950779865,12.915355272371967,13.712046793368163,18.368675489515,18.80503976678466,-0.43636427726966076,-0.8896844944126947,-0.9299297341649861
17.999999999999986,17.799999999999983,0.20000000000000284,3,278.50940502753315,261.5875531331849,12.86684709556336,13.623036253862095,18.284155519734497,18.712046793368163,-0.42789127363366575,-0.8451996978048033,-0.8901053950606755
18.099999999999987,17.899999999999984,0.20000000000000284,3,279.79159930357105,262.94135306020587,12.821942760378974,13.537999270209648,18.204046170386164,18.623036253862097,-0.4189900834759328,-0.8010934934831209,-0.8503698365244632
18.19999999999999,17.999999999999986,0.20000000000000284,3,281.06964566327656,264.28704416850593,12.780463597055304,13.456911083000353,18.12829260307069,18.537999270209646,-0.40970666713895554,-0.7575356731543437,-0.8108818720929527
18.29999999999999,18.099999999999987,0.20000000000000284,3,282.34386891931575,265.62501741696417,12.742232560392033,13.379732484582162,18.056824750809824,18.456911083000353,-0.40008633219052925,-0.7146785226083203,-0.7717859841819209
18.39999999999999,18.19999999999999,0.20000000000000284,3,283.61457643747497,266.9556585396781,12.707075181592268,13.306411227139401,17.989559020510796,18.379732484582163,-0.390173464071367,-0.6726573029898937,-0.7332125744275985
18.499999999999993,18.29999999999999,0.20000000000000284,3,284.88205847431107,268.2793468790593,12.674820368360766,13.23688339381179,17.92639993463297,18.3064112271394,-0.3800112925064312,-0.631590858778635,-0.6952783332761235
18.599999999999994,18.39999999999999,0.20000000000000284,3,286.1465885812749,269.5964543513891,12.64530106963837,13.171074723298107,17.86724170221561,18.236883393811787,-0.3696416915961791,-0.5915823241734195,-0.6580867051368251
18.699999999999996,18.499999999999993,0.20000000000000284,3,287.4084240632635,270.9073445394345,12.6183548198861,13.10890188045396,17.811969711874383,18.171074723298105,-0.359105011423722,-0.5527199034120063,-0.621728428441466
18.799999999999997,18.599999999999994,0.20000000000000284,3,288.6678064809117,272.21237190615324,12.593824176481808,13.050273667187348,17.76046194147716,18.10890188045396,-0.34843993897679937,-0.5150777039721515,-0.586282132666121
18.9,18.699999999999996,0.20000000000000284,3,289.9249621871665,273.511881123104,12.571557062548209,12.995092169507512,17.712590281013263,18.050273667187348,-0.3376833861740849,-0.4787166046391391,-0.5518149767983538
19.0,18.799999999999997,0.20000000000000284,3,291.18010288980514,274.80620650689576,12.551407026386137,12.943253837917483,17.66822176670115,17.99509216950751,-0.32687040280636026,-0.44368514312137464,-0.5183833159002799
19.1,18.9,0.20000000000000284,3,292.43342623256854,276.095671556844,12.533233427633988,12.894650499482568,17.627219725672774,17.94325383791748,-0.3160341122447079,-0.41002041028349545,-0.48603338434915033
19.200000000000003,19.0,0.20000000000000284,3,293.68511638849924,277.38058858693176,12.516901559307088,12.849170300877162,17.589444831655214,17.894650499482566,-0.3052056678273516,-0.3777489401754792,-0.4548019860540592
19.300000000000004,19.1,0.20000000000000284,3,294.9353446598975,278.6612584451848,12.50228271398299,12.806698582530057,17.554756072965745,17.849170300877162,-0.29441422791141747,-0.346887586894173,-0.42471718347104714
19.400000000000006,19.200000000000003,0.20000000000000284,3,296.18427008005597,279.93797031365193,12.489254201584705,12.767118684671486,17.52301163487118,17.806698582530057,-0.28368694765887525,-0.31744438094535177,-0.39579897858571905
19.500000000000007,19.300000000000004,0.20000000000000284,3,297.4320400126028,281.21100158231684,12.47769932546833,12.730312686649201,17.494069698950852,17.767118684671487,-0.2730489857206351,-0.28941935920315487,-0.3680599802228415
19.60000000000001,19.400000000000006,0.20000000000000284,3,298.6787907448867,282.4806177904509,12.467507322839193,12.696162081340434,17.467789162569886,17.7303126866492,-0.2625235240793131,-0.2628053638100081,-0.341506053087663
19.70000000000001,19.500000000000007,0.20000000000000284,3,299.92464807237644,283.7470726291363,12.458573274897006,12.664548386854216,17.444030281925563,17.696162081340432,-0.25213179941486885,-0.23758880644342817,-0.31613694486217697
19.80000000000001,19.60000000000001,0.20000000000000284,3,301.16972787153054,285.0106079989369,12.450797991541103,12.635353698006167,17.422655242394228,17.664548386854214,-0.24189314445998633,-0.21375039531311302,-0.29194688848048356
19.900000000000013,19.70000000000001,0.20000000000000284,3,302.4141366590253,286.27145411696347,12.444087874947376,12.608461180265575,17.403528660088398,17.635353698006167,-0.2318250379177691,-0.19126582305879047,-0.2689251774059169
20.000000000000014,19.80000000000001,0.20000000000000284,3,303.65797213561086,287.52982966786664,12.438354765855422,12.583755509031853,17.386518018647394,17.608461180265575,-0.2219431616181815,-0.17010641441015295,-0.24705671233721313
20.100000000000016,19.900000000000013,0.20000000000000284,3,304.9013237132083,288.7859419935869,12.433515775973946,12.561123257202711,17.37149404534165,17.583755509031853,-0.21226146369020427,-0.15023973305790683,-0.2263225182914276
20.200000000000017,20.000000000000014,0.20000000000000284,3,306.1442730241604,290.03998731699255,12.429493109521175,12.540453234056727,17.35833103057348,17.56112325720271,-0.2027922266292279,-0.1316301476815358,-0.20670023145984262
20.30000000000002,20.100000000000016,0.20000000000000284,3,307.38689441181657,291.29215099484213,12.426213876562107,12.521636778495521,17.34690709482402,17.540453234056727,-0.19354613923270847,-0.11423935749462011,-0.1881645556120503
20.40000000000002,20.200000000000017,0.20000000000000284,3,308.62925540186484,292.5426077958102,12.423609900482603,12.504568009680847,17.337104407022707,17.52163677849552,-0.18453237147281243,-0.09802687801291832,-0.17068768814674087
20.50000000000002,20.30000000000002,0.20000000000000284,3,309.87141715402976,293.79152219961674,12.421617521649294,12.489144038065257,17.32880935821953,17.504568009680845,-0.1757586514613152,-0.08295048803155325,-0.1542397161559002
20.600000000000023,20.40000000000002,0.20000000000000284,3,311.11343489393386,295.0390487135923,12.420177399041153,12.475265139755923,17.32191269431712,17.489144038065255,-0.16723134374813498,-0.06896663902410438,-0.138788983093351
20.700000000000024,20.50000000000002,0.20000000000000284,3,312.355358325074,296.2853322032997,12.419234311401349,12.462834897073845,17.3163096114817,17.475265139755923,-0.1589555282742232,-0.05603082835457407,-0.12430242682077086
20.800000000000026,20.600000000000023,0.20000000000000284,3,313.59723202099843,297.5305082341076,12.418736959244352,12.45176030807873,17.31189981769876,17.462834897073847,-0.15093507937508832,-0.044097937829493006,-0.11074588995113857
20.900000000000027,20.700000000000024,0.20000000000000284,3,314.83909579788457,298.7747034208802,12.418637768861227,12.441951867726244,17.308587563776996,17.451760308078732,-0.14317274430173654,-0.03312253921750319,-0.09808440352487083
21.00000000000003,20.800000000000026,0.20000000000000284,3,316.08098506781397,300.0180357832014,12.418892699293782,12.433323623212024,17.30628164693377,17.441951867726246,-0.13567022079247693,-0.023059168432462585,-0.08628244514220854
21.10000000000003,20.900000000000027,0.20000000000000284,3,317.3229311731234,301.2606151037952,12.4194610530941,12.425793205938087,17.304895389921967,17.433323623212026,-0.1284282332900588,-0.013862570117924022,-0.07530417273936862
21.20000000000003,21.00000000000003,0.20000000000000284,3,318.5649617022782,302.50254328803663,12.420305291548214,12.419281842414142,17.304346598482994,17.425793205938085,-0.12144660745509128,-0.005487914389872728,-0.06511363523944383
21.300000000000033,21.10000000000003,0.20000000000000284,3,319.8071007877702,303.74391472266467,12.421390854920066,12.413714346280587,17.304557499733562,17.419281842414144,-0.11472434268058151,0.0021090125059242126,-0.05567496133555139
21.400000000000034,21.20000000000003,0.20000000000000284,3,321.0493693865865,304.984816632016,12.422685988162872,12.409019093513232,17.305454663921807,17.413714346280585,-0.10825968235877781,0.008971641882284942,-0.04695252767356095
21.500000000000036,21.300000000000033,0.20000000000000284,3,322.29178554383134,306.22532943029034,12.424161572448432,12.405127982743153,17.306968911815318,17.40901909351323,-0.10205018169791202,0.015142478935199932,-0.03891110770079607
21.600000000000037,21.400000000000034,0.20000000000000284,3,323.5343646401093,307.4655270685403,12.42579096277971,12.401976382499868,17.309035209818944,17.405127982743153,-0.0960927729242087,0.020662980036556533,-0.031516002432859125
21.70000000000004,21.500000000000036,0.20000000000000284,3,324.777119623297,308.70547737524663,12.427549831876942,12.399503067062874,17.311592554756658,17.401976382499868,-0.09038382774321008,0.025573449377073842,-0.024733154369945963
21.80000000000004,21.600000000000037,0.20000000000000284,3,326.02006122534317,309.94524238949526,12.429416020461765,12.397650142486468,17.31458385009654,17.399503067062874,-0.08491921696633398,0.029912953398891773,-0.01852924576405357
21.90000000000004,21.70000000000004,0.20000000000000284,3,327.2631981647438,311.1848786859199,12.431369394006554,12.396362964246178,17.31795577524855,17.39765014248647,-0.07969436723792,0.033719251520086146,-0.012871782402891083
22.000000000000043,21.80000000000004,0.20000000000000284,3,328.50653733534045,312.42443769070417,12.433391705966248,12.395590047842502,17.321658649420556,17.39636296424618,-0.0747043148256239,0.03702874172006965,-0.00772916403675623
22.100000000000044,21.90000000000004,0.20000000000000284,3,329.7500839820872,313.6639659880631,12.435466467467073,12.395282973589493,17.32564629138301,17.395590047842504,-0.06994375645949447,0.03987641962457111,-0.003070742530090341
22.200000000000045,22.000000000000043,0.20000000000000284,3,330.99384186442614,314.9035056167343,12.437578823389618,12.39539628671218,17.32987587636302,17.395282973589495,-0.0654070972264762,0.042295849800124685,0.00113313122686165
22.300000000000047,22.100000000000044,0.20000000000000284,3,332.2378134079014,316.14309435611216,12.439715434752415,12.395887393778143,17.334307791167078,17.395396286712177,-0.061088495545099875,0.044319148040235845,0.004911070659638743
22.40000000000005,22.200000000000045,0.20000000000000284,3,333.481999844629,317.38276600175163,12.441864367275768,12.396716456394888,17.338905488516843,17.395887393778143,-0.056981905261299204,0.045976973497625195,0.008290626167450556
22.50000000000005,22.300000000000047,0.20000000000000284,3,334.72640134322734,318.62255063005324,12.444014985983513,12.397846283016019,17.343635341475704,17.396716456394888,-0.0530811149191841,0.047298529588625016,0.011298266211307965
22.60000000000005,22.40000000000005,0.20000000000000284,3,335.97101712879555,319.8624748520148,12.44615785568237,12.399242219615642,17.34846649874231,17.39784628301602,-0.04937978427370737,0.048311572666351665,0.01395936599622765
22.700000000000053,22.50000000000005,0.20000000000000284,3,337.2158455935099,321.10256205600604,12.448284647143922,12.400872039911878,17.353370741495098,17.399242219615644,-0.04587147812054582,0.049042427528279475,0.016298202962350676
22.800000000000054,22.60000000000005,0.20000000000000284,3,338.4608843983902,322.3428326395807,12.450388048802752,12.402705835746762,17.358322342384156,17.400872039911878,-0.042549697527721975,0.049516008890874375,0.018337958348838515
22.900000000000055,22.700000000000053,0.20000000000000284,3,339.70613056676774,323.58330423039683,12.452461683775613,12.404715908161084,17.363297927187034,17.40270583574676,-0.039407908559727645,0.0497558480288518,0.02010072414321762
23.000000000000057,22.800000000000054,0.20000000000000284,3,340.95158056996775,324.8239918963607,12.454500032000055,12.406876659638693,17.36827633957091,17.404715908161084,-0.036439568590171945,0.049784123838971794,0.021607514776091463
23.10000000000006,22.900000000000055,0.20000000000000284,3,342.1972304056964,326.06490834515427,12.456498357286781,12.40916448793539,17.373238509335692,17.40687665963869,-0.033638150302998326,0.04962169764808877,0.022878282966971857
23.20000000000006,23.000000000000057,0.20000000000000284,3,343.4430756696042,327.3060641133395,12.458452639077645,12.411557681852496,17.37816732444992,17.409164487935392,-0.030997163485473322,0.04928815114225493,0.023931939171067285
23.30000000000006,23.10000000000006,0.20000000000000284,3,344.68911162047425,328.547467745266,12.460359508700419,12.414036319264442,17.383047507134734,17.411557681852496,-0.028510174717762737,0.04880182684792267,0.02478637411945677
23.400000000000063,23.20000000000006,0.20000000000000284,3,345.9353332394655,329.7891259620323,12.46221618991211,12.416582167663009,17.387865494199502,17.41403631926444,-0.02617082506493773,0.04817987064766882,0.02545848398566619
23.500000000000064,23.30000000000006,0.20000000000000284,3,347.18173528381794,331.0310438207761,12.464020443524431,12.419178587438054,17.392609321785642,17.41658216766301,-0.023972845877366922,0.04743827586142224,0.025964197750454332
23.600000000000065,23.400000000000063,0.20000000000000284,3,348.42831233540875,332.27322486458365,12.465770515907861,12.421810438075367,17.39726851463263,17.419178587438054,-0.021910072805425784,0.04659192846980709,0.02631850637313278
23.700000000000067,23.500000000000064,0.20000000000000284,3,349.6750588445262,333.5156712633253,12.467465091174496,12.424463987416654,17.401833979942523,17.42181043807537,-0.01997645813284521,0.045654653099129305,0.02653549341288084
23.800000000000068,23.600000000000065,0.20000000000000284,3,350.9219691692106,334.75838394573475,12.469103246844224,12.427126824094293,17.40629790588531,17.424463987416654,-0.018166081531344247,0.0446392594275693,0.02662836677638332
23.90000000000007,23.700000000000067,0.20000000000000284,3,352.169037610491,336.0013627230572,12.470684412803879,12.429787773224156,17.41065366475624,17.427126824094294,-0.016473159338055154,0.043557588709585815,0.026609491298641076
24.00000000000007,23.800000000000068,0.20000000000000284,3,353.41625844382844,337.2446064045985,12.472208333374464,12.432436815413535,17.414895720771256,17.429787773224156,-0.014892052452900373,0.04242056015030826,0.026490421893796426
24.100000000000072,23.90000000000007,0.20000000000000284,3,354.6636259470592,338.48811290551026,12.473675032307446,12.435065009117404,17.41901954246066,17.432436815413535,-0.013417272952874981,0.04123821689391072,0.026281937038691083
24.200000000000074,24.00000000000007,0.20000000000000284,3,355.9111344251129,339.73187934714576,12.475084780537284,12.437664416355256,17.423021519602628,17.4350650091174,-0.012043489514773853,0.04001977141988,0.02599407237851708
24.300000000000075,24.100000000000072,0.20000000000000284,3,357.15877823176527,340.975902150324,12.476438066523768,12.440228031781949,17.426898884619504,17.437664416355254,-0.01076553173574979,0.038773650168511864,0.025636154266934597
24.400000000000077,24.200000000000074,0.20000000000000284,3,358.4065517886677,342.22017712183293,12.477735569024242,12.44274971508942,17.43064963834371,17.44022803178195,-0.00957839343823963,0.037507537242293054,0.02521683307471463
24.500000000000078,24.300000000000075,0.20000000000000284,3,359.65444960188194,343.4646995345031,12.47897813214247,12.445224126701643,17.434272480049003,17.44274971508942,-0.00847723504041653,0.03622841705305113,0.02474411612223264
24.60000000000008,24.400000000000077,0.20000000000000284,3,360.9024662761327,344.70946420117434,12.480166742507501,12.44764666671251,17.437766741629616,17.445224126701643,-0.007457385072026312,0.03494261580585878,0.02422540010867387
24.70000000000008,24.500000000000078,0.20000000000000284,3,362.150596526977,345.95446554287486,12.481302508442559,12.45001341700542,17.44113232580264,17.447646666712508,-0.006514340909866689,0.03365584173004876,0.023667502929105667
24.800000000000082,24.60000000000008,0.20000000000000284,3,363.39883519107605,347.19969765152325,12.482386640990622,12.452321086484025,17.44436964820119,17.450013417005422,-0.005643768804233673,0.032373223985201705,0.02307669478604453
24.900000000000084,24.70000000000008,0.20000000000000284,3,364.647177234743,348.4451543474568,12.48342043666981,12.454566959335676,17.447479583219774,17.452321086484027,-0.004841503264252367,0.031099350185785468,0.022458728516502192
25.000000000000085,24.800000000000082,0.20000000000000284,3,365.8956177609268,349.69082923208106,12.484405261838118,12.456748846242588,17.450463413470004,17.454566959335676,-0.004103545865671521,0.02983830250244246,0.02181886906911821
25.100000000000087,24.900000000000084,0.20000000000000284,3,367.14415201478215,350.9367157359261,12.485342538553356,12.458865038450375,17.453322782701093,17.45674884624259,-0.00342606354149666,0.028593692310767693,0.021161922077865825
25.200000000000088,25.000000000000085,0.20000000000000284,3,368.39277538796415,352.18280716238604,12.486233731820207,12.460914264599346,17.45605965203805,17.458865038450377,-0.002805386412326527,0.02736869336983183,0.020492261489702204
25.30000000000009,25.100000000000087,0.20000000000000284,3,369.6414834217764,353.42909672740814,12.48708033812228,12.462895650220732,17.45867625939036,17.460914264599346,-0.002238005208987204,0.02616607352293343,0.019813856213853145
25.40000000000009,25.200000000000088,0.20000000000000284,3,370.8902718092907,354.6755775953879,12.487883875142828,12.464808679797592,17.461175081882573,17.46289565022073,-0.001720568338157591,0.024988224922095625,0.019130295768597705
25.500000000000092,25.30000000000009,0.20000000000000284,3,372.139136396549,355.9222429115168,12.488645872583332,12.466653161288628,17.463558801161128,17.464808679797592,-0.0012498786364645298,0.023837192785739703,0.0184448149103595
25.600000000000094,25.40000000000009,0.20000000000000284,3,373.38807318294846,357.169085830818,12.489367863994548,12.468429193012254,17.465830271431685,17.466653161288626,-0.0008228898569413445,0.022714702705920686,0.017760317236265876
25.700000000000095,25.500000000000092,0.20000000000000284,3,374.63707832090245,358.4160995440968,12.490051379539736,12.47013713278806,17.46799249008444,17.468429193012255,-0.0004367029278142809,0.021622186527482157,0.017079397758078586
25.800000000000097,25.600000000000094,0.20000000000000284,3,375.88614811486394,359.6632773010201,12.490697939614833,12.471777569233156,17.47004857076712,17.47013713278806,-8.856202094165155e-05,0.020560806826772193,0.01640436445094693
25.900000000000098,25.700000000000095,0.20000000000000284,3,377.13527901978944,360.9106124305313,12.49130904925497,12.47335129511171,17.47200171876932,17.471777569233154,0.00022414953616589628,0.019531480021813152,0.015737258785533472
26.0000000000001,25.800000000000097,0.20000000000000284,3,378.3844676391156,362.15809835879503,12.49188619326135,12.474859282637311,17.473855208584325,17.473351295111712,0.0005039134726132488,0.018534898149638934,0.015079875256017772
26.1000000000001,25.900000000000098,0.20000000000000284,3,379.6337107223143,363.40572862485794,12.492430831986788,12.476302660629367,17.475612363519247,17.47485928263731,0.0007530808819353751,0.017571549349476356,0.014433779920548773
26.200000000000102,26.0000000000001,0.20000000000000284,3,380.88300516208653,364.6534968942006,12.49294439772235,12.477682693426766,17.47727653722859,17.476302660629365,0.0009738765992253207,0.016641737092983888,0.01380032797399977
26.300000000000104,26.1000000000001,0.20000000000000284,3,382.1323479912497,365.90139697034704,12.493428291631426,12.479000761464254,17.478851097049073,17.477682693426765,0.0011684036223087446,0.015745598204659927,0.013180680374882315
26.400000000000105,26.200000000000102,0.20000000000000284,3,383.3817363793678,367.149422804689,12.49388388118132,12.480258343419445,17.480339409020758,17.479000761464256,0.0013386475565013711,0.014883119717065796,0.012575819551903324
26.500000000000107,26.300000000000104,0.20000000000000284,3,384.63116762917036,368.3975685046731,12.494312498025925,12.481456999841061,17.481744824481382,17.480258343419443,0.0014864810619386049,0.014054154606480296,0.01198656421615354
26.600000000000108,26.400000000000105,0.20000000000000284,3,385.8806391728,369.64582834049025,12.494715436296401,12.482598358171781,17.483070668126913,17.48145699984106,0.0016136682858522988,0.013258436455339861,0.01141358330719804
26.70000000000011,26.500000000000107,0.20000000000000284,3,387.13014856792597,370.89419675039846,12.495093951259914,12.483684099082028,17.484320227435717,17.48259835817178,0.0017218692639353606,0.01249559308813275,0.010857409102473882
26.80000000000011,26.600000000000108,0.20000000000000284,3,388.3796934937569,372.14266834480185,12.495449258309485,12.484715944034045,17.485496743358453,17.483684099082026,0.0018126442764270223,0.011765159227456579,0.010318449520178775
26.900000000000112,26.70000000000011,0.20000000000000284,3,389.629271746982,373.3912379092017,12.49578253225074,12.485695643998685,17.48660340218015,17.484715944034043,0.00188745814610769,0.011066588216694484,0.009796999646409432
27.000000000000114,26.80000000000011,0.20000000000000284,3,390.87888123766743,374.63990040612674,12.496094906854049,12.486624969250466,17.48764332846571,17.485695643998685,0.001947684467022981,0.010399262855363745,0.009293252517802487
27.100000000000115,26.900000000000112,0.20000000000000284,3,392.12851998513173,375.8886509761437,12.496387474642965,12.487505700169592,17.48861957900499,17.486624969250464,0.0019946097545258112,0.009762505392499676,0.008807309191262647
27.200000000000117,27.000000000000114,0.20000000000000284,3,393.37818611382096,377.137484938042,12.496661286892218,12.488339618982785,17.48953513767725,17.487505700169592,0.0020294375076588267,0.009155586722625841,0.008339188131930086
27.300000000000118,27.100000000000115,0.20000000000000284,3,394.62787784920204,378.3863977882798,12.496917353810675,12.489128502377879,17.49039291116003,17.488339618982785,0.002053292177244259,0.008577734827889927,0.007888833950934072
27.40000000000012,27.200000000000117,0.20000000000000284,3,395.8775935136907,379.6353851997728,12.497156644886733,12.48987411493024,17.491195725410932,17.48912850237788,0.002067223033051846,0.008028142508853975,0.007456125523609103
27.50000000000012,27.300000000000118,0.20000000000000284,3,397.12733152262825,380.88444302010106,12.497380089375477,12.490578203282118,17.491946322855426,17.489874114930238,0.002072207925188252,0.007505974445237484,0.007040883518784114
27.600000000000122,27.40000000000012,0.20000000000000284,3,398.37709038031915,382.13356726920296,12.497588576908765,12.491242491019047,17.492647360218086,17.49057820328212,0.002069156935966987,0.007010373626647137,0.0066428773693012035
27.700000000000124,27.50000000000012,0.20000000000000284,3,399.62686867614025,383.382754136622,12.497782958210973,12.491868674190314,17.49330140693729,17.491242491019047,0.002058915918244253,0.006540467191925359,0.006261831712662414
27.800000000000125,27.600000000000122,0.20000000000000284,3,400.87666508073073,384.6319999783643,12.497964045904789,12.492458417423393,17.493910944108734,17.491868674190314,0.0020422699184194926,0.006095371714474496,0.005897432330789343
27.900000000000126,27.700000000000124,0.20000000000000284,3,402.12647834227,385.88130131342285,12.498132615392738,12.493013350585054,17.49447836390567,17.492458417423393,0.002019946482278101,0.005674197969344874,0.00554933161661495
28.000000000000128,27.800000000000125,0.20000000000000284,3,403.3763072828501,387.1306548200173,12.498289405801584,12.493535065944487,17.495005969427268,17.493013350585052,0.0019926188422161317,0.005276055216530295,0.0052171535943323025
28.10000000000013,27.900000000000126,0.20000000000000284,3,404.62615079494793,388.38005733159696,12.498435120977879,12.494025115796466,17.495495974930634,17.493535065944485,0.0019609089861489792,0.004900055033392192,0.004900498519788243
28.20000000000013,28.000000000000128,0.20000000000000284,3,405.87600783800036,389.62950583264745,12.49857043052416,12.494485010505029,17.495950506403403,17.494025115796468,0.0019253906069351956,0.0045453147276930395,0.004598947085622029
28.300000000000132,28.10000000000013,0.20000000000000284,3,407.125877435087,390.8789974543405,12.498695970866276,12.494916216930653,17.496371602439524,17.49448501050503,0.0018865919344932536,0.004210960361247018,0.004312064256244242
28.400000000000134,28.20000000000013,0.20000000000000284,3,408.37575866972134,392.1285294700611,12.498812346343382,12.49532015720618,17.496761215380843,17.494916216930655,0.0018449984501884842,0.003896129412728655,0.004039402755277166
28.500000000000135,28.300000000000132,0.20000000000000284,3,409.6256506827526,393.378099290844,12.498920130312925,12.495698207828987,17.497121212691525,17.49532015720618,0.0018010554853447047,0.0035999731067448693,0.0037805062280682478
28.600000000000136,28.400000000000134,0.20000000000000284,3,410.87555266937903,394.6277044607479,12.499019866263938,12.496051699039086,17.497453378535056,17.495698207828987,0.0017551707060690092,0.0033216584349506917,0.003534912100995058
28.700000000000138,28.500000000000135,0.20000000000000284,3,412.1254638762723,395.87734265219336,12.499112068932549,12.496381914454828,17.4977594155244,17.496051699039086,0.0017077164853134263,0.003060369893463033,0.0033021541574271398
28.80000000000014,28.600000000000136,0.20000000000000284,3,413.37538359881376,397.1270116612873,12.499197225414436,12.496690090939875,17.498040946620392,17.49638191445483,0.001659032165562735,0.002815310959608297,0.0030817648504680053
28.90000000000014,28.700000000000138,0.20000000000000284,3,414.6253111784407,398.376709403155,12.499275796269549,12.496977418676925,17.498299517153384,17.496690090939875,0.0016094262135091242,0.0025857053296736154,0.0028732773704934545
29.000000000000142,28.80000000000014,0.20000000000000284,3,415.8752460001022,399.62643390729755,12.49934821661501,12.497245041425485,17.49853659694719,17.496977418676927,0.001559178270262862,0.002370797938084479,0.0026762274855990143
29.100000000000144,28.90000000000014,0.20000000000000284,3,417.12518748982245,400.8761833129918,12.499414897202662,12.49749405694263,17.4987535825249,17.497245041425487,0.0015085410994117865,0.002169855777177432,0.0024901551714478385
29.200000000000145,29.000000000000142,0.20000000000000284,3,418.3751351123703,402.1259558647466,12.499476225478197,12.497725517547266,17.49895179937846,17.497494056942628,0.0014577424358321878,0.001982168535567652,0.0023146060463702157
29.300000000000146,29.100000000000144,0.20000000000000284,3,419.6250883690322,403.3757499078276,12.49953256661926,12.497940430809944,17.499132504285626,17.497725517547266,0.0014069867383597057,0.0018070490719939158,0.002149132626774986
29.400000000000148,29.200000000000145,0.20000000000000284,3,420.8750467954872,404.62556388386275,12.499584264550332,12.498139760351659,17.499296887659625,17.497940430809944,0.0013564568496811091,0.0016438337403883452,0.001993295417151231
29.50000000000015,29.300000000000146,0.20000000000000284,3,422.12500995978047,405.8753963265364,12.499631642932554,12.498324426736433,17.499446075917717,17.49813976035166,0.0013063155660582026,0.0014918825808951652,0.0018466638477452335
29.60000000000015,29.400000000000148,0.20000000000000284,3,423.37497746039315,407.1252458573808,12.499675006126981,12.498495308443692,17.499581133856736,17.49832442673643,0.0012567071203051228,0.0013505793905483898,0.0017088170725912733
29.700000000000152,29.50000000000015,0.20000000000000284,3,424.62494892440617,408.37511118167157,12.499714640130081,12.498653242907688,17.499703067025393,17.498495308443694,0.0012077585816996361,0.0012193316863893244,0.0015793446399612777
29.800000000000153,29.60000000000015,0.20000000000000284,3,425.8749240057542,409.6249910844328,12.499750813480516,12.498799027612263,17.499812824082653,17.498653242907686,0.0011595811749671725,0.0010975705728277774,0.0014578470457458081
29.900000000000155,29.700000000000152,0.20000000000000284,3,427.12490238356787,410.8748844265558,12.499783778136553,12.498933421230346,17.49991129913508,17.498799027612264,0.0011122715228140123,0.0009847505242905896,0.001343936180839478
30.000000000000156,29.800000000000153,0.20000000000000284,3,428.37488376060026,412.12479014103565,12.499813770323591,12.49905714479851,17.499999334044446,17.498933421230348,0.001065912814098624,0.0008803490932454139,0.0012372356816456433
