time,slave_id,predecessor_position,slave_position,predecessor_velocity,slave_velocity,actual_distance,desired_distance,distance_error,velocity_error,acceleration
5.099999999999998,3,45.80573201659707,-72.4763908083187,25.572566449790223,25.23609191681307,120.80573201659706,25.0,95.80573201659706,5.572566449790223,52.36091916813071
5.1999999999999975,3,48.34206164762124,-69.49885217879432,25.363296310241715,29.775386295243706,120.81845245593993,30.23609191681307,90.58236053912687,0.1272043934286451,45.39294378430635
5.299999999999997,3,50.85762767598974,-66.13036588956471,25.15566028368495,33.684862892296024,120.35647985478406,34.775386295243706,85.58109355954035,-4.6197260115587575,39.09476597052317
5.399999999999997,3,53.352656548564816,-62.42776539593831,24.950288725750788,37.02600493626408,119.48302243812952,38.684862892296024,80.7981595458335,-8.734574166545237,33.41142043968056
5.4999999999999964,3,55.82743043593859,-58.442245076334046,24.74773887373772,39.85520319604261,118.2551958318769,42.02600493626408,76.22919089561282,-12.27826606252636,28.29198259778532
5.599999999999996,3,58.282280418186076,-54.21983177222594,24.548499822474863,42.22413304108107,116.72452549452012,44.85520319604261,71.86932229847751,-15.306703373567746,23.68929845038456
5.699999999999996,3,60.717580151049475,-49.80182115940644,24.352997328633965,44.180106128195014,114.93741192327542,47.22413304108107,67.71327888219434,-17.871135712447103,19.55973087113949
5.799999999999995,3,63.13373999428111,-45.225181333026505,24.161598432316307,45.766398263799346,112.93556115368754,49.180106128195014,63.75545502549253,-20.018507695878707,15.862921356043298
5.899999999999995,3,65.53120158305211,-40.52292584239389,23.974615887709945,47.02255490632616,110.75638291607862,50.766398263799346,59.989984652279276,-21.7917823760894,12.561566425268115
5.999999999999995,3,67.91043282277244,-35.72445827304006,23.792312397203194,47.98467569353833,108.43335866516632,52.02255490632616,56.41080375884017,-23.230242509122963,9.621207872121712
6.099999999999994,3,70.27192328733136,-30.85589034273565,23.614904645589284,48.68567930304406,105.99638156037142,52.98467569353833,53.01170586683309,-24.369771047949044,7.010036095057309
6.199999999999994,3,72.61618000062533,-25.94033535459049,23.442567132939722,49.15554988145156,103.47207034336098,53.68567930304406,49.78639104031692,-25.24311217010434,4.698705784074988
6.299999999999994,3,74.94372358126448,-20.9981787337738,23.27543580639145,49.42156620816692,100.88405893585497,54.15554988145156,46.7285090544034,-25.880114075060114,2.66016326715361
6.399999999999993,3,77.25508473051592,-16.047327264401712,23.113611492514416,49.50851469372086,98.25326346428972,54.42156620816692,43.831697256122794,-26.307954715652507,0.8694848555393904
6.499999999999993,3,79.55080104382871,-11.103438539441822,22.957163133127906,49.438887249598906,95.59812830823043,54.50851469372086,41.08961361450957,-26.551351560592956,-0.6962744412195825
6.5999999999999925,3,81.8314141266727,-6.180132038768625,22.806130828439876,49.23306500673196,92.93485266611452,54.438887249598906,38.49596541651562,-26.63275642115903,-2.058222428669417
6.699999999999992,3,84.09746699589422,-1.289183158471908,22.66052869221521,48.90948880296717,90.27759903466284,54.23306500673196,36.04453402793088,-26.572536314516753,-3.235762037647966
6.799999999999992,3,86.34950174832984,3.559298572115095,22.520347524356264,48.484817305870024,87.63868490680176,53.90948880296717,33.72919610383459,-26.389141278610904,-4.2467149709714285
6.8999999999999915,3,88.58805747901184,8.35670593071483,22.385557306819887,47.974073585997346,85.02875890689674,53.484817305870024,31.543941601026717,-26.099259999050137,-5.107437198726753
6.999999999999991,3,90.81366843193341,13.095784021436415,22.256109529215646,47.39078090721587,82.45696250121858,52.974073585997346,29.48288891522124,-25.7179640567817,-5.832926787814742
7.099999999999991,3,93.02686236700791,17.770492866898014,22.13193935074497,46.74708845461598,79.93107834557149,52.39078090721587,27.540297438355623,-25.258841556470898,-6.436924525998908
7.19999999999999,3,95.22815912754425,22.375881634595743,22.012967605363393,46.05388767697728,77.45766626064623,51.74708845461598,25.71057780603026,-24.734120849252584,-6.932007776386939
7.29999999999999,3,97.41806939326324,26.907973622543622,21.899102657189996,45.32091987947881,75.0421877586675,51.05388767697728,23.988300081690213,-24.154785019787287,-7.329677974984726
7.39999999999999,3,99.59709360458929,31.36366118887459,21.790242113260476,44.55687566330968,72.68911998204567,50.32091987947881,22.36820010256686,-23.530677766218332,-7.640442161691237
7.499999999999989,3,101.76572104466251,35.74060986606733,21.686274400732188,43.7694867719274,70.40205985578793,49.55687566330968,20.845184192478243,-22.870601262577495,-7.873888913822874
7.599999999999989,3,103.92442906622352,40.037170952950675,21.587080215610115,42.96561086883345,68.1838192001562,48.7694867719274,19.414332428228796,-22.182406556317282,-8.038759030939428
7.699999999999989,3,106.07368245122147,44.25230192683038,21.492533849979477,42.151309738797,66.0365114982708,47.96561086883345,18.070900629437347,-21.473077018853974,-8.143011300364506
7.799999999999988,3,108.21393289168252,48.38549406416686,21.402504404610518,41.33192137336484,63.96163096485214,47.151309738797,16.810321226055137,-20.748805334186486,-8.19388365432162
7.899999999999988,3,110.34561858104755,52.43670670138321,21.31685689365027,40.51212637216347,61.96012451688068,46.33192137336484,15.62820314351584,-20.01506447971457,-8.197950012013738
7.999999999999988,3,112.46916390584154,56.40630760776724,21.235453247939898,39.69600906384033,60.03245720445833,45.51212637216347,14.52033083229486,-19.276673124223574,-8.16117308323143
8.099999999999987,3,114.58497922817152,60.29501898020977,21.15815322329975,38.88711372442528,58.17867162040428,44.69600906384033,13.482662556563952,-18.53785584054058,-8.088953394150488
8.199999999999987,3,116.69346075016269,64.10386860484383,21.084815219911697,38.08849624634057,56.39844176995292,43.88711372442528,12.511328045527641,-17.80229850451358,-7.986174780847044
8.299999999999986,3,118.794990452033,67.83414576366103,21.01529701870316,37.30277158817201,54.69112184718918,43.08849624634057,11.602625600848611,-17.07319922763741,-7.857246581685622
8.399999999999986,3,120.88993609607334,71.48736149501728,20.94945644040338,36.532157313562536,53.055790332412315,42.30277158817201,10.753018744240308,-16.353315147768626,-7.7061427460947485
8.499999999999986,3,122.97865128934356,75.06521284573047,20.887151932702185,35.7785135071319,51.49128979432628,41.532157313562536,9.959132480763742,-15.64500538086035,-7.5364380643064095
8.599999999999985,3,125.06147559841332,78.56955077933995,20.828243090697672,35.04337933609471,49.99626275268285,40.7785135071319,9.217749245550955,-14.950270416434225,-7.351341710371903
8.699999999999985,3,127.13873470997073,82.00235143015793,20.772591115574055,34.32800650817986,48.569183930630786,40.04337933609471,8.525804594536076,-14.270788220520654,-7.153728279148485
8.799999999999985,3,129.21074063159134,85.36569041610639,20.7200592162059,33.63338985948462,47.208389201433405,39.32800650817986,7.880382693253544,-13.60794729197396,-6.9461664869523965
8.899999999999984,3,131.27779192740556,88.66171994510319,20.67051295814232,32.960295289967966,45.91210151129917,38.63338985948462,7.278711651814547,-12.962876901342302,-6.730945695166568
8.999999999999984,3,133.34017398382406,91.89264847003749,20.62382056418512,32.309285249342985,44.67845403872087,37.960295289967966,6.718158748752906,-12.336474725782846,-6.5101004062498244
9.099999999999984,3,135.39815930087806,95.06072266624885,20.579853170540048,31.68074196211363,43.50551083084058,37.309285249342985,6.196225581497593,-11.729432078802937,-6.285432872293553
9.199999999999983,3,137.45200780510714,98.16821152298536,20.538485042290883,31.074888567365043,42.391285138858294,36.68074196211363,5.710543176744665,-11.142256919822746,-6.058533947485865
9.299999999999983,3,139.50196718027942,101.21739235664637,20.499593751722863,30.49180833661012,41.33375565729406,36.07488856736504,5.258867089929019,-10.57529481564218,-5.830802307549236
9.399999999999983,3,141.54827321256,104.21053856879347,20.463060322805724,29.931462121470943,40.33088085591362,35.49180833661012,4.8390725193035,-10.028748013804396,-5.603462151391767
9.499999999999982,3,143.59115014705375,107.14990898601224,20.4287693449377,29.39370417218775,39.380611578260286,34.93146212147094,4.449149456789343,-9.502692776533245,-5.3775794928319245
9.599999999999982,3,145.6308110529388,110.037738631798,20.39660905885061,28.87829645785772,38.480902066926575,34.39370417218775,4.0871978947388214,-8.997095113337139,-5.1540771433003005
9.699999999999982,3,147.66745819467712,112.8762307927851,20.366471417383075,28.384921609870815,37.62971956287912,33.878296457857715,3.751423105021402,-8.511825040474644,-4.933748479869014
9.799999999999981,3,149.7012834070415,115.66755025290429,20.33825212364381,27.913194601191936,36.82505261425641,33.384921609870815,3.4401310043855915,-8.046669486227007,-4.71727008678881
9.89999999999998,3,151.73246847193255,118.41381757949442,20.311850648910397,27.46267326590123,36.06491821902826,32.91319460119193,3.151723617836325,-7.601343952281539,-4.505213352907069
9.99999999999998,3,153.7611854951766,121.11710435506576,20.287170232440342,27.032867755713408,35.34736791568217,32.46267326590123,2.88469464978094,-7.175503033460888,-4.298055101878241
10.09999999999998,3,155.78748890669772,123.77942004549269,20.2630341152113,26.623156904269166,34.670384551631955,32.03286775571341,2.6375167959185433,-6.769833640502107,-4.097108514442414
10.19999999999998,3,157.81133234389324,126.40270173263175,20.23843437195528,26.232816871390625,34.031912298400556,31.623156904269166,2.40875539413139,-6.384722532313887,-3.9034003287854153
10.29999999999998,3,159.8325837565609,128.9888063235758,20.212514126676574,25.861045909440428,33.42988202392914,31.232816871390625,2.1970651525385136,-6.020302744714051,-3.717709619501985
10.399999999999979,3,161.85103889158543,131.53950489133913,20.184551350245382,25.506985677633285,32.86223256800963,30.861045909440428,2.0011866585692033,-5.676494559195046,-3.5406023180714348
10.499999999999979,3,163.86643330322212,134.05647884028357,20.15394411636705,25.16973948944447,32.32692841188299,30.506985677633285,1.8199427342497039,-5.3530415612662345,-3.3724618818881362
10.599999999999978,3,165.87845302329814,136.5413176243864,20.120197200760092,24.848387841028224,31.82197418301456,30.16973948944447,1.6522346935700902,-5.049542288684378,-3.213516484162458
10.699999999999978,3,167.88674401493867,138.99551777783986,20.08290991640548,24.542001534534606,31.345426390552262,29.848387841028224,1.4970385495240386,-4.7654779246227434,-3.0638630649361756
10.799999999999978,3,169.8909205234665,141.42048304575474,20.041765085278097,24.249652679148685,30.895402745626626,29.542001534534606,1.3534012110920202,-4.500236449256509,-2.923488553859197
10.899999999999977,3,171.89057242887256,143.81752542818876,19.996519054060666,23.970423824340102,30.470089383117823,29.249652679148685,1.2204367039691384,-4.253133625088019,-2.792288548085846
10.999999999999977,3,173.88527169567186,146.18786697358772,19.9469926679931,23.703415453989493,30.067746267483102,28.970423824340102,1.0973224431429998,-4.0234311563470015,-2.6700837035061014
11.099999999999977,3,175.87457800799658,148.53264217824284,19.893063123247188,23.447752046551077,29.68671103440886,28.703415453989493,0.9832955804193659,-3.8103523307423046,-2.556634074384161
11.199999999999976,3,177.85804367040248,150.85290086674604,19.83465662405899,23.20258688503214,29.325401492159642,28.447752046551077,0.8776494456085651,-3.613095422492087,-2.4516516151893875
11.299999999999976,3,179.8352178480344,153.14961144486082,19.771741776319367,22.96710578114793,28.982316981288363,28.20258688503214,0.7797300962562232,-3.4308451087127736,-2.3548110388421075
11.399999999999975,3,181.80565021347806,155.42366443089927,19.704323654436493,22.74052986038448,28.656038768617236,27.96710578114793,0.6889329874693075,-3.2627821267114356,-2.265759207634495
11.499999999999975,3,183.76889406178427,157.67587618477162,19.632438483062014,22.52211753872371,28.345229630885,27.74052986038448,0.6046997705005204,-3.1080913773224665,-2.184123216607713
11.599999999999975,3,185.7245089497576,159.9069927655034,19.556148879733176,22.31116580731758,28.048632764985967,27.52211753872371,0.5265152262622586,-2.9659686589905334,-2.1095173140612977
11.699999999999974,3,187.672062910622,162.11769385833477,19.475539608644205,22.10701092831376,27.765070145118614,27.31116580731758,0.4539043378010348,-2.835626198673374,-2.041548790038182
11.799999999999974,3,189.61113429058588,164.30859672165644,19.39071379963879,21.90902863321663,27.493440432251106,27.10701092831376,0.38642950393734665,-2.71629712867497,-1.979822950971303
11.899999999999974,3,191.54131324959866,166.48026011210703,19.30178959012777,21.716633904505798,27.232716527942216,26.90902863321663,0.32368789472558746,-2.6072390430888603,-1.9239472871082945
11.999999999999973,3,193.46220296469843,168.63318815326997,19.208897150997725,21.529280411629433,26.981942852591402,26.716633904505798,0.2653089480856039,-2.5077367535080732,-1.873534928763657
12.099999999999973,3,195.37342057076864,170.76783411965485,19.112176060702076,21.346459663848705,26.740232417498675,26.529280411629433,0.2109520058692418,-2.4171043509273566,-1.8282074778072646
12.199999999999973,3,197.2745978702317,172.88460411311962,19.01177299463066,21.16769993464767,26.50676375057685,26.346459663848705,0.16030408672814644,-2.334686669218044,-1.7875972920103622
12.299999999999972,3,199.16538184018674,174.9838606136657,18.907839699550287,20.99256500546085,26.280777727067118,26.16769993464767,0.11307779241944971,-2.2598602350973813,-1.7513492918681803
12.399999999999972,3,201.04543496272774,177.06592589068939,18.800531225410115,20.82065277023685,26.061574349062028,25.99256500546085,0.06900934360117716,-2.1920337800507355,-1.7191223522399999
12.499999999999972,3,202.9144354016402,179.13108526436775,18.69000438912449,20.65159373678356,25.848509510950805,25.82065277023685,0.027856740713954053,-2.130648381112362,-1.6905903345329127
12.599999999999971,3,204.77207704634952,181.17959020995457,18.57641644709334,20.485049455868253,25.640991781981768,25.65159373678356,-0.010601954801792601,-2.0751772896902203,-1.6654428091530726
12.69999999999997,3,206.6180694418703,183.21166130041635,18.459923955207767,20.320710904617787,25.43847923191572,25.485049455868253,-0.046570223952532075,-2.0251255006604865,-1.6433855125046553
12.79999999999997,3,208.4521376215629,185.22749098509925,18.340681796926297,20.158296846828907,25.24047632114656,25.320710904617787,-0.0802345834712277,-1.9800291076914895,-1.6241405778888056
12.89999999999997,3,210.27402185773343,187.22724620403017,18.218842361705306,19.997552189309282,25.04653087263418,25.158296846828907,-0.11176597419472856,-1.9394544851236013,-1.6074465751962455
12.99999999999997,3,212.08347734349692,189.2110708390585,18.094554857634844,19.8382463502832,24.856231139466757,24.997552189309282,-0.14132104984252436,-1.9029973316744382,-1.5930583902608129
13.09999999999997,3,213.88027381785463,191.17908800437573,17.96796474357706,19.680171653172355,24.669202978796136,24.8382463502832,-0.1690433714870636,-1.8702816067061399,-1.5807469711084439
13.199999999999969,3,215.66419514459835,193.13140218004233,17.839213267437223,19.523141756666057,24.485107140222624,24.680171653172355,-0.19506451294973104,-1.8409583857351315,-1.5702989650629708
13.299999999999969,3,217.43503885444082,195.06810119303165,17.708437098424533,19.366990129893356,24.30363667439849,24.523141756666057,-0.21950508226756682,-1.8147046582415243,-1.561516267727003
13.399999999999968,3,219.19261565866972,196.98925805099887,17.575768042289003,19.211568579672242,24.12451446563807,24.366990129893356,-0.24247566425528433,-1.7912220876043534,-1.554215502211125
13.499999999999968,3,220.93674894162558,198.89493263451996,17.441332829558675,19.05674583521088,23.94749089062671,24.211568579672242,-0.2640776890455321,-1.7702357501135673,-1.54822744461362
13.599999999999968,3,222.66727423840103,200.78517325394475,17.30525296775455,18.902406194247884,23.772341603881074,24.05674583521088,-0.2844042313298054,-1.751492867456328,-1.543396409629965
13.699999999999967,3,224.38403870334454,202.6600180772868,17.16764464943517,18.74844823342046,23.598865449399796,23.902406194247884,-0.3035407448480889,-1.734761544812713,-1.5395796082742148
13.799999999999967,3,226.086900574217,204.5194964357488,17.0286187087245,18.59478358462027,23.426882496930205,23.74844823342046,-0.3215657364902569,-1.7198295246959603,-1.5366464880018968
13.899999999999967,3,227.7757286361881,206.36363001357066,16.88828061971088,18.44133577821847,23.256232200439285,23.59478358462027,-0.3385513841809846,-1.7065029649093901,-1.5344780640180045
13.999999999999966,3,229.45040168926573,208.19243392890036,16.746730530776325,18.28803915329693,23.086771675695076,23.44133577821847,-0.3545641025233941,-1.6946052474421442,-1.5329662492154126
14.099999999999966,3,231.11080802221866,210.00591771234002,16.604063329529282,18.134837834396585,22.918374093318306,23.28803915329693,-0.3696650599786224,-1.6839758237676463,-1.5320131890034283
14.199999999999966,3,232.75684489557608,211.8040861897173,16.46036873357414,17.981684773772763,22.75092718323606,23.134837834396585,-0.3839106511605266,-1.6744691008224457,-1.53153060623822
14.299999999999965,3,234.38841803586226,213.58694027548916,16.315731402861687,17.828540857718487,22.58433184614495,22.981684773772763,-0.39735292762781427,-1.665953370911076,-1.5314391605427682
14.399999999999965,3,236.00544114284526,215.35447768300608,16.17023106983005,17.67537407516929,22.4185008673561,22.828540857718487,-0.41003999036238525,-1.658309787888438,-1.5316678254919431
14.499999999999964,3,237.60783541124215,217.10669355765873,16.023942683968887,17.522158746526596,22.253357728236068,22.67537407516929,-0.42201634693322276,-1.6514313912004042,-1.5321532864269347
14.599999999999964,3,239.19552906802457,218.84358103870096,15.876936567824231,17.36887481042237,22.08883551036584,22.522158746526596,-0.4333232361607564,-1.6452221787023653,-1.5328393610422706
14.699999999999964,3,240.7684569262056,220.56513175529972,15.729278581810322,17.215507165987518,21.92487588750464,22.36887481042237,-0.4439989229177286,-1.6395962286120476,-1.5336764443485025
14.799999999999963,3,242.3265599557567,222.271336262107,15.581030295510969,17.062045068072866,21.761428200456976,22.215507165987518,-0.4540789655305417,-1.6344768704765489,-1.53462097914651
14.899999999999963,3,243.8697848721006,223.96218441938683,15.432249163439112,16.908481572798202,21.598448609993596,22.062045068072866,-0.4635964580792695,-1.6297959046337542,-1.5356349527466382
14.999999999999963,3,245.3980837424488,225.63766572246342,15.282988703481676,16.75481303076607,21.43589932306196,21.908481572798202,-0.4725822497362415,-1.6254928693165258,-1.5366854203213416
15.099999999999962,3,246.91152198509778,227.29777879686517,15.134382426490005,16.601130744017397,21.273856262634354,21.75481303076607,-0.4809567681317155,-1.6204306042760646,-1.5368228674867095
15.199999999999962,3,248.4102615004164,228.94253874633793,14.987395153186059,16.44759949472758,21.112482703551223,21.601130744017397,-0.48864804046617394,-1.6137355908313378,-1.5353124928981572
15.299999999999962,3,249.89454559379385,230.5719826640867,14.842840933774518,16.294439177487753,20.95200684745592,21.44759949472758,-0.4955926472716605,-1.6047585609530621,-1.5316031723982801
15.399999999999961,3,251.36468553102205,232.18617358184108,14.701399372282062,16.141909177543678,20.792702866935343,21.294439177487753,-0.5017363105524097,-1.5930398052056916,-1.5252999994407581
15.499999999999961,3,252.82104857901808,233.78520309911295,14.563630479960352,15.990295172718678,20.634874997177008,21.141909177543678,-0.50703418036667,-1.5782786975833254,-1.5161400482499954
15.59999999999996,3,254.26404739637516,235.36919290601435,14.429988173570713,15.839898069014017,20.478844297262214,20.990295172718678,-0.5114508754564646,-1.560306999147965,-1.5039710370466044
15.69999999999996,3,255.6941306490098,236.9382953869443,14.300832526346237,15.691024809299666,20.324937742995445,20.83989806901402,-0.5149603260185742,-1.53906554266778,-1.4887325971435112
15.79999999999996,3,257.11177473619773,238.49269346907468,14.176440871879475,15.54398082130374,20.173479349253427,20.691024809299666,-0.5175454600462395,-1.5145839374201913,-1.4704398799592728
15.89999999999996,3,258.5174765216067,240.03259985862348,14.05701785408968,15.399063895488027,20.024783052532,20.54398082130374,-0.5191977687717397,-1.4869629672140583,-1.4491692581571165
15.99999999999996,3,259.9117469725829,241.55825578917884,13.942704509761736,15.256559305553491,19.87914711395939,20.399063895488027,-0.5199167815286359,-1.4563593857262909,-1.4250458993453508
16.09999999999996,3,261.29510561897274,243.06992938962216,13.833586463898767,15.116736004433134,19.736849829793897,20.25655930555349,-0.5197094757595941,-1.4229728416547243,-1.3982330112035766
16.19999999999996,3,262.66807575019993,244.5679137643089,13.729701312271818,14.979843746867461,19.598146360577772,20.116736004433136,-0.5185896438553641,-1.3870346921613166,-1.3689225756567354
16.29999999999996,3,264.0311802762062,246.05252486492637,13.631045260063065,14.8461110061746,19.463266511897302,19.97984374686746,-0.516577234970157,-1.3487984868043963,-1.3373274069285956
16.399999999999963,3,265.3849381842427,247.52409922170307,13.537579080364857,14.715743567766907,19.332413319316316,19.846111006174603,-0.5136976868582863,-1.3085319258097439,-1.3036743840769383
16.499999999999964,3,266.72986152939234,248.9829915912492,13.449233451496628,14.588923695461403,19.20576230768927,19.715743567766907,-0.5099812600776374,-1.266510116270279,-1.268198723055042
16.599999999999966,3,268.0664529021541,250.42957256912982,13.365913727617633,14.465809778806076,19.08346131090488,19.588923695461403,-0.5054623845565231,-1.2230099678437707,-1.231139166553278
16.699999999999967,3,269.3952033214469,251.86422620719097,13.28750419292804,14.346536380611383,18.965630752317082,19.465809778806076,-0.5001790264889934,-1.1783055858780358,-1.1927339819469254
16.79999999999997,3,270.71659050603165,253.28734766856513,13.213871845847612,14.231214613741747,18.852364298840683,19.346536380611383,-0.4941720817706994,-1.1326645347637712,-1.1532176686963667
16.89999999999997,3,272.03107748162404,254.69934094707335,13.144869755923857,14.119932785082174,18.743729813058906,19.23121461374175,-0.48748480068284294,-1.08634485781789,-1.1128182865957337
16.99999999999997,3,273.3391114849075,256.10061667232736,13.080340032834828,14.012757252539986,18.639770537834153,19.119932785082174,-0.48016224724802115,-1.039592752247346,-1.0717553254218875
17.099999999999973,3,274.6411231292776,257.4915900171327,13.02011644370099,13.90973344805338,18.540506456950254,19.012757252539984,-0.47225079558972993,-0.9926408088389955,-1.0302380448660613
17.199999999999974,3,275.9375258004768,258.87267871972597,12.964026711991627,13.810887025932976,18.44593578334411,18.90973344805338,-0.46379766470926853,-0.9457067360617533,-0.9884642212040369
17.299999999999976,3,277.22871525333585,260.2443012298789,12.911894528590697,13.716225101529439,18.35603653360988,18.810887025932978,-0.4548504923230965,-0.8989924973422792,-0.9466192440353716
17.399999999999977,3,278.51506938364207,261.60687498490523,12.863541303062197,13.625737550263747,18.270768153763186,18.71622510152944,-0.4454569477662531,-0.8526837984672415,-0.9048755126569198
17.49999999999998,3,279.7969481517234,262.9608148190588,12.818787680813557,13.539398341535454,18.190073166818195,18.625737550263747,-0.4356643834455518,-0.8069498694501895,-0.8633920872829276
17.59999999999998,3,281.074693636692,264.306531507658,12.777454849686036,13.45716688599239,18.113878817633235,18.539398341535453,-0.42551952390221714,-0.7619434918494186,-0.8223145554306435
17.69999999999998,3,282.34863020244126,265.6444304454732,12.739365657492435,13.378989378151935,18.04209869478325,18.45716688599239,-0.41506819120914074,-0.7178012284999546,-0.7817750784045341
17.799999999999983,3,283.6190647584577,266.9749104574186,12.70434556016416,13.304800119454542,17.974634312984506,18.378989378151935,-0.4043550651674295,-0.674643817987775,-0.7418925869739347
17.899999999999984,3,284.8862871003029,268.2983627383732,12.67222341845223,13.234522809545846,17.911376642884306,18.30480011945454,-0.39342347657023424,-0.6325767010023124,-0.7027730990869671
17.999999999999986,3,286.15057031625696,269.61516991796947,12.642832159540534,13.168071795962316,17.852207577883746,18.234522809545844,-0.3823152316620977,-0.5916906500053116,-0.6645101358352982
18.099999999999987,3,287.41217124810356,270.92570524541657,12.616009318465997,13.105353274471199,17.797001330134094,18.168071795962316,-0.3710704658282218,-0.5520624774963192,-0.6271852149111663
18.19999999999999,3,288.6713309953926,272.2303318888286,12.591597472890845,13.046266434120014,17.745625749976057,18.1053532744712,-0.3597275244951419,-0.5137558015803538,-0.5908684035118541
18.29999999999999,3,289.9282754537455,273.5294023430898,12.569444583529119,12.990704542612589,17.697943564916955,18.046266434120014,-0.3483228692030593,-0.47682185059089477,-0.5556189150742454
18.39999999999999,3,291.1832158788841,274.8232579399872,12.549404251385559,12.93855596897351,17.653813535794256,17.99070454261259,-0.33689100681833395,-0.4413002912270301,-0.521485736390791
18.499999999999993,3,292.43634946907537,276.11222845414864,12.531335901913062,12.889705141614408,17.613091529088194,17.93855596897351,-0.3254644398853159,-0.40722006706044844,-0.48850827359101673
18.599999999999994,3,293.6878599595982,277.39663179823816,12.515104905228586,12.8440334408953,17.575631505449564,17.889705141614407,-0.3140736361648422,-0.37460023638582207,-0.45671700719107877
18.699999999999996,3,294.9379182236622,278.6767738008483,12.500582640640419,12.801420026101347,17.54128642542406,17.844033440895302,-0.3027470154712404,-0.3434508002548817,-0.4261341479395256
18.799999999999997,3,296.1866828749549,279.9529480605931,12.487646512926672,12.761742597447634,17.509909074106588,17.801420026101347,-0.2915109519947592,-0.3137735131746755,-0.39677428653712
18.9,3,297.4343008676609,281.22543587002286,12.476179927059926,12.724878094297628,17.48135280706782,17.761742597447636,-0.2803897903798145,-0.28556267038770855,-0.3686450315000741
19.0,3,298.68090809040007,282.49450620314775,12.466072227391445,12.690703331249113,17.455472220377203,17.72487809429763,-0.2694058739204266,-0.258805866906183,-0.3417476304851597
19.1,3,299.9266299510686,283.7604157605595,12.45721860668542,12.659095574117604,17.432123747920855,17.69070333124911,-0.25857958332825604,-0.2334847245636933,-0.31607757131508263
19.200000000000003,3,301.17158195005106,285.0234090663738,12.44951998982486,12.629933058142882,17.411166189491553,17.659095574117604,-0.24792938462605107,-0.20957558429274314,-0.29162515974722003
19.300000000000004,3,302.41587023970027,286.2837186114708,12.442882896492028,12.603095450969994,17.392461173326467,17.629933058142882,-0.237471884816415,-0.18705016165085375,-0.26837607172889055
19.400000000000006,3,303.65959216836563,287.5415650377829,12.437219286653697,12.578464263120932,17.375873556894817,17.603095450969995,-0.22722189407517845,-0.16587616431629648,-0.2463118784906264
19.500000000000007,3,304.9028368075908,288.7971573586615,12.432446392251643,12.555923208785737,17.3612717698079,17.57846426312093,-0.21719249331303203,-0.1460178708692883,-0.22541054335194666
19.60000000000001,3,306.1456854614016,290.0506932106444,12.42848653810798,12.535358519829238,17.348528102740147,17.555923208785735,-0.2073951060455883,-0.12743667067775633,-0.2056468895649992
19.70000000000001,3,307.3882121568717,291.3023591322383,12.425266954700533,12.516659215938844,17.337518946227306,17.535358519829238,-0.19783957360193227,-0.11009156512870533,-0.1869930389039304
19.80000000000001,3,308.6304841153859,292.55233086562185,12.422719585142094,12.499717333835545,17.32812498314763,17.516659215938844,-0.18853423279121273,-0.0939396307967506,-0.16941882103300687
19.900000000000013,3,309.8725622042266,293.8007736774658,12.420780888406767,12.484428118439702,17.320231338604742,17.499717333835545,-0.17948599523080233,-0.07893644542877709,-0.15289215395842284
20.000000000000014,3,311.114501368285,295.04784269534883,12.4193916405839,12.470690178830212,17.313727690819178,17.484428118439702,-0.17070042762052395,-0.06503647785580213,-0.13737939609490368
20.100000000000016,3,312.35635104185536,296.29368325652524,12.418496735703325,12.458405611763878,17.308508346506528,17.47069017883021,-0.16218183232368233,-0.05219344312688712,-0.12284567066335086
20.200000000000017,3,313.59815554060157,297.53843126606876,12.418044987462226,12.447480095435369,17.304472284076326,17.45840561176388,-0.15393332768755386,-0.04036062430165188,-0.10925516328509843
20.30000000000002,3,314.8399544339008,298.7822135616747,12.417988932992355,12.437822956059762,17.301523167832045,17.447480095435367,-0.14595692760332213,-0.029491162443013863,-0.09657139375607215
20.40000000000002,3,316.08178289786423,300.0251482826499,12.418284639634315,12.429347209752214,17.299569336189506,17.43782295605976,-0.1382536198702553,-0.019538316425446567,-0.0847574630754849
20.50000000000002,3,317.3236720494174,301.26734524085646,12.418891515531788,12.421969582065342,17.29852376676746,17.429347209752216,-0.1308234429847559,-0.010455694220425471,-0.07377627686871832
20.600000000000023,3,318.5656492618895,302.5089062915991,12.419772124721126,12.41561050742619,17.29830402103306,17.421969582065344,-0.12366556103228277,-0.0021974573442165024,-0.06359074639151459
20.700000000000024,3,319.80773846261644,303.7499257026584,12.420892007269334,12.410194110593201,17.298832171017352,17.41561050742619,-0.11677833640883861,0.005281499843142967,-0.05416396832990493
20.800000000000026,3,321.04996041310693,304.9904905198715,12.422219504904717,12.405648172130888,17.30003471044853,17.410194110593203,-0.11015940014467418,0.01202539431151628,-0.045459384623124065
20.900000000000027,3,322.2923329723557,306.2306809278492,12.423725592488086,12.40190407977713,17.30184245248421,17.40564817213089,-0.1038057196466795,0.018077420357197838,-0.03744092353758148
21.00000000000003,3,323.53487134391446,307.47057060459485,12.425383715587442,12.39889676745636,17.30419041606524,17.401904079777132,-0.09771366371189316,0.023479635810311095,-0.030073123207697703
21.10000000000003,3,324.7775883073489,308.71022706895207,12.427169634344152,12.396564643572267,17.307017702754024,17.39889676745636,-0.09187906470233642,0.02827286688779118,-0.023321238840935263
21.20000000000003,3,326.0204944347242,309.94971201996174,12.429061273753115,12.394849510096728,17.31026736577212,17.39656464357227,-0.08629727780014917,0.03249663018084803,-0.017151334755396163
21.300000000000033,3,327.2635982927664,311.1890816673476,12.431038580422182,12.393696473858162,17.313886272804666,17.394849510096726,-0.08096323729206034,0.036189070325454153,-0.011530362385666848
21.400000000000034,3,328.50690663134907,312.4283870524799,12.433083385826464,12.393053851322792,17.31782496400149,17.393696473858164,-0.07587150985667535,0.03938691196830213,-0.006426225353695969
21.500000000000036,3,329.7504245589521,313.66767435928557,12.435179276030315,12.392873068056865,17.322037506472213,17.39305385132279,-0.07101634485057673,0.042125424707522896,-0.0018078326592700436
21.600000000000037,3,330.9941557057334,314.90698521468124,12.437311467813064,12.39310855395691,17.32648134644785,17.392873068056865,-0.06639172160901552,0.04443839975619923,0.0023548590004516257
21.70000000000004,3,332.2381023748438,316.1463569782051,12.439466691103346,12.393717635238907,17.331117160162535,17.39310855395691,-0.06199139379437568,0.04635813714643611,0.0060908128199610445
21.80000000000004,3,333.48226568260384,317.3858230206137,12.44163307760058,12.394660424085831,17.33590870439872,17.393717635238907,-0.057808930840188566,0.047915442361672334,0.009427888469243584
21.90000000000004,3,334.72664568814787,318.6254129912904,12.443800055440239,12.3958997067666,17.340822667534155,17.39466042408583,-0.05383775655167611,0.04913963135440724,0.012392826807687746
22.000000000000043,3,335.97124151312204,319.86515307438617,12.445958249741558,12.397400830957851,17.345828521831663,17.3958997067666,-0.050071184934935786,0.050058542974957376,0.01501124191249801
22.100000000000044,3,337.21605145200823,321.1050662336785,12.448099388861893,12.399131592923386,17.35089837762206,17.39740083095785,-0.046502453335790506,0.05069855790404176,0.017307619655338162
22.200000000000045,3,338.4610730736253,322.3451724461919,12.450216216170462,12.401062125134324,17.356006839946815,17.399131592923386,-0.04312475297657059,0.05108462324707652,0.019305322109375925
22.300000000000047,3,339.70630331433983,323.5854889246765,12.45230240714558,12.403164784845906,17.36113086814794,17.401062125134324,-0.03993125698638522,0.051240282011256966,0.021026597115812964
22.40000000000005,3,340.95173856349913,324.826030329085,12.454352491593253,12.40541404408453,17.366249638822637,17.403164784845906,-0.03691514602326862,0.051187706747347406,0.02249259238624362
22.50000000000005,3,342.1973747415772,326.066808967229,12.456361780780785,12.407786381440616,17.37134441249225,17.40541404408453,-0.03406963159228127,0.050947736696254964,0.02372337356086334
22.60000000000005,3,343.4432073715049,327.3078349848299,12.458326299276827,12.410260176009277,17.376398404275903,17.407786381440616,-0.03138797716471231,0.050539917836211146,0.024737945686612764
22.700000000000053,3,344.6892316436338,328.5491165452071,12.460242721288523,12.412815603771346,17.38139665880385,17.410260176009277,-0.028863517205426348,0.04998254527924573,0.025554277620683408
22.800000000000054,3,345.9354424747625,329.79065999887325,12.46210831128717,12.415434536661817,17.386325929555426,17.412815603771346,-0.02648967421592019,0.04929270751582315,0.026189328904698432
22.900000000000055,3,347.18183456163405,331.0324700433264,12.463920868715588,12.418100444531067,17.391174562760796,17.415434536661817,-0.02425997390102097,0.04848633205377162,0.02665907869250681
23.000000000000057,3,348.4284024292914,332.274549873343,12.46567867657342,12.420798300166153,17.39593238596501,17.418100444531067,-0.02216805856605575,0.04757823204235301,0.026978556350854534
23.10000000000006,3,349.67514047465943,333.5169013220935,12.467380453680157,12.423514487504786,17.400590601316424,17.420798300166155,-0.02020769884973106,0.04658215351400408,0.027161873386337736
23.20000000000006,3,350.9220430057015,334.7595249934078,12.46902531042035,12.426236713143192,17.405141683608008,17.423514487504786,-0.018372803896777867,0.04551082291556341,0.027222256384061796
23.30000000000006,3,352.1691042764795,336.00242038552886,12.470612707780342,12.42895392121059,17.409579283071707,17.42623671314319,-0.016657430071482793,0.04437599463715003,0.02717208067397863
23.400000000000063,3,353.4163185184287,337.2455860066946,12.472142419491508,12.431656211657526,17.413898132899817,17.428953921210592,-0.015055788310775142,0.04318849828091764,0.02702290446934654
23.500000000000064,3,354.66367996813875,338.48901948289284,12.473614497100813,12.434334761982319,17.41809396144413,17.431656211657526,-0.013562250213396965,0.041958285443287835,0.02678550324793179
23.600000000000065,3,355.9111828919183,339.7327176581328,12.475029237795784,12.436981752399554,17.422163409025472,17.43433476198232,-0.012171352956848125,0.0406944758134653,0.02646990417234818
23.700000000000067,3,357.15882160740006,340.97667668757646,12.476387154817335,12.43959029443636,17.426103949267258,17.436981752399554,-0.010877803132295583,0.03940540241778123,0.0260854203680772
23.800000000000068,3,358.4065905024301,342.2208921238691,12.477688950300479,12.442154362926354,17.42991381485365,17.43959029443636,-0.009676479582712005,0.038098655864118314,0.02564068489993865
23.90000000000007,3,359.65448405146907,343.4653589970048,12.478935490389595,12.444668731357096,17.43359192759999,17.442154362926352,-0.00856243532636114,0.03678112746324125,0.02514368430741243
24.00000000000007,3,360.9024968297172,344.7100718880563,12.480127782481576,12.447128910514822,17.437137832712438,17.444668731357098,-0.007530898644660056,0.03545905112448011,0.024601791577254062
24.100000000000072,3,362.1506235251629,345.95502499709227,12.481266954456878,12.449531090359777,17.440551637106637,17.44712891051482,-0.0065772734081832596,0.034138043942055774,0.02402179844955299
24.200000000000074,3,363.3988589487394,347.20021220559795,12.48235423576507,12.45187208505657,17.44383395164715,17.449531090359777,-0.005697138712626781,0.03282314540529363,0.023409946967921515
24.300000000000075,3,364.64719804276325,348.4456271337056,12.483390940238056,12.454149281076525,17.4469858371653,17.45187208505657,-0.004886247891271012,0.03151885518148667,0.022771960199553833
24.400000000000077,3,365.8956358878143,349.6912631925339,12.484378450510471,12.456360588282848,17.450008754108694,17.454149281076525,-0.004140526967830738,0.030229169433946268,0.022113072063241646
24.500000000000078,3,367.14416770820765,350.9371136319243,12.485318203933145,12.458504393904418,17.452904515673765,17.45636058828285,-0.003456072609083094,0.028957615650297086,0.021438056215696125
24.60000000000008,3,368.3927888761948,352.18317158385435,12.486211679871563,12.460579519300092,17.45567524427048,17.45850439390442,-0.0028291496339392097,0.027707285967144557,0.02075125395674604
24.70000000000008,3,369.64149491502354,353.4294301017956,12.487060388287237,12.46258517941252,17.458323331169197,17.46057951930009,-0.002256188130893122,0.026480868987144746,0.020056601124269238
24.800000000000082,3,370.8902815009741,354.67588219627646,12.487865859505684,12.46452094480827,17.460851399178466,17.46258517941252,-0.0017337802340549047,0.02528068009316442,0.019357653957504085
24.900000000000084,3,372.1391444644821,355.92252086689643,12.488629635080246,12.466386706199897,17.463262268205654,17.46452094480827,-0.00125867660261747,0.024108690271976485,0.018657613916272454
25.000000000000085,3,373.3880797904487,357.16933913103094,12.489353259666393,12.468182641344836,17.465558923552294,17.4663867061999,-0.0008277826476046357,0.02296655346649601,0.01795935144939449
25.100000000000087,3,374.63708361783137,358.41633004945254,12.490038273826318,12.469909184216133,17.467744486800427,17.468182641344836,-0.00043815454440832013,0.0218556324814827,0.017265428712982003
25.200000000000088,3,375.88615223860023,359.6634867490866,12.490686207688556,12.471566996340504,17.469822189147692,17.469909184216135,-8.699506844322968e-05,0.02077702347242294,0.01657812124371674
25.30000000000009,3,377.13528209613946,360.9108024431066,12.491298575392147,12.473156940200255,17.471795347052876,17.471566996340506,0.00022835071236926296,0.019731579051642356,0.015899438597498518
25.40000000000009,3,378.3844697831644,362.1582704485663,12.491876870249385,12.47468005459706,17.473667340057773,17.473156940200255,0.0005103998575179958,0.018719930049130085,0.015231143968063066
25.500000000000092,3,379.63371203922094,363.4058842017541,12.492422560565519,12.476137531877415,17.47544159065461,17.47468005459706,0.000761536057552803,0.01774250596845839,0.014574772803543114
25.600000000000094,3,380.8830057478267,364.65363727144626,12.49293708605787,12.477530696921612,17.477121546072624,17.476137531877413,0.0009840141952111026,0.01679955418045509,0.013931650441969624
25.700000000000095,3,382.1323479333088,365.9015233702263,12.493421854820815,12.478860987800594,17.47871066186252,17.47753069692161,0.0011799649409098834,0.015891157899202923,0.013302908789817281
25.800000000000097,3,383.38173575738745,367.149536364027,12.493878240786717,12.480129938007511,17.480212387161146,17.478860987800594,0.0013513993605513974,0.015017252986122998,0.012689502069174097
25.900000000000098,3,384.6311665155511,368.3976702800444,12.494307581636459,12.481339160173656,17.481630151524087,17.48012993800751,0.001500213516575144,0.014177643628947578,0.012092221661445635
26.0000000000001,3,385.8806376332628,369.64591931316255,12.494711177116553,12.482490331181324,17.482967353218385,17.481339160173654,0.001628193044730608,0.013372016942897247,0.011511710076683102
26.1000000000001,3,387.1301466620351,370.8942778310215,12.495090287722931,12.483585178589214,17.484227348872537,17.482490331181324,0.0017370176912123725,0.012599956541606616,0.01094847407889148
26.200000000000102,3,388.3796912754065,372.1427403778504,12.495446133714513,12.484625468289028,17.485413444385017,17.483585178589216,0.0018282657958010873,0.01186095512529839,0.010402896998139255
26.300000000000104,3,389.62926926484874,373.3913016771819,12.495779894422435,12.485612993315168,17.48652888699837,17.48462546828903,0.0019034187093431854,0.011154426133407114,0.009875250261397284
26.400000000000105,3,390.8788785356311,374.63995663355513,12.496092707823435,12.486549563732531,17.487576858449188,17.48561299331517,0.0019638651340194713,0.010479714508266014,0.009365704173622548
26.500000000000107,3,392.1285171026659,375.8887003333082,12.496385670348372,12.487436997530711,17.48856046911078,17.48654956373253,0.002010905378249106,0.009836106615841445,0.008874337981797709
26.600000000000108,3,393.3781830863558,377.1375280445538,12.49665983689922,12.488277112456037,17.48948275304764,17.48743699753071,0.002045755516927983,0.009222839368508318,0.008401149253270646
26.70000000000011,3,394.6278747084608,378.3864352164254,12.496916221049942,12.4890717187161,17.49034666390702,17.48827711245604,0.0020695514509796453,0.008639108593904155,0.007946062600613146
26.80000000000011,3,395.87759028800167,379.6354174776749,12.497155795408798,12.489822612494523,17.49115507157626,17.489071718716097,0.0020833528601613693,0.008084076692698616,0.007508937784239578
26.900000000000112,3,397.1273282372138,380.8844706346966,12.497379492121459,12.490531570216898,17.49191075953894,17.48982261249452,0.002088147044418065,0.007556879626935853,0.007089577223757715
27.000000000000114,3,398.3770870575634,382.13359066904775,12.49758820349611,12.491200343511732,17.49261642286683,17.4905315702169,0.0020848526499328557,0.0070566332792108,0.0066877329483350685
27.100000000000115,3,399.6268653358367,383.3827737345291,12.497782782733381,12.491830654813326,17.493274666788977,17.491200343511732,0.002074323277245327,0.006582439221649139,0.006303113015941975
27.200000000000117,3,400.87666174031125,384.63201615388476,12.497964044745455,12.492424193556337,17.49388800578214,17.491830654813327,0.0020573509688119884,0.006133389932129418,0.005935387430109529
27.300000000000118,3,402.1264750170163,385.88131441517623,12.498132767050139,12.4929826129146,17.494458863131513,17.49242419355634,0.002034669575174064,0.005708573493802049,0.005584193582628671
27.40000000000012,3,403.376303986089,387.1306651678802,12.498289690727054,12.493507527039505,17.494989570912765,17.492982612914602,0.0020069579981623065,0.005307077812453542,0.005249141249043987
27.50000000000012,3,404.6261475382314,388.38006521875576,12.498435521424282,12.494000508755873,17.495482370351226,17.493507527039505,0.001974843311721486,0.004927994384777534,0.004929817163682771
27.600000000000122,3,405.8760046312719,389.62951152752333,12.498570930404966,12.494463087675813,17.495939412516123,17.494000508755875,0.0019389037602479675,0.004570421649093603,0.004625789199398867
27.700000000000124,3,407.12587428683435,390.87900120239266,12.498696555624406,12.49489674869346,17.496362759311012,17.49446308767581,0.0018996716352006615,0.004233467948592917,0.004336610176474664
27.800000000000125,3,408.3757555871173,392.1285314954753,12.498813002829213,12.49530293082588,17.496754384724625,17.49489674869346,0.0018576360311648443,0.003916254135752695,0.004061821324184579
27.900000000000126,3,409.62564767178435,393.37809979811203,12.498920846670911,12.495683026367642,17.497116176309078,17.49530293082588,0.0018132454831985,0.003617915845032016,0.003800955417624863
28.000000000000128,3,410.8755497349671,394.62770363614493,12.499020631827278,12.496038380328782,17.49744993685505,17.495683026367644,0.001766910487404516,0.0033376054596363502,0.0035535396114113383
28.10000000000013,3,412.1254610223796,395.8773406651577,12.499112874125391,12.496370290127807,17.497757386234696,17.496038380328784,0.0017190059059117857,0.003074493796608735,0.0033190979902428808
28.20000000000013,3,413.37538082854576,397.12700866570907,12.499198061661156,12.496680005513488,17.498040163388055,17.496370290127807,0.0016698732602478117,0.0028277715333491216,0.003097153856803203
28.300000000000132,3,414.62530849413685,398.37670553857816,12.499276655910629,12.496968728690973,17.498299828427776,17.49668000551349,0.0016198229142858622,0.002596650397141076,0.002887231774855792
28.400000000000134,3,415.87524340341974,399.62642930004114,12.4993490928291,12.497237614629555,17.49853786484158,17.496968728690973,0.0015691361506071644,0.0023803641381263674,0.0026888593858046764
28.500000000000135,3,417.12518498181316,400.87617807719425,12.499415783934412,12.497487771531066,17.498755681772025,17.497237614629555,0.0015180671424701586,0.002178169304857036,0.002501569015120708
28.600000000000136,3,418.3751326935503,402.1259501033382,12.499477117371478,12.497720261439548,17.49895461635606,17.497487771531066,0.001466844824992819,0.0019893458404123265,0.002324899084826271
28.700000000000138,3,419.6250860394459,403.3757437134356,12.499533458955426,12.497936100974226,17.499135936107677,17.497720261439547,0.0014156746681308618,0.001813197515877718,0.0021583953467676055
28.80000000000014,3,420.875044554765,404.6255573396526,12.499585153191168,12.49813626216934,17.499300841329386,17.497936100974226,0.001364740355160876,0.0016490522169423372,0.002001611951134308
28.90000000000014,3,422.12500780719176,405.87538950699314,12.499632524267607,12.498321673405693,17.49945046753919,17.49813626216934,0.0013142053698516065,0.0014962620982679198,0.0018541123635401392
29.000000000000142,3,423.37497539489425,407.12523882903514,12.499675877024975,12.498493220420006,17.499585887901105,17.49832167340569,0.001264214495414251,0.0013542036192824014,0.0017154701431330466
29.100000000000144,3,424.62494694468364,408.37510400377306,12.499715497894119,12.498651747379359,17.499708115648502,17.498493220420006,0.0012148952284967152,0.001222277474113298,0.001585269593538996
29.200000000000145,3,425.8749221102643,409.62498380957396,12.499751655806831,12.498798058009152,17.49981810649126,17.49865174737936,0.0011663591119024375,0.001099908427471874,0.001463106297928718
29.300000000000146,3,427.124900570572,410.8748771012504,12.499784603076534,12.498932916763986,17.49991676099802,17.49879805800915,0.0011187029888688471,0.0009865450673824938,0.0013485875483404187
29.400000000000148,3,428.37488202819685,412.12478280625356,12.499814576248873,12.499057050031901,17.500004926946474,17.498932916763984,0.0010720101824901462,0.0008816594848877202,0.0012413326791552493
29.50000000000015,3,429.62486620788906,413.3746999209899,12.499841796921942,12.499171147363283,17.500083401635493,17.4990570500319,0.0010263516035919906,0.0007847468900408217,0.0011409733138286527
29.60000000000015,3,430.87485285514265,414.62462750726155,12.49986647253603,12.499275862716576,17.500152934152766,17.499171147363285,0.0009817867894810206,0.0006953251727477294,0.001047153532938694
29.700000000000152,3,432.1248417348559,415.87456468883295,12.49988879713299,12.49937181571378,17.50021422759437,17.499275862716576,0.0009383648777934184,0.0006129344164129691,0.0009595299720270845
29.800000000000153,3,433.3748326300645,417.1245106481229,12.499908952085343,12.499459592899392,17.500267941231527,17.49937181571378,0.000896125517748203,0.000537136371564273,0.0008777718561255199
29.900000000000155,3,434.624825340744,418.3744646230226,12.49992710679549,12.499539748997165,17.50031469262109,17.49945959289939,0.0008550997216971723,0.000467513896097671,0.0008015609777267229
